Date,Open,High,Low,Close,Volume,Dividends,Stock Splits
2000-01-03 00:00:00-05:00,20.79959769805523,20.864698160333965,20.278793999825368,20.6368465423584,4520600,0.0,0.0
2000-01-04 00:00:00-05:00,20.474087741255953,20.604288617193987,19.985834456488323,20.213685989379883,4216500,0.0,0.0
2000-01-05 00:00:00-05:00,20.213699331752096,21.027455343497348,20.213699331752096,20.539201736450195,5231600,0.0,0.0
2000-01-06 00:00:00-05:00,20.37644919858485,20.50665015193044,20.148597530230067,20.246248245239258,4809400,0.0,0.0
2000-01-07 00:00:00-05:00,20.311344637018763,20.83214834566027,20.246244173438573,20.767047882080078,5124700,0.0,0.0
2000-01-10 00:00:00-05:00,20.832146274132217,21.352949930985524,20.70194535991889,20.864696502685547,4113900,0.0,0.0
2000-01-11 00:00:00-05:00,20.897247826180806,21.613352891875476,20.897247826180806,21.352951049804688,5440200,0.0,0.0
2000-01-12 00:00:00-05:00,21.320407279053626,22.427115443157174,21.157656078450163,22.26436424255371,8090000,0.0,0.0
2000-01-13 00:00:00-05:00,22.23180419268249,22.720057579051794,21.808651257829087,22.036502838134766,5700200,0.0,0.0
2000-01-14 00:00:00-05:00,22.29690648279305,22.29690648279305,21.808653056162548,22.191118240356445,3365400,0.0,0.0
2000-01-18 00:00:00-05:00,22.069062813218817,22.1341632934938,21.45060825060649,21.613359451293945,3401100,0.0,0.0
2000-01-19 00:00:00-05:00,21.352956046045353,22.199262230797153,21.352956046045353,22.069061279296875,3344700,0.0,0.0
2000-01-20 00:00:00-05:00,22.16670417785644,22.16670417785644,21.3529485178764,22.166704177856445,3309700,0.0,0.0
2000-01-21 00:00:00-05:00,21.678453941867776,21.80865486644356,21.05999955013281,21.385501861572266,3722600,0.0,0.0
2000-01-24 00:00:00-05:00,21.483147355574598,21.580798025372665,20.571741104125977,20.571741104125977,3593500,0.0,0.0
2000-01-25 00:00:00-05:00,20.701948743787252,20.962350614778288,20.40899663892234,20.734498977661133,3304500,0.0,0.0
2000-01-26 00:00:00-05:00,20.63684258094201,20.63684258094201,18.065374814547027,18.618728637695312,16703200,0.0,0.0
2000-01-27 00:00:00-05:00,18.748931783378325,19.757988875886532,18.683831325797147,19.595237731933594,12082200,0.0,0.0
2000-01-28 00:00:00-05:00,19.334835363894094,19.49758650332081,18.94423262926997,19.13953399658203,4444200,0.0,0.0
2000-01-31 00:00:00-05:00,19.39993973798975,19.790542551506324,19.334839269070322,19.46504020690918,4838300,0.0,0.0
2000-02-01 00:00:00-05:00,19.49759115863579,19.5626916299501,19.009337623778464,19.074438095092773,4679500,0.0,0.0
2000-02-02 00:00:00-05:00,19.074433299857127,19.139533754805445,18.42342875037395,18.488529205322266,5769100,0.0,0.0
2000-02-03 00:00:00-05:00,18.52108049733298,18.846582790783472,17.935176369122097,18.22812843322754,9225700,0.0,0.0
2000-02-04 00:00:00-05:00,18.68383283377542,18.68383283377542,18.032828205420877,18.293230056762695,7752200,0.0,0.0
2000-02-07 00:00:00-05:00,18.358321065339716,18.553622353268864,17.707316772242564,18.19556999206543,9992900,0.0,0.0
2000-02-08 00:00:00-05:00,18.74893666462726,19.595242833516686,18.48853476650744,18.91168785095215,12144800,0.0,0.0
2000-02-09 00:00:00-05:00,19.106981260851285,19.106981260851285,18.42342656497756,18.683828353881836,5915400,0.0,0.0
2000-02-10 00:00:00-05:00,18.488529205322266,18.879131935012175,18.293227840477314,18.488529205322266,5353400,0.0,0.0
2000-02-11 00:00:00-05:00,18.260670421375146,18.45597170930429,18.130469562755714,18.19556999206543,3920500,0.0,0.0
2000-02-14 00:00:00-05:00,18.39087660462214,18.39087660462214,17.349269434094868,17.642221450805664,4426400,0.0,0.0
2000-02-15 00:00:00-05:00,17.577131271362305,17.772432729932998,17.414380055886728,17.577131271362305,4669200,0.0,0.0
2000-02-16 00:00:00-05:00,17.577123963431028,17.93517648861203,17.316722126935755,17.38182258605957,3804900,0.0,0.0
2000-02-17 00:00:00-05:00,17.47948054207696,17.73988248683788,17.38182981279161,17.577131271362305,4272000,0.0,0.0
2000-02-18 00:00:00-05:00,17.479474705916186,17.544575170370248,16.828470061375544,16.92612075805664,5494900,0.0,0.0
2000-02-22 00:00:00-05:00,16.795918093889778,17.28417152685169,16.76336786502565,16.828468322753906,4479500,0.0,0.0
2000-02-23 00:00:00-05:00,16.893567885475594,17.381821292570265,16.86101765833595,16.99121856689453,4927400,0.0,0.0
2000-02-24 00:00:00-05:00,16.730820401256302,16.86102133823106,16.144916184869892,16.34021759033203,6154300,0.0,0.0
2000-02-25 00:00:00-05:00,16.40531647589899,16.56806763141386,16.014713702663297,16.144914627075195,4551200,0.0,0.0
2000-02-28 00:00:00-05:00,16.275122462506275,16.502974176981365,15.949620013256151,16.21002197265625,3880600,0.0,0.0
2000-02-29 00:00:00-05:00,16.535518646240234,16.893571215351738,16.437867945573462,16.535518646240234,4883900,0.0,0.0
2000-03-01 00:00:00-05:00,16.60062023162842,16.633170467376708,16.210017402648926,16.275117874145508,4969800,0.0,0.0
2000-03-02 00:00:00-05:00,16.210017764133962,16.372768946504788,16.014716345288978,16.079816818237305,4884600,0.0,0.0
2000-03-03 00:00:00-05:00,16.14491351660723,16.828468322753906,15.917061914558337,16.828468322753906,5193900,0.0,0.0
2000-03-06 00:00:00-05:00,16.92611769874497,16.92611769874497,16.210012719182686,16.437864303588867,4175100,0.0,0.0
2000-03-07 00:00:00-05:00,16.405312494254012,16.4378627174569,15.52645646777612,15.559006690979004,6183300,0.0,0.0
2000-03-08 00:00:00-05:00,15.819415673976993,16.27511900614917,15.624114245903202,16.01471710205078,4015900,0.0,0.0
2000-03-09 00:00:00-05:00,15.949614830315113,16.665719985961914,15.624112486839294,16.665719985961914,4779200,0.0,0.0
2000-03-10 00:00:00-05:00,16.37276747846228,16.861020981796145,16.144915843573145,16.535518646240234,4819200,0.0,0.0
2000-03-13 00:00:00-05:00,16.665716446893065,16.89356803894043,16.307663945104345,16.89356803894043,5659700,0.0,0.0
2000-03-14 00:00:00-05:00,16.893569059059267,16.926119288460153,15.65666034182564,15.884511947631836,5235700,0.0,0.0
2000-03-15 00:00:00-05:00,15.982164023472713,17.121422151418834,15.851963094564585,16.92612075805664,7044600,0.0,0.0
2000-03-16 00:00:00-05:00,17.3818269922099,17.902630797219935,17.056324614078626,17.739879608154297,8241900,0.0,0.0
2000-03-17 00:00:00-05:00,18.22812882456894,18.32577951470056,17.577124223691477,17.60967445373535,5463000,0.0,0.0
2000-03-20 00:00:00-05:00,17.837534871713594,18.16303733287625,17.772434379481062,18.000286102294922,2736000,0.0,0.0
2000-03-21 00:00:00-05:00,18.097927932198168,18.488530693324748,17.967727011822642,18.35832977294922,4239900,0.0,0.0
2000-03-22 00:00:00-05:00,18.35832977294922,18.618731613700273,18.228128852573693,18.35832977294922,3754000,0.0,0.0
2000-03-23 00:00:00-05:00,17.70732645200794,18.716383657912804,17.674776219559394,18.325780868530273,4034900,0.0,0.0
2000-03-24 00:00:00-05:00,18.29323482684644,18.71638794561691,18.065383147508495,18.130483627319336,3188100,0.0,0.0
2000-03-27 00:00:00-05:00,17.80497503623688,18.325778693603954,17.77242480765144,18.09792709350586,2189900,0.0,0.0
2000-03-28 00:00:00-05:00,17.707325891243602,18.4234309824336,17.707325891243602,18.293230056762695,2963500,0.0,0.0
2000-03-29 00:00:00-05:00,18.16302590621145,19.302283803554463,18.130475680573078,19.172082901000977,5292800,0.0,0.0
2000-03-30 00:00:00-05:00,19.17208475765596,19.920740019839467,19.17208475765596,19.595237731933594,4939100,0.0,0.0
2000-03-31 00:00:00-05:00,19.725442082586895,19.757992317046607,19.172088096771752,19.46504020690918,3738300,0.0,0.0
2000-04-03 00:00:00-04:00,19.692887067794796,20.116040013053198,19.562686161561444,20.050939559936523,4459400,0.0,0.0
2000-04-04 00:00:00-04:00,20.148600108818805,20.47410253384011,19.627796228784714,20.067224502563477,5145500,0.0,0.0
2000-04-05 00:00:00-04:00,19.79054020366947,20.116042509650875,19.39993743649178,20.083492279052734,4143600,0.0,0.0
2000-04-06 00:00:00-04:00,19.660330295562744,19.823081374168396,19.20462727546692,19.26972770690918,4124100,0.0,0.0
2000-04-07 00:00:00-04:00,18.944225549697876,19.43247878551483,18.814024686813354,19.26972770690918,3155400,0.0,0.0
2000-04-10 00:00:00-04:00,19.204642502302974,19.237192743832303,18.68383863783374,18.94424057006836,3234600,0.0,0.0
2000-04-11 00:00:00-04:00,18.81403645630895,19.660342594482017,18.68383551197463,19.627792358398438,3354100,0.0,0.0
2000-04-12 00:00:00-04:00,19.399941409926818,19.888194968901487,18.91168785095215,18.91168785095215,4548200,0.0,0.0
2000-04-13 00:00:00-04:00,18.74893959799966,18.74893959799966,17.772432327270508,17.772432327270508,7400300,0.0,0.0
2000-04-14 00:00:00-04:00,17.47947120666504,18.13047572087975,17.18651917526842,17.47947120666504,5744700,0.0,0.0
2000-04-17 00:00:00-04:00,17.446920249811573,17.772422493278206,17.21906867938493,17.544570922851562,4728900,0.0,0.0
2000-04-18 00:00:00-04:00,17.577125402597282,17.609675634824313,16.633168668013354,16.92612075805664,5440000,0.0,0.0
2000-04-19 00:00:00-04:00,17.153973779516093,17.284174719019063,16.9261221353859,17.219074249267578,3473000,0.0,0.0
2000-04-20 00:00:00-04:00,17.70732108710324,18.74892820987402,17.577120196756894,18.651277542114258,7009700,0.0,0.0
2000-04-24 00:00:00-04:00,18.358333734365612,20.31134796142578,18.293233260130272,20.31134796142578,9601600,0.0,0.0
2000-04-25 00:00:00-04:00,20.278785831697526,20.53918757592478,19.88818321535664,20.181135177612305,3975100,0.0,0.0
2000-04-26 00:00:00-04:00,19.98584633854808,20.50665015193044,19.98584633854808,20.246248245239258,3479300,0.0,0.0
2000-04-27 00:00:00-04:00,19.855633580550286,20.376437084302427,19.82308336156578,20.213685989379883,2904600,0.0,0.0
2000-04-28 00:00:00-04:00,20.083501095450767,20.1811518301126,19.56269717725431,19.82309913635254,2936500,0.0,0.0
2000-05-01 00:00:00-04:00,19.790544908529693,20.474099913594042,19.790544908529693,20.246248245239258,3089100,0.0,0.0
2000-05-02 00:00:00-04:00,19.98583980724572,20.636844361227666,19.953289579546624,20.408992767333984,3129800,0.0,0.0
2000-05-03 00:00:00-04:00,19.920740942260128,20.148592554344802,19.302286566601722,19.43248748779297,5243800,0.0,0.0
2000-05-04 00:00:00-04:00,19.074431786170372,19.10698201106145,18.521077963022087,18.618728637695312,6515400,0.0,0.0
2000-05-05 00:00:00-04:00,18.488536640975603,18.84658928719168,18.22813471645482,18.5861873626709,4968100,0.0,0.0
2000-05-08 00:00:00-04:00,18.61872731952767,18.814028655047192,18.32577531624839,18.651277542114258,3115600,0.0,0.0
2000-05-09 00:00:00-04:00,18.879125118255615,19.36737835407257,18.846574902534485,19.26972770690918,3165700,0.0,0.0
2000-05-10 00:00:00-04:00,19.36739511088646,20.213701451866374,19.334844867002616,20.116050720214844,5995500,0.0,0.0
2000-05-11 00:00:00-04:00,20.050942378816746,20.21369353448896,19.855640992010088,19.88819122314453,3185200,0.0,0.0
2000-05-12 00:00:00-04:00,19.92074136845086,19.92074136845086,19.399937672543647,19.56268882751465,2410500,0.0,0.0
2000-05-15 00:00:00-04:00,19.497588449531218,20.08349260995119,19.465038218396774,19.88819122314453,2840100,0.0,0.0
2000-05-16 00:00:00-04:00,20.213691401139403,20.441542995033085,20.01839003494482,20.408992767333984,2753400,0.0,0.0
2000-05-17 00:00:00-04:00,20.148591677856444,20.474093966674804,19.95329030456543,20.34389305114746,2017900,0.0,0.0
2000-05-18 00:00:00-04:00,20.213701451866374,20.343902427401744,20.083500476331,20.116050720214844,1933700,0.0,0.0
2000-05-19 00:00:00-04:00,19.692897796630863,20.18115146101014,19.595247063755007,19.69289779663086,2985300,0.0,0.0
2000-05-22 00:00:00-04:00,19.7254444318569,20.37644919858485,19.6928941935205,20.246248245239258,3145000,0.0,0.0
2000-05-23 00:00:00-04:00,19.98584297594552,20.441546235983367,19.66034064734706,20.376445770263672,2757100,0.0,0.0
2000-05-24 00:00:00-04:00,20.376436485782747,20.799589320152037,19.855632997328236,20.181135177612305,5108400,0.0,0.0
2000-05-25 00:00:00-04:00,19.790540021068885,20.08349209374918,19.334836796899534,19.43248748779297,3453100,0.0,0.0
2000-05-26 00:00:00-04:00,19.399929981358003,19.7579823803428,19.367379763268477,19.66033172607422,3130700,0.0,0.0
2000-05-30 00:00:00-04:00,19.26973892603165,19.302289160704003,18.71638493660169,19.041887283325195,4210200,0.0,0.0
2000-05-31 00:00:00-04:00,18.74892820987402,19.041880213153302,18.390875761421565,18.651277542114258,3880700,0.0,0.0
2000-06-01 00:00:00-04:00,18.52107298332348,18.651273847881118,18.35832190262644,18.55362319946289,2979100,0.0,0.0
2000-06-02 00:00:00-04:00,18.81403350830078,18.91168420125044,18.32578004355249,18.81403350830078,3701800,0.0,0.0
2000-06-05 00:00:00-04:00,18.74893102511554,18.74893102511554,18.358328295425633,18.488529205322266,1957900,0.0,0.0
2000-06-06 00:00:00-04:00,18.293230056762695,18.55363190810451,18.163029131091786,18.293230056762695,3577600,0.0,0.0
2000-06-07 00:00:00-04:00,18.29322579770105,18.39087646921903,17.870072887789817,18.16302490234375,2518000,0.0,0.0
2000-06-08 00:00:00-04:00,17.967726853789475,18.618731449941265,17.967726853789475,18.45598030090332,3312300,0.0,0.0
2000-06-09 00:00:00-04:00,18.48852727685907,18.748929069490888,16.47041338396248,17.642221450805664,15301500,0.0,0.0
2000-06-12 00:00:00-04:00,17.316720838290976,17.34927106543062,16.665716295498083,16.99121856689453,8145700,0.0,0.0
2000-06-13 00:00:00-04:00,16.795916774558286,17.28417016916754,16.698266095636434,16.86101722717285,6046900,0.0,0.0
2000-06-14 00:00:00-04:00,16.6657195804626,17.186523317352055,16.470418179129055,16.535518646240234,5941800,0.0,0.0
2000-06-15 00:00:00-04:00,16.53550699434392,16.828458889913,16.47040657310634,16.73080825805664,6280100,0.0,0.0
2000-06-16 00:00:00-04:00,16.92611526824281,16.95866548991251,16.307661056518555,16.307661056518555,6858000,0.0,0.0
2000-06-19 00:00:00-04:00,16.600616772969566,16.698267459869385,16.177463796403675,16.405315399169922,4510500,0.0,0.0
2000-06-20 00:00:00-04:00,16.502966086069744,16.53551631503635,16.144913567437065,16.405315399169922,3930200,0.0,0.0
2000-06-21 00:00:00-04:00,16.275110834848856,16.53551260820644,16.17746016983976,16.307661056518555,4396800,0.0,0.0
2000-06-22 00:00:00-04:00,16.275112008005678,16.437863128085734,16.210011559973655,16.37276268005371,3928900,0.0,0.0
2000-06-23 00:00:00-04:00,16.50296515979986,17.284170611151332,16.405314478380927,16.99121856689453,7978700,0.0,0.0
2000-06-26 00:00:00-04:00,17.153973431453526,17.512026007821625,17.121423197238244,17.41437530517578,4887200,0.0,0.0
2000-06-27 00:00:00-04:00,17.31671755263728,17.446918436491696,16.99121534300124,17.023765563964844,3422100,0.0,0.0
2000-06-28 00:00:00-04:00,16.92612389935439,17.088875090694334,16.665721993210475,16.779647827148438,3179800,0.0,0.0
2000-06-29 00:00:00-04:00,16.633170467376708,16.633170467376708,16.177467166900634,16.275117874145508,5545100,0.0,0.0
2000-06-30 00:00:00-04:00,16.405320922156662,17.210939360298287,16.37277068223175,17.153976440429688,6147600,0.0,0.0
2000-07-03 00:00:00-04:00,17.284173312553992,17.38182400923509,16.795919829148513,16.92612075805664,1681200,0.0,0.0
2000-07-05 00:00:00-04:00,16.92612593675175,16.95867617893781,16.470422546146896,16.568073272705078,5067000,0.0,0.0
2000-07-06 00:00:00-04:00,16.6982662460179,16.9586680588213,16.6982662460179,16.76336669921875,4010300,0.0,0.0
2000-07-07 00:00:00-04:00,16.795919829148513,17.446924473689155,16.665718900240385,16.92612075805664,3766600,0.0,0.0
2000-07-10 00:00:00-04:00,17.381819636322728,17.414369860360786,16.763365379599637,16.795915603637695,3013900,0.0,0.0
2000-07-11 00:00:00-04:00,17.121418885214542,17.219069563267098,16.79591662503936,16.958667755126953,3094500,0.0,0.0
2000-07-12 00:00:00-04:00,16.991222329437733,16.991222329437733,16.665719985961914,16.665719985961914,2893000,0.0,0.0
2000-07-13 00:00:00-04:00,16.89356883366903,16.89356883366903,16.144913567437065,16.405315399169922,6731700,0.0,0.0
2000-07-14 00:00:00-04:00,16.30766735608834,16.437868293063097,16.210016653357272,16.34021759033203,3143900,0.0,0.0
2000-07-17 00:00:00-04:00,16.405311721527646,16.437861943197344,16.21001039150946,16.307661056518555,2669400,0.0,0.0
2000-07-18 00:00:00-04:00,16.307661056518555,16.470412164867042,16.144909948170064,16.307661056518555,2651700,0.0,0.0
2000-07-19 00:00:00-04:00,16.30766735608834,16.372767824575718,16.144916184869892,16.34021759033203,3170500,0.0,0.0
2000-07-20 00:00:00-04:00,16.40531524116471,16.665717070389547,16.307664555205395,16.502965927124023,3266300,0.0,0.0
2000-07-21 00:00:00-04:00,16.600620601823938,16.600620601823938,15.917065635866482,16.079816818237305,4031800,0.0,0.0
2000-07-24 00:00:00-04:00,16.079814839954217,16.24256600230193,15.689212050319703,15.754312515258789,4192300,0.0,0.0
2000-07-25 00:00:00-04:00,16.144909948170064,16.34021127818825,15.656656623124599,16.307661056518555,6895700,0.0,0.0
2000-07-26 00:00:00-04:00,16.665717070389547,17.31672164345164,16.502965927124023,16.502965927124023,11296100,0.0,0.0
2000-07-27 00:00:00-04:00,17.186519645024273,17.57712236422937,16.6982662460179,16.76336669921875,6561400,0.0,0.0
2000-07-28 00:00:00-04:00,16.828471157699823,17.08887303248048,16.665719985961914,16.665719985961914,3092900,0.0,0.0
2000-07-31 00:00:00-04:00,16.89356867096128,16.991219356920592,16.372765012511607,16.502965927124023,4871300,0.0,0.0
2000-08-01 00:00:00-04:00,16.600615841218794,16.99121856689453,16.56806561407915,16.99121856689453,3134200,0.0,0.0
2000-08-02 00:00:00-04:00,16.958672026161835,17.479475773606342,16.958672026161835,17.41437530517578,4643100,0.0,0.0
2000-08-03 00:00:00-04:00,17.512018469043245,17.674769570056657,17.284166927624465,17.31671714782715,3805700,0.0,0.0
2000-08-04 00:00:00-04:00,17.251621667811936,17.544573733869118,17.186521208688117,17.38182258605957,2536600,0.0,0.0
2000-08-07 00:00:00-04:00,17.479470474158237,17.83752294197153,17.446920249811573,17.544570922851562,3078100,0.0,0.0
2000-08-08 00:00:00-04:00,17.707329935102322,17.772430412804905,17.219076352332955,17.446928024291992,2625500,0.0,0.0
2000-08-09 00:00:00-04:00,17.088866005892054,17.284167331673675,16.795914017219616,17.023765563964844,3548300,0.0,0.0
2000-08-10 00:00:00-04:00,17.15397337777274,17.21907384599958,16.991222207205634,17.0888729095459,2316000,0.0,0.0
2000-08-11 00:00:00-04:00,17.153973431453526,17.512026007821625,17.121423197238244,17.41437530517578,2224100,0.0,0.0
2000-08-14 00:00:00-04:00,17.41437414573684,17.41437414573684,17.186522521400093,17.349273681640625,2457400,0.0,0.0
2000-08-15 00:00:00-04:00,17.414371677905837,17.51202236021185,16.795917356634416,16.89356803894043,2872800,0.0,0.0
2000-08-16 00:00:00-04:00,16.893567453480134,16.958667906094703,16.698266095636434,16.86101722717285,2087600,0.0,0.0
2000-08-17 00:00:00-04:00,16.730821174621582,16.861022117614745,16.144916931152345,16.275117874145508,4735200,0.0,0.0
2000-08-18 00:00:00-04:00,16.210012719182686,16.633165661651308,16.144912266495204,16.437864303588867,3335400,0.0,0.0
2000-08-21 00:00:00-04:00,16.568065208963827,16.633165661651308,16.275113171870164,16.437864303588867,2985800,0.0,0.0
2000-08-22 00:00:00-04:00,16.50296238653674,16.60061305154583,16.24256061317916,16.307661056518555,3485600,0.0,0.0
2000-08-23 00:00:00-04:00,16.307667531565816,16.535519173723422,16.112366124002154,16.24256706237793,3414800,0.0,0.0
2000-08-24 00:00:00-04:00,16.242564254336887,16.307664712270103,15.624109903971355,15.819411277770996,6604900,0.0,0.0
2000-08-25 00:00:00-04:00,15.88451173570421,15.917061964670818,15.559009446038141,15.819411277770996,4992100,0.0,0.0
2000-08-28 00:00:00-04:00,15.624109903971355,15.851961506737604,15.624109903971355,15.819411277770996,4056200,0.0,0.0
2000-08-29 00:00:00-04:00,15.982161087177127,16.14491221841111,15.721759277202754,15.851960182189941,4823800,0.0,0.0
2000-08-30 00:00:00-04:00,15.851961506737604,15.851961506737604,15.591559675004747,15.819411277770996,4095000,0.0,0.0
2000-08-31 00:00:00-04:00,15.689207732085466,15.819408626127668,15.42880594400106,15.567144393920898,6792600,0.0,0.0
2000-09-01 00:00:00-04:00,15.461360727757782,15.656662126424195,15.266059329091368,15.396260261535645,4717000,0.0,0.0
2000-09-05 00:00:00-04:00,15.396253816705002,15.526454694647539,15.298603158248099,15.46135425567627,5208100,0.0,0.0
2000-09-06 00:00:00-04:00,15.39626162873264,15.786864460751229,15.39626162873264,15.689213752746582,4009200,0.0,0.0
2000-09-07 00:00:00-04:00,15.754310276548741,15.81941073223696,15.135855947510672,15.363707542419434,6629500,0.0,0.0
2000-09-08 00:00:00-04:00,15.266054576376211,15.396255468285602,14.712700785761296,14.973102569580078,6268100,0.0,0.0
2000-09-11 00:00:00-04:00,14.973110585485786,15.005660825889017,14.615057941050257,14.777809143066406,4514600,0.0,0.0
2000-09-12 00:00:00-04:00,14.680156559779727,15.396261757817761,14.48485514213299,15.103309631347656,11730400,0.0,0.0
2000-09-13 00:00:00-04:00,15.33115870377113,15.3637089345647,14.06169970282193,14.159350395202637,7816400,0.0,0.0
2000-09-14 00:00:00-04:00,14.452309862189336,14.452309862189336,13.736204418567343,14.19190788269043,17827100,0.0,0.0
2000-09-15 00:00:00-04:00,15.005659260920117,15.005659260920117,14.094252624682019,14.58250617980957,10175900,0.0,0.0
2000-09-18 00:00:00-04:00,14.54994455764168,14.875446673025163,14.289542865334894,14.842896461486816,5527900,0.0,0.0
2000-09-19 00:00:00-04:00,14.842902025299757,14.908002472779142,14.35464866920437,14.517399787902832,5110200,0.0,0.0
2000-09-20 00:00:00-04:00,14.517399932137998,14.549950156201088,14.061696795254743,14.41974925994873,4793200,0.0,0.0
2000-09-21 00:00:00-04:00,14.484854837258657,14.712706486384075,14.06170177459717,14.061701774597168,4128100,0.0,0.0
2000-09-22 00:00:00-04:00,14.940560340881348,15.249787624625078,14.68015841772873,14.940560340881348,6886900,0.0,0.0
2000-09-25 00:00:00-04:00,15.233509841238616,15.331160545349121,15.07075866772111,15.331160545349121,4416800,0.0,0.0
2000-09-26 00:00:00-04:00,15.363705351761695,15.689207583790544,15.33115512855881,15.559006690979004,5603100,0.0,0.0
2000-09-27 00:00:00-04:00,15.428805798167465,15.59155691418189,15.363705351761695,15.559006690979004,3542400,0.0,0.0
2000-09-28 00:00:00-04:00,15.59155691418189,15.754308030196315,15.52645646777612,15.559006690979004,3317900,0.0,0.0
2000-09-29 00:00:00-04:00,15.721761703491211,15.819412397301715,15.493910084600033,15.721761703491211,3074500,0.0,0.0
2000-10-02 00:00:00-04:00,15.8519614530948,15.8519614530948,15.624109851099599,15.656660079956055,2161800,0.0,0.0
2000-10-03 00:00:00-04:00,15.689212050319703,15.88451344513696,15.591561352911073,15.754312515258789,3047300,0.0,0.0
2000-10-04 00:00:00-04:00,15.786863297224047,15.884513998031618,15.55901166200638,15.624112129211426,2199700,0.0,0.0
2000-10-05 00:00:00-04:00,15.75431422474968,15.851964932754326,15.46136210073574,15.689213752746582,5717500,0.0,0.0
2000-10-06 00:00:00-04:00,15.559006690979006,15.786858253399199,15.33115512855881,15.559006690979004,3540600,0.0,0.0
2000-10-09 00:00:00-04:00,15.624109851099599,15.689210308812513,15.363708020247937,15.656660079956055,2179400,0.0,0.0
2000-10-10 00:00:00-04:00,15.78685595247591,15.819406170934624,15.591554641723631,15.591554641723633,1944800,0.0,0.0
2000-10-11 00:00:00-04:00,15.624112129211428,15.851963764429094,15.591561895608903,15.624112129211426,2424100,0.0,0.0
2000-10-12 00:00:00-04:00,15.493914431937466,15.526464672340696,14.549957460243798,14.777809143066406,5741500,0.0,0.0
2000-10-13 00:00:00-04:00,14.74525496866796,15.200958212732752,14.58250381007339,15.038207054138184,2707100,0.0,0.0
2000-10-16 00:00:00-04:00,15.331161285268848,15.331161285268848,15.005658922524288,15.103309631347656,2694800,0.0,0.0
2000-10-17 00:00:00-04:00,14.777807601860593,14.842908075877599,14.38720475775855,14.58250617980957,4310200,0.0,0.0
2000-10-18 00:00:00-04:00,14.77780432584291,14.842904785428122,14.484852257709461,14.615053176879883,3077800,0.0,0.0
2000-10-19 00:00:00-04:00,15.038203367737912,15.038203367737912,14.35464866920437,14.517399787902832,6460600,0.0,0.0
2000-10-20 00:00:00-04:00,14.842911357373263,14.908011845782793,14.647609892144667,14.7127103805542,5199500,0.0,0.0
2000-10-23 00:00:00-04:00,15.07076338125401,15.20096436078968,15.005662891486173,15.168414115905762,3610200,0.0,0.0
2000-10-24 00:00:00-04:00,15.266064850557516,15.428816074977107,15.005662891486173,15.168414115905762,5020500,0.0,0.0
2000-10-25 00:00:00-04:00,15.038209158798743,15.23351057644548,15.005658922524288,15.103309631347656,4246900,0.0,0.0
2000-10-26 00:00:00-04:00,14.940556934018888,15.200958797792637,14.908006701047169,15.070757865905762,4074800,0.0,0.0
2000-10-27 00:00:00-04:00,14.940562350409373,15.493916511535646,14.940562350409373,15.493916511535645,3743900,0.0,0.0
2000-10-30 00:00:00-05:00,15.46136143212328,16.307667531565816,15.331160493747504,16.24256706237793,5916900,0.0,0.0
2000-10-31 00:00:00-05:00,16.34021601369304,16.40531647589899,15.982163471560325,16.144914627075195,4047100,0.0,0.0
2000-11-01 00:00:00-05:00,16.01471934865115,16.502972987329535,15.94961886349403,16.470422744750977,3181300,0.0,0.0
2000-11-02 00:00:00-05:00,16.372767308453525,16.665719407411938,16.30766684201832,16.633169174194336,3065700,0.0,0.0
2000-11-03 00:00:00-05:00,16.63316564302187,16.991218132401986,16.502964737792734,16.86101722717285,3794400,0.0,0.0
2000-11-06 00:00:00-05:00,16.665719985961914,16.79592092335224,16.502968814224005,16.665719985961914,2440600,0.0,0.0
2000-11-07 00:00:00-05:00,16.568068879795828,16.828470748240555,16.437867945573462,16.535518646240234,2333600,0.0,0.0
2000-11-08 00:00:00-05:00,16.437872502172418,16.535523229908094,16.27512128927962,16.470422744750977,2728400,0.0,0.0
2000-11-09 00:00:00-05:00,16.405317712017872,16.600619113351417,16.242566544239917,16.535518646240234,2431100,0.0,0.0
2000-11-10 00:00:00-05:00,16.34021790762254,17.316724953894806,16.3076676727468,17.219074249267578,6093400,0.0,0.0
2000-11-13 00:00:00-05:00,16.90585487235922,17.462830711177254,16.873091587722865,17.331777572631836,4603700,0.215,0.0
2000-11-14 00:00:00-05:00,17.33177308055842,17.561116013571482,17.20071997597953,17.528352737426758,4011100,0.0,0.0
2000-11-15 00:00:00-05:00,17.46282958984375,17.69217256757153,17.43006630731121,17.46282958984375,3670200,0.0,0.0
2000-11-16 00:00:00-05:00,17.52835607437513,17.52835607437513,17.135196685791016,17.135196685791016,2587800,0.0,0.0
2000-11-17 00:00:00-05:00,17.036903595255914,17.528352737426758,17.036903595255914,17.528352737426758,3465000,0.0,0.0
2000-11-20 00:00:00-05:00,17.0369121209899,17.757704556877933,17.0369121209899,17.561124801635742,3091600,0.0,0.0
2000-11-21 00:00:00-05:00,17.593877139012456,17.823220043990272,17.39729750617433,17.790456771850586,2471800,0.0,0.0
2000-11-22 00:00:00-05:00,17.46283527012289,18.052574547537922,17.46283527012289,17.95428466796875,3043000,0.0,0.0
2000-11-24 00:00:00-05:00,17.52835923090494,17.82322882544353,17.52835923090494,17.659412384033203,1475500,0.0,0.0
2000-11-27 00:00:00-05:00,17.364529275614224,17.495582326750934,16.512684443225602,16.742027282714844,5253000,0.0,0.0
2000-11-28 00:00:00-05:00,16.57821915435791,16.80756210708618,16.18505980682373,16.38163948059082,5332000,0.0,0.0
2000-11-29 00:00:00-05:00,16.414402980070847,17.430064641512356,16.38163970066951,17.03690528869629,5271600,0.0,0.0
2000-11-30 00:00:00-05:00,17.102429782643036,17.266246159871418,16.512690824620865,16.709270477294922,3794900,0.0,0.0
2000-12-01 00:00:00-05:00,16.84032730719056,16.84032730719056,16.054008522419014,16.217824935913086,5264000,0.0,0.0
2000-12-04 00:00:00-05:00,15.98848164674065,16.578220723874526,15.955718364677658,16.479930877685547,2857900,0.0,0.0
2000-12-05 00:00:00-05:00,16.38163894903464,16.38163894903464,15.791899946869396,15.988479614257812,3762800,0.0,0.0
2000-12-06 00:00:00-05:00,15.82466615604449,15.988482575879319,15.234927044639106,15.529796600341797,4859100,0.0,0.0
2000-12-07 00:00:00-05:00,15.464269165165168,16.054008243497737,15.365979318776407,15.857428550720215,3239200,0.0,0.0
2000-12-08 00:00:00-05:00,15.726375903113412,15.791902469376385,15.071110240483687,15.464269638061523,5463100,0.0,0.0
2000-12-11 00:00:00-05:00,15.333211337350354,15.791897146587331,15.202158248996932,15.693607330322266,12259000,0.0,0.0
2000-12-12 00:00:00-05:00,15.988477050534145,16.348873049624054,15.92295050524507,16.185056686401367,9798200,0.0,0.0
2000-12-13 00:00:00-05:00,16.316120147705078,16.5126999085208,16.02125050648149,16.316120147705078,7453800,0.0,0.0
2000-12-14 00:00:00-05:00,16.250592041015626,16.64375152587891,16.119538879394533,16.545461654663086,5369000,0.0,0.0
2000-12-15 00:00:00-05:00,16.512693405151367,16.905852771940687,16.47993012458559,16.512693405151367,7806700,0.0,0.0
2000-12-18 00:00:00-05:00,16.709276601470414,17.069672763462915,16.610986739108824,16.93861961364746,3202600,0.0,0.0
2000-12-19 00:00:00-05:00,17.03690459973005,17.397300658570494,16.971378043577243,17.233484268188477,4633800,0.0,0.0
2000-12-20 00:00:00-05:00,16.97137301471604,17.167952624925103,16.447160720825195,16.447160720825195,5257300,0.0,0.0
2000-12-21 00:00:00-05:00,16.7420372972069,17.135196685791016,16.676510732442882,17.135196685791016,4297600,0.0,0.0
2000-12-22 00:00:00-05:00,17.036906838644985,17.331776380083074,16.7420372972069,17.135196685791016,3214200,0.0,0.0
2000-12-26 00:00:00-05:00,17.102431847498966,17.167958406301643,16.807562332886917,17.03690528869629,3365100,0.0,0.0
2000-12-27 00:00:00-05:00,16.938617418397147,17.364540100097656,16.840327568773954,17.364540100097656,3865600,0.0,0.0
2000-12-28 00:00:00-05:00,17.20072598474932,17.823228448959295,17.004146259209328,17.757701873779297,3539400,0.0,0.0
2000-12-29 00:00:00-05:00,17.72493707432466,18.08533320707433,17.593883935142966,17.823226928710938,3338200,0.0,0.0
2001-01-02 00:00:00-05:00,17.724941264337566,17.724941264337566,17.29901846131282,17.561124801635742,3529800,0.0,0.0
2001-01-03 00:00:00-05:00,17.59388580746907,18.183624996546246,17.495595942622877,17.659412384033203,3265400,0.0,0.0
2001-01-04 00:00:00-05:00,17.43006626764933,17.757699092229206,17.233486572901406,17.299013137817383,5953800,0.0,0.0
2001-01-05 00:00:00-05:00,17.167958862188872,17.299011983274283,17.069669021374814,17.26624870300293,3999100,0.0,0.0
2001-01-08 00:00:00-05:00,17.233486572901406,17.46282955010732,17.16796000798543,17.299013137817383,2803600,0.0,0.0
2001-01-09 00:00:00-05:00,17.069671295540996,17.4300674265409,17.069671295540996,17.331777572631836,2778100,0.0,0.0
2001-01-10 00:00:00-05:00,17.23348432925237,17.462827276599835,16.938614825519913,17.397300720214844,3091800,0.0,0.0
2001-01-11 00:00:00-05:00,17.46282950961111,17.46282950961111,17.102433403409005,17.135196685791016,2179800,0.0,0.0
2001-01-12 00:00:00-05:00,17.26625180155814,17.79046437997357,17.069672084652357,17.62664794921875,3284200,0.0,0.0
2001-01-16 00:00:00-05:00,17.167961609669224,17.88875389099121,16.84032875452286,17.88875389099121,4546000,0.0,0.0
2001-01-17 00:00:00-05:00,17.757703399658205,18.3802059173584,17.62665023803711,18.183626174926758,5223100,0.0,0.0
2001-01-18 00:00:00-05:00,17.88875423842646,17.987044096879355,17.626647949218746,17.62664794921875,4744500,0.0,0.0
2001-01-19 00:00:00-05:00,17.52836231050037,17.561125604538688,17.13520278204055,17.200729370117188,5238500,0.0,0.0
2001-01-22 00:00:00-05:00,17.10243870607063,17.692177971797204,17.10243870607063,17.561124801635742,3267500,0.0,0.0
2001-01-23 00:00:00-05:00,17.561117048952514,17.561117048952514,17.102431155882858,17.233484268188477,3290600,0.0,0.0
2001-01-24 00:00:00-05:00,16.709275738946324,16.840328881996882,15.890193594880328,16.152299880981445,11006600,0.0,0.0
2001-01-25 00:00:00-05:00,16.152300778201468,16.31611721611426,14.80900598731656,15.497035026550293,20823700,0.0,0.0
2001-01-26 00:00:00-05:00,15.464271907148689,15.69361492272081,15.10387573982107,15.202165603637695,9631400,0.0,0.0
2001-01-29 00:00:00-05:00,15.307010254964647,15.574357834887712,14.677954655500665,15.47475814819336,8501700,0.0,0.0
2001-01-30 00:00:00-05:00,15.464272899937967,15.485241885496007,15.265072536417895,15.43806266784668,5582200,0.0,0.0
2001-01-31 00:00:00-05:00,15.33321868391906,15.459029589035142,15.17595530248801,15.385640144348145,7850300,0.0,0.0
2001-02-01 00:00:00-05:00,15.464271247965105,15.5953243941343,15.181195972308688,15.217891693115234,6946800,0.0,0.0
2001-02-02 00:00:00-05:00,15.233617916288617,15.469513986854345,15.181196456178878,15.427577018737793,5769700,0.0,0.0
2001-02-05 00:00:00-05:00,15.333212134517968,15.479991961052882,15.280790696480086,15.390875816345215,4410000,0.0,0.0
2001-02-06 00:00:00-05:00,15.343699121451243,15.988480214735821,15.338456876807962,15.742100715637207,6791300,0.0,0.0
2001-02-07 00:00:00-05:00,15.731618524169903,15.852187169008278,15.301764399194075,15.343701362609863,6112900,0.0,0.0
2001-02-08 00:00:00-05:00,15.422331895901658,15.55338502180162,15.175952379157893,15.38039493560791,6959000,0.0,0.0
2001-02-09 00:00:00-05:00,15.375162808546294,15.778806941910332,15.348952566060488,15.600574493408203,3406200,0.0,0.0
2001-02-12 00:00:00-05:00,15.600562863920164,15.857426848256317,15.542899173608976,15.63725757598877,3865500,0.0,0.0
2001-02-13 00:00:00-05:00,15.673950325948438,15.909846302367805,15.57959193538069,15.726371765136719,5234600,0.0,0.0
2001-02-14 00:00:00-05:00,16.250586583064152,16.250586583064152,15.275551068126402,15.33321475982666,4888600,0.0,0.0
2001-02-15 00:00:00-05:00,15.354181371658115,15.815487834579883,15.33321239614287,15.768308639526367,7087000,0.0,0.0
2001-02-16 00:00:00-05:00,15.726374169929366,15.962270182420685,15.647742499050908,15.841700553894043,4590500,0.0,0.0
2001-02-20 00:00:00-05:00,15.763069328792842,16.166713183868108,15.763069328792842,15.95702838897705,3712700,0.0,0.0
2001-02-21 00:00:00-05:00,15.85218681971755,16.17195678362708,15.521933365077127,15.55862808227539,4261100,0.0,0.0
2001-02-22 00:00:00-05:00,15.542906353839909,15.909855643754394,15.516696118784465,15.757833480834961,4020300,0.0,0.0
2001-02-23 00:00:00-05:00,15.77879449540313,15.983237025124284,15.700162830114676,15.789278984069824,4653000,0.0,0.0
2001-02-26 00:00:00-05:00,15.7525921947187,15.831224904394173,15.59532877508063,15.66347599029541,2763600,0.0,0.0
2001-02-27 00:00:00-05:00,15.742100014759265,15.815489436785853,15.574351193210672,15.752583503723145,3666300,0.0,0.0
2001-02-28 00:00:00-05:00,15.726372864475028,15.726372864475028,15.202160435659195,15.411845207214355,4582200,0.0,0.0
2001-03-01 00:00:00-05:00,15.223132107494195,15.453784897106384,15.19692088150006,15.312247276306152,4732100,0.0,0.0
2001-03-02 00:00:00-05:00,15.312244271373087,15.312244271373087,14.99247537584557,15.123528480529785,4924700,0.0,0.0
2001-03-05 00:00:00-05:00,14.992477960092055,15.034414920825427,14.919087528916648,14.971508979797363,2781400,0.0,0.0
2001-03-06 00:00:00-05:00,14.730369166477136,15.154980945694364,14.59931606179292,15.123528480529785,5627300,0.0,0.0
2001-03-07 00:00:00-05:00,15.123533200360288,15.181195904515047,14.735616009414503,14.8876371383667,3803700,0.0,0.0
2001-03-08 00:00:00-05:00,14.782793523956922,15.359426498413084,14.767066788344904,15.359426498413086,4038800,0.0,0.0
2001-03-09 00:00:00-05:00,15.35942842459451,15.385639653901617,15.002964704723341,15.175954818725586,3745400,0.0,0.0
2001-03-12 00:00:00-05:00,15.018687531229409,15.018687531229409,14.641254901074086,14.709402084350586,4978100,0.0,0.0
2001-03-13 00:00:00-05:00,14.546894637372535,14.693674474742775,14.227124741606152,14.573104858398438,8211200,0.0,0.0
2001-03-14 00:00:00-05:00,13.786788178036735,14.730371266177034,13.781546932975408,14.44205379486084,9960400,0.0,0.0
2001-03-15 00:00:00-05:00,14.311007806067867,14.316250053598633,13.912606992294393,14.279555320739746,5756500,0.0,0.0
2001-03-16 00:00:00-05:00,14.04889833294462,14.38963734836607,13.687192331733215,13.891634941101074,8455500,0.0,0.0
2001-03-19 00:00:00-05:00,13.755338279320782,13.996476591306951,13.739611541629454,13.828727722167969,4393500,0.0,0.0
2001-03-20 00:00:00-05:00,13.83920449561471,13.881141439546504,13.467014243201998,13.508951187133789,4981800,0.0,0.0
2001-03-21 00:00:00-05:00,13.419839466621283,13.676703457601795,13.278301859390407,13.446049690246582,6182500,0.0,0.0
2001-03-22 00:00:00-05:00,13.183947110720421,13.356937234246184,13.042409464238558,13.162979125976562,7568600,0.0,0.0
2001-03-23 00:00:00-05:00,13.236370286941527,13.283549508546857,12.974263944625854,13.105317115783691,5210200,0.0,0.0
2001-03-26 00:00:00-05:00,13.105309923053182,13.362173877562329,12.97425682382265,13.2625732421875,5164300,0.0,0.0
2001-03-27 00:00:00-05:00,13.26257831583886,13.419842694991084,13.136767412430792,13.278305053710938,5708700,0.0,0.0
2001-03-28 00:00:00-05:00,13.252092361450195,13.372660996498421,13.1053125014854,13.252092361450195,4168800,0.0,0.0
2001-03-29 00:00:00-05:00,13.236368136361964,14.143255693462072,13.152494200436877,13.886391639709473,5678900,0.0,0.0
2001-03-30 00:00:00-05:00,13.446046239766774,13.944048359699341,13.377899075915131,13.917837142944336,5845400,0.0,0.0
2001-04-02 00:00:00-04:00,13.786789739150821,14.284792064269633,13.786789739150821,13.965022087097168,4560200,0.0,0.0
2001-04-03 00:00:00-04:00,13.91784322861107,13.928327719897482,13.430326382066301,13.519442558288574,5562400,0.0,0.0
2001-04-04 00:00:00-04:00,13.603316872723376,13.676706314086916,13.309757107556916,13.676706314086914,5456000,0.0,0.0
2001-04-05 00:00:00-04:00,13.80251140886594,13.912596524471155,13.482741549079037,13.629521369934082,4362000,0.0,0.0
2001-04-06 00:00:00-04:00,13.744854278287676,13.760581016540527,13.498474711463565,13.760581016540527,3312400,0.0,0.0
2001-04-09 00:00:00-04:00,13.603317569645837,14.122287931281834,13.598075323586137,13.99123477935791,3673600,0.0,0.0
2001-04-10 00:00:00-04:00,14.017444535824191,14.34769902742496,13.944055093182318,14.153739929199219,3751400,0.0,0.0
2001-04-11 00:00:00-04:00,14.06986405241991,14.284791104648152,13.923084187543244,14.012200355529785,3405000,0.0,0.0
2001-04-12 00:00:00-04:00,13.860179074214573,14.169464535769256,13.85493682912056,14.096074104309082,2872800,0.0,0.0
2001-04-16 00:00:00-04:00,14.127528278099703,14.305760620743976,14.033169861422609,14.269064903259277,2444300,0.0,0.0
2001-04-17 00:00:00-04:00,14.164224337634085,14.311003222054314,14.101318387271014,14.2428560256958,2844000,0.0,0.0
2001-04-18 00:00:00-04:00,14.12752831859349,14.651740857318945,14.080349110119712,14.410602569580078,4294700,0.0,0.0
2001-04-19 00:00:00-04:00,14.410600455999099,14.625527485365026,13.996473131070571,14.400115966796875,4907300,0.0,0.0
2001-04-20 00:00:00-04:00,14.28479596368701,14.400122396840045,14.001720627961788,14.200922012329102,4010000,0.0,0.0
2001-04-23 00:00:00-04:00,14.190441902042329,14.284800376432528,14.048904190457026,14.13277816772461,3437600,0.0,0.0
2001-04-24 00:00:00-04:00,14.263826214990546,14.29003744830184,14.038415607651318,14.069868087768555,5059300,0.0,0.0
2001-04-25 00:00:00-04:00,14.164224420964107,14.174708912728994,13.954539584947204,14.153739929199219,4285700,0.0,0.0
2001-04-26 00:00:00-04:00,14.080351637048093,14.253341765878902,13.9912354494773,14.164225578308105,3033100,0.0,0.0
2001-04-27 00:00:00-04:00,14.284792331881752,14.40011873571388,14.027928296171932,14.211402893066406,2824000,0.0,0.0
2001-04-30 00:00:00-04:00,14.363421562668636,14.51020141508171,14.101315326124114,14.41584300994873,5778400,0.0,0.0
2001-05-01 00:00:00-04:00,14.284790050217921,14.65173918539526,14.21664286789662,14.562623023986816,4017200,0.0,0.0
2001-05-02 00:00:00-04:00,14.56786567316433,14.56786567316433,14.284790446765447,14.44205379486084,3582800,0.0,0.0
2001-05-03 00:00:00-04:00,14.447300540193071,14.447300540193071,14.022688568181723,14.101320266723633,6436500,0.0,0.0
2001-05-04 00:00:00-04:00,13.854941714533021,14.080353333778262,13.84445722064804,14.0593843460083,6354700,0.0,0.0
2001-05-07 00:00:00-04:00,14.138011653070524,14.15898063431848,13.970263802511122,14.033169746398926,3380700,0.0,0.0
2001-05-08 00:00:00-04:00,14.038406740305991,14.127522877561638,13.891626926045015,13.917837142944336,4155100,0.0,0.0
2001-05-09 00:00:00-04:00,13.78678908641562,14.258581161499023,13.76057885995812,14.258581161499023,6109200,0.0,0.0
2001-05-10 00:00:00-04:00,14.258581874065651,14.263823119734242,14.10655975341797,14.106559753417969,5256700,0.0,0.0
2001-05-11 00:00:00-04:00,14.211404880772536,14.562627386858574,14.179951402718558,14.541658401489258,4851300,0.0,0.0
2001-05-14 00:00:00-04:00,14.415845699138469,14.625530527518348,14.342456259169545,14.54689884185791,6319700,0.0,0.0
2001-05-15 00:00:00-04:00,14.546896128220991,14.73561293848695,14.389632786236655,14.41584300994873,4320400,0.0,0.0
2001-05-16 00:00:00-04:00,14.468266601895147,14.667466931260318,14.363423691793841,14.5206880569458,4870500,0.0,0.0
2001-05-17 00:00:00-04:00,14.415850722998904,15.0711166649534,14.415850722998904,14.9400634765625,7799800,0.0,0.0
2001-05-18 00:00:00-04:00,14.966268628260831,15.673955805047276,14.950542890906199,15.62153434753418,8899900,0.0,0.0
2001-05-21 00:00:00-04:00,15.605815875816583,15.71065783979816,15.212656261208311,15.652995109558105,5809200,0.0,0.0
2001-05-22 00:00:00-04:00,16.093322503473992,16.229616859656772,15.831216280289436,15.988479614257812,6826700,0.0,0.0
2001-05-23 00:00:00-04:00,15.805008898725172,15.909851813418515,15.647745526541293,15.852188110351562,4142100,0.0,0.0
2001-05-24 00:00:00-04:00,15.805006890888723,16.12477684020996,15.789281155581783,16.12477684020996,2997300,0.0,0.0
2001-05-25 00:00:00-04:00,15.97799808674404,16.03566178648598,15.867913932534243,15.993724822998047,2056600,0.0,0.0
2001-05-29 00:00:00-04:00,15.998968696202779,16.14050633732108,15.888883530936482,16.119537353515625,2782100,0.0,0.0
2001-05-30 00:00:00-04:00,15.988478812737958,16.15098438300615,15.862667951899114,16.08807945251465,3601200,0.0,0.0
2001-05-31 00:00:00-04:00,15.768310794331562,16.07759622645608,15.642499923614864,15.873153686523438,5132400,0.0,0.0
2001-06-01 00:00:00-04:00,15.873155189154751,15.904607659847391,15.474753560909248,15.574353218078613,4096200,0.0,0.0
2001-06-04 00:00:00-04:00,15.490481749153336,15.516692978760942,15.244102189978884,15.322733879089355,3596600,0.0,0.0
2001-06-05 00:00:00-04:00,15.338456838863129,15.595320826612864,15.202161478042793,15.417088508605957,4723200,0.0,0.0
2001-06-06 00:00:00-04:00,15.778802425519547,15.962277069973942,15.521938323225944,15.569117546081543,5231300,0.0,0.0
2001-06-07 00:00:00-04:00,15.500968535766608,15.757832624810376,15.474758302135001,15.668716430664062,2525700,0.0,0.0
2001-06-08 00:00:00-04:00,15.548146842457603,15.726379220275899,15.154987361950706,15.43806266784668,2461900,0.0,0.0
2001-06-11 00:00:00-04:00,15.438060018011017,15.721134275462997,15.333217107928895,15.679197311401367,2642300,0.0,0.0
2001-06-12 00:00:00-04:00,15.553392949340813,15.752593362304241,15.453792242930843,15.626782417297363,3717600,0.0,0.0
2001-06-13 00:00:00-04:00,15.684434813757251,15.878393838797152,15.647740106282193,15.726371765136719,3222700,0.0,0.0
2001-06-14 00:00:00-04:00,15.726375169121223,15.93605997140497,15.621532268051345,15.705406188964844,4808100,0.0,0.0
2001-06-15 00:00:00-04:00,15.380392395721925,15.663466580994438,14.898116932057794,15.029170036315918,11853500,0.0,0.0
2001-06-18 00:00:00-04:00,14.898126496271672,14.96627371429809,14.751346565325534,14.9400634765625,5075800,0.0,0.0
2001-06-19 00:00:00-04:00,14.940057360464937,15.097320722211615,14.667466600238367,14.782793998718262,4407300,0.0,0.0
2001-06-20 00:00:00-04:00,14.677954178617728,14.94530274971102,14.573111248827948,14.793280601501465,3903200,0.0,0.0
2001-06-21 00:00:00-04:00,14.677953899702231,15.023934161635282,14.677953899702231,15.013449668884277,3504300,0.0,0.0
2001-06-22 00:00:00-04:00,14.887632143532821,14.903358875674757,14.578346743732125,14.740853309631348,4046300,0.0,0.0
2001-06-25 00:00:00-04:00,14.662221009684682,14.777548381852672,14.499715439641237,14.573104858398438,3658300,0.0,0.0
2001-06-26 00:00:00-04:00,14.656979717718679,14.667464206752516,14.153736242365412,14.436811447143555,9066300,0.0,0.0
2001-06-27 00:00:00-04:00,14.373910907534194,14.546901042094582,14.232373252023983,14.421090126037598,2946800,0.0,0.0
2001-06-28 00:00:00-04:00,14.447294567746008,14.67270607694332,14.431568834452351,14.510200500488281,2710400,0.0,0.0
2001-06-29 00:00:00-04:00,14.567868050725057,14.567868050725057,14.153739633373188,14.185192108154297,14439500,0.0,0.0
2001-07-02 00:00:00-04:00,14.258588066733815,14.436820492557226,14.258588066733815,14.36343002319336,3917800,0.0,0.0
2001-07-03 00:00:00-04:00,14.457787737359897,14.463029984890664,14.11180739918113,14.279555320739746,1709900,0.0,0.0
2001-07-05 00:00:00-04:00,14.321487498680629,14.358182219234612,14.169466370691815,14.185192108154297,2010900,0.0,0.0
2001-07-06 00:00:00-04:00,14.169459824513963,14.185185554711282,13.655730974528392,13.917837142944336,5248900,0.0,0.0
2001-07-09 00:00:00-04:00,13.90735957794817,14.006959244460367,13.786789929247124,13.928327560424805,2696000,0.0,0.0
2001-07-10 00:00:00-04:00,14.080352280378728,14.321489622554756,13.970267102535018,14.101320266723633,5415900,0.0,0.0
2001-07-11 00:00:00-04:00,13.734369283753974,14.174707908108939,13.729127038243071,13.965022087097168,5751000,0.0,0.0
2001-07-12 00:00:00-04:00,13.95978083097348,14.274308584926919,13.734370257165413,14.153739929199219,3423200,0.0,0.0
2001-07-13 00:00:00-04:00,14.064621276451597,14.515444344528639,14.064621276451597,14.494475364685059,4014100,0.0,0.0
2001-07-16 00:00:00-04:00,14.311001529703548,14.62028699938035,14.311001529703548,14.483991622924805,3607200,0.0,0.0
2001-07-17 00:00:00-04:00,14.468266851445152,14.62028797387242,14.32148697474287,14.531171798706055,2664800,0.0,0.0
2001-07-18 00:00:00-04:00,14.5206880569458,14.615045476209666,14.452539865423123,14.5206880569458,3068500,0.0,0.0
2001-07-19 00:00:00-04:00,14.615040362641587,14.646493824580572,14.421082346629888,14.504956245422363,3008600,0.0,0.0
2001-07-20 00:00:00-04:00,14.415843215806376,14.54689633595007,14.38963299172002,14.4263277053833,2961600,0.0,0.0
2001-07-23 00:00:00-04:00,14.662231216279858,15.034422813041942,14.515452276590478,14.557389259338379,6509700,0.0,0.0
2001-07-24 00:00:00-04:00,14.803764052444262,14.987238666733827,14.672710899359744,14.88239574432373,8264900,0.0,0.0
2001-07-25 00:00:00-04:00,14.955783616264979,15.432816931413134,14.913846654488966,15.359426498413086,7503800,0.0,0.0
2001-07-26 00:00:00-04:00,15.186431421648729,15.254579587077334,15.050136090647225,15.1654634475708,3571200,0.0,0.0
2001-07-27 00:00:00-04:00,15.04490314713729,15.160229567829555,14.99248168323853,15.013449668884277,2585100,0.0,0.0
2001-07-30 00:00:00-04:00,14.992474990134763,15.228369972583987,14.913843329318354,15.149738311767578,2095400,0.0,0.0
2001-07-31 00:00:00-04:00,15.270309551022768,15.464268614256861,15.207404611494296,15.275551795959473,4359300,0.0,0.0
2001-08-01 00:00:00-04:00,15.354188018205363,15.464272187746472,15.286039818136489,15.401366233825684,3745000,0.0,0.0
2001-08-02 00:00:00-04:00,15.333212722702584,15.453781334915707,15.149738182459767,15.280791282653809,2611000,0.0,0.0
2001-08-03 00:00:00-04:00,15.202166658612539,15.270313862317836,15.097323729989945,15.207408905029297,1728200,0.0,0.0
2001-08-06 00:00:00-04:00,15.149742966919005,15.244101388835093,14.992479596962939,15.097321510314941,2053300,0.0,0.0
2001-08-07 00:00:00-04:00,15.008205334044874,15.181195440938994,14.971510614378866,15.097321510314941,2104100,0.0,0.0
2001-08-08 00:00:00-04:00,14.997724425867567,15.14974557636225,14.829976535726002,14.898123741149902,2850400,0.0,0.0
2001-08-09 00:00:00-04:00,14.845697047729464,14.94005545267065,14.677949216658885,14.829971313476562,2872500,0.0,0.0
2001-08-10 00:00:00-04:00,14.704163956946939,14.7932801445587,14.515448088953281,14.725132942199707,3318800,0.0,0.0
2001-08-13 00:00:00-04:00,14.683191402473838,14.93481314807056,14.630769955510537,14.688433647155762,1861200,0.0,0.0
2001-08-14 00:00:00-04:00,14.767068845807962,14.767068845807962,14.557384007712974,14.672710418701172,3386800,0.0,0.0
2001-08-15 00:00:00-04:00,14.70940478994571,15.044901522760918,14.704162544136206,14.934816360473633,6460100,0.0,0.0
2001-08-16 00:00:00-04:00,15.01869361271836,15.621538016048763,14.992483377734748,15.569117546081543,7375200,0.0,0.0
2001-08-17 00:00:00-04:00,15.464265569051106,15.763066472611778,15.390876154100988,15.726371765136719,7711000,0.0,0.0
2001-08-20 00:00:00-04:00,15.726373281529616,15.773552481362676,15.62153039304373,15.752583503723145,2765900,0.0,0.0
2001-08-21 00:00:00-04:00,15.726371765136719,15.97275122950911,15.673950325948438,15.726371765136719,4782000,0.0,0.0
2001-08-22 00:00:00-04:00,15.726375422201865,15.962271453477303,15.715890931954952,15.857428550720215,3172700,0.0,0.0
2001-08-23 00:00:00-04:00,15.78928479704337,16.22438123833725,15.778800304516713,16.166717529296875,4080500,0.0,0.0
2001-08-24 00:00:00-04:00,16.09332239949182,16.250585732444087,15.83645742255743,15.983237266540527,4941600,0.0,0.0
2001-08-27 00:00:00-04:00,15.867909431457518,15.972751310509961,15.778793284342253,15.86790943145752,2890900,0.0,0.0
2001-08-28 00:00:00-04:00,15.726380144481183,15.778801611600718,15.57960023651775,15.668716430664062,4392400,0.0,0.0
2001-08-29 00:00:00-04:00,15.569108447427666,15.768308716516184,15.542897227905632,15.726371765136719,4995700,0.0,0.0
2001-08-30 00:00:00-04:00,15.626777018855977,15.778799149798562,15.60056678931368,15.736862182617188,3229100,0.0,0.0
2001-08-31 00:00:00-04:00,15.752584205067839,15.83121687486112,15.67395253513049,15.742100715637207,2814500,0.0,0.0
2001-09-04 00:00:00-04:00,15.846945926390891,16.182442654803424,15.7473462568858,16.135263442993164,4399200,0.0,0.0
2001-09-05 00:00:00-04:00,16.119537353515625,16.171958813173088,15.894125776887847,16.119537353515625,3711400,0.0,0.0
2001-09-06 00:00:00-04:00,16.109053894542107,16.119538387117114,15.888884549748209,15.936063766479492,4218000,0.0,0.0
2001-09-07 00:00:00-04:00,15.841701560413282,15.894123010948222,15.652985738285912,15.705406188964844,4083900,0.0,0.0
2001-09-10 00:00:00-04:00,15.726376329777148,15.836460484154669,14.992478967692097,15.160226821899414,8200600,0.0,0.0
2001-09-17 00:00:00-04:00,14.520688731706606,15.097321764491031,14.400119079530535,14.877152442932129,8336300,0.0,0.0
2001-09-18 00:00:00-04:00,14.877152250844643,14.908605724844184,14.46302484174526,14.683194160461426,4637900,0.0,0.0
2001-09-19 00:00:00-04:00,14.976758209334916,15.254591328671955,14.677957099780702,14.9400634765625,11570600,0.0,0.0
2001-09-20 00:00:00-04:00,14.688437152129119,14.72513187380279,14.237614000467051,14.347699165344238,7941100,0.0,0.0
2001-09-21 00:00:00-04:00,13.996478341223087,14.415848066862008,13.708160779972069,14.1956787109375,7093300,0.0,0.0
2001-09-24 00:00:00-04:00,14.206159322962003,14.337212451402877,13.891631614732699,14.0069580078125,6082400,0.0,0.0
2001-09-25 00:00:00-04:00,13.996474198229494,14.305759654284993,13.629525047021142,13.807757377624512,6170800,0.0,0.0
2001-09-26 00:00:00-04:00,14.02268732161749,14.090834521000769,13.660980340651545,13.760581016540527,6052000,0.0,0.0
2001-09-27 00:00:00-04:00,14.12752969964317,14.15373992919922,13.854938912893113,14.153739929199219,10036500,0.0,0.0
2001-09-28 00:00:00-04:00,14.41584582972338,14.46826728725724,13.970264940469793,14.227128982543945,6373700,0.0,0.0
2001-10-01 00:00:00-04:00,14.405364338246274,14.405364338246274,13.991236837182225,14.326732635498047,4633400,0.0,0.0
2001-10-02 00:00:00-04:00,14.405361693928525,14.494477873979612,14.295277530259856,14.478752136230469,3640200,0.0,0.0
2001-10-03 00:00:00-04:00,14.515442829120145,15.050138761181412,14.426326673800618,15.018686294555664,5017900,0.0,0.0
2001-10-04 00:00:00-04:00,15.160221204087394,15.165463447570803,14.950536464029584,15.1654634475708,6536900,0.0,0.0
2001-10-05 00:00:00-04:00,15.202168263936388,15.223137251817706,14.898124938651915,15.14450454711914,4423000,0.0,0.0
2001-10-08 00:00:00-04:00,15.113041461046071,15.118283704338166,14.814240592386387,14.86666202545166,3588800,0.0,0.0
2001-10-09 00:00:00-04:00,14.725131853990941,15.134018037496372,14.704162870287814,15.092081069946289,2439700,0.0,0.0
2001-10-10 00:00:00-04:00,15.202166579600034,15.469515146327476,15.165471854729727,15.43806266784668,5326500,0.0,0.0
2001-10-11 00:00:00-04:00,15.43805683797726,15.77879472577256,15.396119882554084,15.752583503723145,5712500,0.0,0.0
2001-10-12 00:00:00-04:00,15.49048454005553,15.710653909146203,15.181198973955384,15.45903205871582,4605100,0.0,0.0
2001-10-15 00:00:00-04:00,15.590083511857214,15.71065217691267,15.396125398482132,15.469514846801758,4995600,0.0,0.0
2001-10-16 00:00:00-04:00,15.516696076257947,15.64250700392075,15.438064371450743,15.569117546081543,4784200,0.0,0.0
2001-10-17 00:00:00-04:00,15.679193665893136,15.726372864475028,15.369908252903324,15.411845207214355,4883500,0.0,0.0
2001-10-18 00:00:00-04:00,15.369913194601148,15.406607916439318,15.07111217408327,15.32797622680664,5027100,0.0,0.0
2001-10-19 00:00:00-04:00,14.940061468948091,14.99772518404543,14.683197374201571,14.981998443603516,6213900,0.0,0.0
2001-10-22 00:00:00-04:00,14.688436797015784,15.044901512981143,14.688436797015784,14.8876371383667,3753000,0.0,0.0
2001-10-23 00:00:00-04:00,14.83520949046722,14.887630926800236,14.442050217753186,14.499713897705078,4088200,0.0,0.0
2001-10-24 00:00:00-04:00,14.573109745659988,14.735616370057757,14.468267826540583,14.672710418701172,3648400,0.0,0.0
2001-10-25 00:00:00-04:00,14.546897682352787,14.877151135745216,14.35293860665142,14.861425399780273,3270500,0.0,0.0
2001-10-26 00:00:00-04:00,14.677952460308372,15.20740729403795,14.677952460308372,15.175954818725586,2986300,0.0,0.0
2001-10-29 00:00:00-05:00,14.966271174753421,15.149745807339169,14.300521850585938,14.300521850585938,7589000,0.0,0.0
2001-10-30 00:00:00-05:00,13.996476193530492,14.101318108924584,13.105314413471945,13.624284744262695,13766100,0.0,0.0
2001-10-31 00:00:00-05:00,13.603310974101786,13.823480202579521,13.550889538777428,13.666215896606445,6537500,0.0,0.0
2001-11-01 00:00:00-05:00,13.68194212251735,13.865416639457496,13.535162308994098,13.734363555908203,5004700,0.0,0.0
2001-11-02 00:00:00-05:00,13.891633268487755,14.143255065083569,13.81824382777801,14.043655395507812,3289300,0.0,0.0
2001-11-05 00:00:00-05:00,14.06986265473955,14.153736569235434,13.849693379223874,14.038410186767578,4099400,0.0,0.0
2001-11-06 00:00:00-05:00,14.006960044059305,14.232371617723539,13.975507568620811,14.153739929199219,3183600,0.0,0.0
2001-11-07 00:00:00-05:00,14.195678056316549,14.290036490198126,14.027930173796523,14.164225578308105,3400400,0.0,0.0
2001-11-08 00:00:00-05:00,14.153734189856182,14.221881358981918,13.566615887229316,13.786785125732422,8060900,0.0,0.0
2001-11-09 00:00:00-05:00,13.718641897972832,14.022685124223436,13.624283482954361,13.933568954467773,4726900,0.0,0.0
2001-11-12 00:00:00-05:00,14.038415706777455,14.127531900952476,13.692435423475922,14.027931213378906,3273200,0.0,0.0
2001-11-13 00:00:00-05:00,14.347764156999178,14.559227962629894,14.279039126003104,14.516934394836426,5343800,0.225,0.0
2001-11-14 00:00:00-05:00,14.384770943751786,14.633240628815328,14.384770943751786,14.559228897094727,5262300,0.0,0.0
2001-11-15 00:00:00-05:00,14.664961046028202,14.992729187011719,14.580375914484256,14.992729187011719,4550600,0.0,0.0
2001-11-16 00:00:00-05:00,15.066741301356519,15.066741301356519,14.802412506595878,14.807699203491211,5665800,0.0,0.0
2001-11-19 00:00:00-05:00,14.807701540708296,14.934579261219401,14.511653526182382,14.728403091430664,3379700,0.0,0.0
2001-11-20 00:00:00-05:00,14.501073286012733,14.601518478797917,14.363622234920904,14.390054702758789,5013400,0.0,0.0
2001-11-21 00:00:00-05:00,14.300184750883687,14.384769868911032,14.226173024693297,14.368910789489746,3011000,0.0,0.0
2001-11-23 00:00:00-05:00,14.474640872220565,14.590946159245224,14.43234831557544,14.548653602600098,1287400,0.0,0.0
2001-11-26 00:00:00-05:00,14.442930234849914,14.670253239168781,14.411211050720558,14.485222816467285,5095200,0.0,0.0
2001-11-27 00:00:00-05:00,14.390058413972726,14.39534511057055,14.220888156179413,14.284327507019043,5821200,0.0,0.0
2001-11-28 00:00:00-05:00,14.279037836538144,14.326617087675007,14.009422416207276,14.146873474121094,7836600,0.0,0.0
2001-11-29 00:00:00-05:00,14.062293565119099,14.247323942620882,14.041146775308865,14.162738800048828,2903400,0.0,0.0
2001-11-30 00:00:00-05:00,14.215601404606343,14.289614148355396,14.057004540622014,14.189168930053711,4178900,0.0,0.0
2001-12-03 00:00:00-05:00,14.284326468579955,14.464070106501952,14.062290269284208,14.125728607177734,5590900,0.0,0.0
2001-12-04 00:00:00-05:00,14.252606784836125,14.252606784836125,14.062290756231107,14.205028533935547,4188100,0.0,0.0
2001-12-05 00:00:00-05:00,14.220884606828587,14.538079265190456,14.094006945150644,14.527505874633789,4398400,0.0,0.0
2001-12-06 00:00:00-05:00,14.458790326683898,14.654393138479229,14.437643531714304,14.60152816772461,5010300,0.0,0.0
2001-12-07 00:00:00-05:00,14.627958624207123,14.627958624207123,14.17331267876698,14.220891952514648,4507800,0.0,0.0
2001-12-10 00:00:00-05:00,14.300186588478244,14.532796197111185,14.199742378122387,14.284327507019043,4267000,0.0,0.0
2001-12-11 00:00:00-05:00,14.00942325592041,14.146874322072932,13.956557306118036,14.00942325592041,6306900,0.0,0.0
2001-12-12 00:00:00-05:00,14.115150814588848,14.141583277194002,13.454329166121838,13.554773330688477,8120000,0.0,0.0
2001-12-13 00:00:00-05:00,13.34859729903359,13.649931809401137,13.295731365489468,13.554773330688477,6166700,0.0,0.0
2001-12-14 00:00:00-05:00,13.797962470039641,14.316046635051114,13.771528987130319,14.168022155761719,7769600,0.0,0.0
2001-12-17 00:00:00-05:00,14.183875095298097,14.220880944381921,13.776808738708496,13.776808738708496,5388700,0.0,0.0
2001-12-18 00:00:00-05:00,13.945986741117338,14.094011228899335,13.813822343990875,13.956560134887695,3427200,0.0,0.0
2001-12-19 00:00:00-05:00,13.813819875783624,13.998850200366938,13.808534188177203,13.834966659545898,4315500,0.0,0.0
2001-12-20 00:00:00-05:00,13.824393058826361,13.924838263511495,13.5600643157959,13.560064315795898,4533400,0.0,0.0
2001-12-21 00:00:00-05:00,13.718663706880728,13.80853552993483,13.586499320526709,13.692230224609375,6083900,0.0,0.0
2001-12-24 00:00:00-05:00,13.718664145153234,13.776815791339494,13.660511490632695,13.66579818725586,1280900,0.0,0.0
2001-12-26 00:00:00-05:00,13.612935609007273,13.924843728870707,13.597075515200233,13.797966003417969,3427100,0.0,0.0
2001-12-27 00:00:00-05:00,13.935413993269218,14.220888559304319,13.77152941909376,14.131016731262207,4841700,0.0,0.0
2001-12-28 00:00:00-05:00,14.220887043842843,14.236747132395767,14.019997630510124,14.06229019165039,3659600,0.0,0.0
2001-12-31 00:00:00-05:00,13.961847338932596,14.220889445709968,13.961847338932596,13.993566513061523,3051300,0.0,0.0
2002-01-02 00:00:00-05:00,13.993560788332735,14.083432585210355,13.871969830302412,14.004134178161621,3855800,0.0,0.0
2002-01-03 00:00:00-05:00,14.02000099383307,14.252609631739004,14.02000099383307,14.162738800048828,4813300,0.0,0.0
2002-01-04 00:00:00-05:00,14.263185972964166,14.300191854441874,14.168027415830268,14.268472671508789,4883600,0.0,0.0
2002-01-07 00:00:00-05:00,14.273755114954916,14.522223822474139,14.17859658618839,14.379487037658691,3683800,0.0,0.0
2002-01-08 00:00:00-05:00,14.458784577163561,14.527509616816936,14.273754228095466,14.464071273803711,3326000,0.0,0.0
2002-01-09 00:00:00-05:00,14.390055504293112,14.511647484788558,14.173306029280548,14.210311889648438,3219200,0.0,0.0
2002-01-10 00:00:00-05:00,14.210310414326216,14.421774180189715,14.141585396254355,14.173304557800293,3525600,0.0,0.0
2002-01-11 00:00:00-05:00,14.210317446321543,14.273756809140444,13.924842834472656,13.924842834472656,4397100,0.0,0.0
2002-01-14 00:00:00-05:00,14.020003226905567,14.062295804927855,13.755674362182617,13.755674362182617,3696400,0.0,0.0
2002-01-15 00:00:00-05:00,14.035855573212084,14.11515500121579,13.755667756490578,13.850826263427734,5553200,0.0,0.0
2002-01-16 00:00:00-05:00,13.94597891071099,14.004131535462006,13.776808738708496,13.776808738708496,4328600,0.0,0.0
2002-01-17 00:00:00-05:00,13.919556189573013,14.030574822842766,13.797965169405476,13.998854637145996,4294100,0.0,0.0
2002-01-18 00:00:00-05:00,13.98299313217153,14.194455958540026,13.877261214820136,13.972419738769531,3142300,0.0,0.0
2002-01-22 00:00:00-05:00,14.02528538138846,14.30018654530552,14.019998684806597,14.168022155761719,4561600,0.0,0.0
2002-01-23 00:00:00-05:00,14.337199284973831,14.485222816467283,14.205034841377717,14.485222816467285,5020200,0.0,0.0
2002-01-24 00:00:00-05:00,14.506365037873419,14.511651734950634,13.903694679417589,13.993566513061523,6085400,0.0,0.0
2002-01-25 00:00:00-05:00,13.86140131262249,13.972419928179855,13.41732886706165,13.544207572937012,7895500,0.0,0.0
2002-01-28 00:00:00-05:00,13.49134375224634,13.94598865509033,13.486057054635607,13.945988655090332,4459200,0.0,0.0
2002-01-29 00:00:00-05:00,13.8931207715361,14.273753844386064,13.671084560290058,13.882547378540039,5414200,0.0,0.0
2002-01-30 00:00:00-05:00,13.85083356983013,14.27375937005341,13.797967592718559,14.268472671508789,4966900,0.0,0.0
2002-01-31 00:00:00-05:00,14.273752279625446,14.379484181326701,14.152161298502905,14.368910789489746,4342400,0.0,0.0
2002-02-01 00:00:00-05:00,14.210311292171465,14.300183095715113,14.078146934509277,14.078146934509277,3430700,0.0,0.0
2002-02-04 00:00:00-05:00,14.152162010115232,14.353051423447951,14.06229019165039,14.06229019165039,4433200,0.0,0.0
2002-02-05 00:00:00-05:00,14.1151582392336,14.427066302041954,14.04114549000722,14.379487037658691,4835300,0.0,0.0
2002-02-06 00:00:00-05:00,14.41648860734911,14.458781162146952,14.24203169276626,14.37419605255127,4937000,0.0,0.0
2002-02-07 00:00:00-05:00,14.405919506996185,14.511651429647324,14.294901895713396,14.305474281311035,3398200,0.0,0.0
2002-02-08 00:00:00-05:00,14.279039772366461,14.379484983754447,13.940699281376446,14.125728607177734,4110800,0.0,0.0
2002-02-11 00:00:00-05:00,14.04114451114152,14.347765855605422,14.014712036475464,14.273754119873047,2654000,0.0,0.0
2002-02-12 00:00:00-05:00,14.22089335314995,14.247326845799094,14.094015613437987,14.19446086883545,2965700,0.0,0.0
2002-02-13 00:00:00-05:00,14.194457080431464,14.316048089161786,14.11515864031753,14.236749649047852,4306500,0.0,0.0
2002-02-14 00:00:00-05:00,14.220890960449498,14.300189408385483,14.146879210153843,14.199745178222656,4358900,0.0,0.0
2002-02-15 00:00:00-05:00,14.236751523430005,14.421781913612827,14.141592979431152,14.141592979431152,3739900,0.0,0.0
2002-02-19 00:00:00-05:00,13.998849711255215,14.146874167416806,13.797960314203301,13.850826263427734,5129500,0.0,0.0
2002-02-20 00:00:00-05:00,13.877264207466922,14.263184074855243,13.850831726596027,14.25789737701416,3675000,0.0,0.0
2002-02-21 00:00:00-05:00,14.263182481276402,14.400633584784014,14.00942706326284,14.020000457763672,3173300,0.0,0.0
2002-02-22 00:00:00-05:00,14.009426707636088,14.305474687803454,13.95127404769211,14.247323036193848,2970200,0.0,0.0
2002-02-25 00:00:00-05:00,14.247318715217702,14.30547034919088,14.152160212654598,14.178592681884766,3466800,0.0,0.0
2002-02-26 00:00:00-05:00,14.173306792807056,14.257891909157204,13.982990785186285,14.00942325592041,3687000,0.0,0.0
2002-02-27 00:00:00-05:00,14.004141320473938,14.078153070355281,13.75567258277624,13.945988655090332,4837700,0.0,0.0
2002-02-28 00:00:00-05:00,14.025288972979576,14.08872733153868,13.797966003417967,13.797966003417969,4267500,0.0,0.0
2002-03-01 00:00:00-05:00,13.93012516980784,13.972417728998241,13.78210070847436,13.834966659545898,4336400,0.0,0.0
2002-03-04 00:00:00-05:00,13.90369849970272,14.326625307077242,13.877266015388217,14.19446086883545,5179900,0.0,0.0
2002-03-05 00:00:00-05:00,14.289620000265877,14.696685720083734,14.210320527464583,14.60152816772461,6318800,0.0,0.0
2002-03-06 00:00:00-05:00,14.717825045196232,15.1196048706878,14.686105877175212,14.834129333496094,5999500,0.0,0.0
2002-03-07 00:00:00-05:00,14.802413875541992,14.802413875541992,14.601524416612499,14.664962768554688,4185400,0.0,0.0
2002-03-08 00:00:00-05:00,14.696680564005707,14.908144406174458,14.664961391014126,14.754833221435547,4279800,0.0,0.0
2002-03-11 00:00:00-05:00,14.712535425926225,14.865846556179326,14.680816264207435,14.749541282653809,4396200,0.0,0.0
2002-03-12 00:00:00-05:00,14.643814804522119,15.087887235261,14.61738132154107,14.987442016601562,5145800,0.0,0.0
2002-03-13 00:00:00-05:00,14.923998184608113,15.304632158569483,14.448206725490373,14.749541282653809,10266000,0.0,0.0
2002-03-14 00:00:00-05:00,14.918713052070578,15.029731642214534,14.797122079135734,14.881707191467285,3966500,0.0,0.0
2002-03-15 00:00:00-05:00,15.040312385342055,15.299354544524123,14.961012921475763,15.183049201965332,5927700,0.0,0.0
2002-03-18 00:00:00-05:00,15.17246902345879,15.22004827401441,14.94514616154507,15.035017967224121,2980600,0.0,0.0
2002-03-19 00:00:00-05:00,14.971585397758725,15.230627541022539,14.971585397758725,15.225340843200684,2600100,0.0,0.0
2002-03-20 00:00:00-05:00,15.024444264151931,15.331065534508745,15.019157568829604,15.198901176452637,3627900,0.0,0.0
2002-03-21 00:00:00-05:00,15.18304056737117,15.36278416880134,15.077309689569539,15.172468185424805,3336800,0.0,0.0
2002-03-22 00:00:00-05:00,14.802408543321615,15.082597353749035,14.617378234863283,14.617378234863281,7366800,0.0,0.0
2002-03-25 00:00:00-05:00,14.353048844452145,14.559225925256895,14.300182900442362,14.390054702758789,4641800,0.0,0.0
2002-03-26 00:00:00-05:00,14.34777026984673,14.638532622300783,14.337197881728168,14.532800674438477,3029300,0.0,0.0
2002-03-27 00:00:00-05:00,14.485216317555766,14.855276996927993,14.421777977759186,14.770691871643066,3057100,0.0,0.0
2002-03-28 00:00:00-05:00,14.775976110104239,14.950433028026128,14.654384130440931,14.670244216918945,2958000,0.0,0.0
2002-04-01 00:00:00-05:00,14.564509196684604,14.601516057187803,14.326614000595686,14.405912399291992,3040700,0.0,0.0
2002-04-02 00:00:00-05:00,14.27374680259011,14.659666381548925,14.27374680259011,14.53807544708252,2470600,0.0,0.0
2002-04-03 00:00:00-05:00,14.511654889866765,14.680825199778788,14.384776149098164,14.532800674438477,3165700,0.0,0.0
2002-04-04 00:00:00-05:00,14.643810789550065,14.712535809789538,14.538078903283495,14.691390037536621,3526100,0.0,0.0
2002-04-05 00:00:00-05:00,14.569802060509456,15.06674044887616,14.569802060509456,14.987442016601562,4274100,0.0,0.0
2002-04-08 00:00:00-04:00,14.802416421274334,15.11961126053999,14.802416421274334,15.061458587646484,2683300,0.0,0.0
2002-04-09 00:00:00-04:00,15.1090300589836,15.315206144249993,14.812982165823179,14.881707191467285,7697300,0.0,0.0
2002-04-10 00:00:00-04:00,14.881708026887445,14.929287281286676,14.622665979788373,14.77597713470459,7097800,0.0,0.0
2002-04-11 00:00:00-04:00,14.828844917639122,14.92929014154082,14.548657041756847,14.649101257324219,4989700,0.0,0.0
2002-04-12 00:00:00-04:00,14.908141001826724,14.908141001826724,14.590946319340903,14.696677207946777,3588800,0.0,0.0
2002-04-15 00:00:00-04:00,14.538088795572666,14.670253239168781,14.35305837287117,14.485222816467285,3445600,0.0,0.0
2002-04-16 00:00:00-04:00,14.580367989867955,14.638520614323088,14.495782904297084,14.53807544708252,3608400,0.0,0.0
2002-04-17 00:00:00-04:00,14.458783568505183,14.538081995906923,14.310759097910179,14.358338356018066,3556600,0.0,0.0
2002-04-18 00:00:00-04:00,14.987437847129618,15.278199020692124,14.913425123707132,15.130175590515137,15718100,0.0,0.0
2002-04-19 00:00:00-04:00,15.188333929410486,15.220054114175106,14.961010980269576,15.119608879089355,7898300,0.0,0.0
2002-04-22 00:00:00-04:00,15.066739082336426,15.27291518921725,15.019159825620209,15.066739082336426,5023300,0.0,0.0
2002-04-23 00:00:00-04:00,15.198907844035768,15.436804196232725,15.066743428000674,15.209481239318848,8090000,0.0,0.0
2002-04-24 00:00:00-04:00,15.198903460251659,15.22533593250103,15.066739082336426,15.066739082336426,6256200,0.0,0.0
2002-04-25 00:00:00-04:00,14.818269877691488,15.225335380580235,14.812983181766421,14.976866722106934,5446300,0.0,0.0
2002-04-26 00:00:00-04:00,15.050877455203661,15.056164150779868,14.849988064978225,14.923999786376953,4092200,0.0,0.0
2002-04-29 00:00:00-04:00,14.807699300333086,15.14075314024255,14.80241260340318,14.913430213928223,3755300,0.0,0.0
2002-04-30 00:00:00-04:00,14.839418989884258,15.135466969919067,14.812986512649397,15.013875961303711,5078200,0.0,0.0
2002-05-01 00:00:00-04:00,15.013872183581174,15.114317386801948,14.83412856027415,15.056164741516113,6365800,0.0,0.0
2002-05-02 00:00:00-04:00,15.061452386219715,15.183043371901524,14.992727353370835,15.066739082336426,5392800,0.0,0.0
2002-05-03 00:00:00-04:00,15.161896479974889,15.542529497358915,15.124890618215428,15.48437786102295,8193100,0.0,0.0
2002-05-06 00:00:00-04:00,15.516092629682872,15.727555357188388,15.383928298950195,15.383928298950195,6205300,0.0,0.0
2002-05-07 00:00:00-04:00,15.516097044374613,15.74341991924689,15.341640118503767,15.442084312438965,6536800,0.0,0.0
2002-05-08 00:00:00-04:00,15.500245037322305,15.537250918413932,15.177763487807335,15.267635345458984,6518900,0.0,0.0
2002-05-09 00:00:00-04:00,15.177751352946473,15.595391124692718,15.177751352946473,15.479086875915527,4266800,0.0,0.0
2002-05-10 00:00:00-04:00,15.558385144081853,15.843859573560167,15.542525061425463,15.75927448272705,6923800,0.0,0.0
2002-05-13 00:00:00-04:00,15.843861792204642,16.13462396495152,15.81742932574309,16.07647132873535,7737300,0.0,0.0
2002-05-14 00:00:00-04:00,16.11876996707765,16.166349231343187,15.775142731642173,15.849154472351074,6105500,0.0,0.0
2002-05-15 00:00:00-04:00,15.859725038494371,15.960170246071733,15.817432478725086,15.891444206237793,5150500,0.0,0.0
2002-05-16 00:00:00-04:00,15.891443695170041,15.997175595360003,15.70641337400467,15.843864440917969,3765000,0.0,0.0
2002-05-17 00:00:00-04:00,15.833295855575258,15.896734204239195,15.595399527249567,15.865015029907227,3457300,0.0,0.0
2002-05-20 00:00:00-04:00,15.754000246291515,15.939030656930548,15.65355600170758,15.928457260131836,3534200,0.0,0.0
2002-05-21 00:00:00-04:00,16.039474515763736,16.07119369506836,15.89144999845127,16.07119369506836,4969800,0.0,0.0
2002-05-22 00:00:00-04:00,15.965456707407228,16.219212062292968,15.91259075638916,16.203351974487305,4612800,0.0,0.0
2002-05-23 00:00:00-04:00,16.15049214749719,16.240363995805733,15.886163300511411,16.07119369506836,4911000,0.0,0.0
2002-05-24 00:00:00-04:00,16.071193646661058,16.145206409261625,15.912596742281107,15.99718189239502,3574200,0.0,0.0
2002-05-28 00:00:00-04:00,15.939026832580566,16.071191235849618,15.917881052391394,15.939026832580566,2732700,0.0,0.0
2002-05-29 00:00:00-04:00,16.065904478455522,16.071191175566575,15.764569801465893,15.865015029907227,4084200,0.0,0.0
2002-05-30 00:00:00-04:00,15.828005242465034,15.991888779023956,15.70641325566249,15.738133430480957,3611100,0.0,0.0
2002-05-31 00:00:00-04:00,15.833296302668057,15.917881442164692,15.685271804381742,15.828009605407715,4978700,0.0,0.0
2002-06-03 00:00:00-04:00,15.859726728019067,15.907305988869867,15.59539794921875,15.59539794921875,3481800,0.0,0.0
2002-06-04 00:00:00-04:00,15.579531041904717,15.653543753248227,15.410360858834682,15.479086875915527,3723200,0.0,0.0
2002-06-05 00:00:00-04:00,15.489671335540393,15.886164639436492,15.463238851947832,15.854445457458496,3446600,0.0,0.0
2002-06-06 00:00:00-04:00,15.854440209187365,15.99189129670461,15.759281686418944,15.859726905822754,3547600,0.0,0.0
2002-06-07 00:00:00-04:00,15.738137298030288,15.89673417776033,15.6799846382399,15.822722434997559,4744400,0.0,0.0
2002-06-10 00:00:00-04:00,15.944305041253525,16.09232945710973,15.865006643175995,16.023603439331055,3295600,0.0,0.0
2002-06-11 00:00:00-04:00,15.986600680265575,16.092332570380044,15.70641187729605,15.75399112701416,4383600,0.0,0.0
2002-06-12 00:00:00-04:00,15.727558135986328,15.939020900853798,15.621826249385592,15.727558135986328,4315500,0.0,0.0
2002-06-13 00:00:00-04:00,15.701122862987921,15.828000499237595,15.558385144081853,15.75927448272705,3260900,0.0,0.0
2002-06-14 00:00:00-04:00,15.658836167834313,15.7011287290517,15.09317177509223,15.39450740814209,6104400,0.0,0.0
2002-06-17 00:00:00-04:00,15.74342159832774,15.81743332982284,15.542531172363587,15.764567375183105,5793000,0.0,0.0
2002-06-18 00:00:00-04:00,15.775137908370667,15.85972301712863,15.616541081532993,15.75399112701416,4414200,0.0,0.0
2002-06-19 00:00:00-04:00,15.80157520808554,16.0077523560143,15.695844293977732,15.849154472351074,3921300,0.0,0.0
2002-06-20 00:00:00-04:00,15.833296182510859,15.870302054718003,15.553107279845573,15.605973243713379,4129200,0.0,0.0
2002-06-21 00:00:00-04:00,15.383933992465685,15.674695224353291,15.251769612819647,15.33106803894043,9333600,0.0,0.0
2002-06-24 00:00:00-04:00,15.346930093555311,15.574252008667418,15.2041923032516,15.415655136108398,4283900,0.0,0.0
2002-06-25 00:00:00-04:00,15.346930551609246,15.558393390777496,15.257058718920947,15.357502937316895,6270300,0.0,0.0
2002-06-26 00:00:00-04:00,15.146036650388867,15.272914325008086,14.733684459959933,15.214762687683105,6713700,0.0,0.0
2002-06-27 00:00:00-04:00,15.188326789387675,15.257052815735182,14.91871139564107,15.156607627868652,5165000,0.0,0.0
2002-06-28 00:00:00-04:00,15.20947536347046,15.235907833132083,14.88170729466229,15.040305137634277,5790500,0.0,0.0
2002-07-01 00:00:00-04:00,15.045595987689635,15.130182137966953,14.81298735151391,14.855279922485352,4421500,0.0,0.0
2002-07-02 00:00:00-04:00,14.85527840199974,14.92929014154082,14.596236305271635,14.649101257324219,3136900,0.0,0.0
2002-07-03 00:00:00-04:00,14.696680392871324,14.849991575825015,14.316047296401619,14.501077651977539,5867300,0.0,0.0
2002-07-05 00:00:00-04:00,14.765404191758417,14.765404191758417,14.580373864397037,14.717824935913086,2444000,0.0,0.0
2002-07-08 00:00:00-04:00,14.670242874189848,14.791833834390186,14.543365218980714,14.749541282653809,4038200,0.0,0.0
2002-07-09 00:00:00-04:00,14.781262322165118,14.876420827744273,14.511647900802972,14.696677207946777,6434300,0.0,0.0
2002-07-10 00:00:00-04:00,14.802416337062247,15.066745200224073,14.760123759289739,14.849995613098145,8584600,0.0,0.0
2002-07-11 00:00:00-04:00,14.775985689242598,14.902863438318214,14.43764401670624,14.479936599731445,10354400,0.0,0.0
2002-07-12 00:00:00-04:00,14.458786409553388,14.495792282389976,14.194457594052722,14.33719539642334,6179000,0.0,0.0
2002-07-15 00:00:00-04:00,14.273752525710412,14.316045085453226,13.713375857034606,14.035856246948242,7724700,0.0,0.0
2002-07-16 00:00:00-04:00,13.84025332910649,14.009423565545655,13.71866234770761,13.771527290344238,4513400,0.0,0.0
2002-07-17 00:00:00-04:00,13.882550078318571,14.009427793942825,13.412045090170157,13.586502075195312,6011600,0.0,0.0
2002-07-18 00:00:00-04:00,13.544207891335414,13.692231371112571,13.274592399597166,13.274592399597168,4569000,0.0,0.0
2002-07-19 00:00:00-04:00,13.216436484067561,13.216436484067561,12.740644972307946,12.777650833129883,5930600,0.0,0.0
2002-07-22 00:00:00-04:00,12.423455211277751,12.904533609005153,12.053394439948452,12.317723274230957,9788300,0.0,0.0
2002-07-23 00:00:00-04:00,12.381161805258099,12.909819438260863,12.370588410597785,12.603198051452637,5388100,0.0,0.0
2002-07-24 00:00:00-04:00,12.159125070231672,12.941538093620244,12.032247364411988,12.566191673278809,9107400,0.0,0.0
2002-07-25 00:00:00-04:00,12.492176235648662,12.7723650726243,11.49830058295033,11.551166534423828,12944500,0.0,0.0
2002-07-26 00:00:00-04:00,11.693901366282883,12.423448086865967,11.582882795215557,12.418161392211914,7833600,0.0,0.0
2002-07-29 00:00:00-04:00,12.925677869524646,13.152999775507983,12.66663477530158,13.047268867492676,5593600,0.0,0.0
2002-07-30 00:00:00-04:00,12.989111376599922,13.36974532707453,12.872807118584854,12.952105522155762,5802200,0.0,0.0
2002-07-31 00:00:00-04:00,13.078985688942595,13.211150056464248,12.84637611977094,13.084272384643555,4265400,0.0,0.0
2002-08-01 00:00:00-04:00,13.031410593738238,13.396184646815469,12.846380218505765,12.86752700805664,5755100,0.0,0.0
2002-08-02 00:00:00-04:00,12.74593876787657,12.867529809260668,12.333585356876787,12.582054138183594,4221600,0.0,0.0
2002-08-05 00:00:00-04:00,12.465746945871789,12.788228424670487,12.465746945871789,12.603198051452637,3880600,0.0,0.0
2002-08-06 00:00:00-04:00,12.603196830239169,12.745934619319295,12.13797759360787,12.148550987243652,5356100,0.0,0.0
2002-08-07 00:00:00-04:00,12.386447397996914,12.492178310168008,12.01638668456227,12.349441528320312,6070400,0.0,0.0
2002-08-08 00:00:00-04:00,12.423450999789766,12.529182900993973,11.667470628681864,11.894793510437012,11689500,0.0,0.0
2002-08-09 00:00:00-04:00,11.646324030674098,12.095682058211237,11.62517724859354,12.032243728637695,6870000,0.0,0.0
2002-08-12 00:00:00-04:00,11.974087393735008,12.312428744349297,11.767911373699528,12.116825103759766,5669900,0.0,0.0
2002-08-13 00:00:00-04:00,12.116826875466215,12.280710376679457,11.931796595601506,11.979375839233398,5200900,0.0,0.0
2002-08-14 00:00:00-04:00,11.878934561498525,12.291287805723108,11.794349435760287,12.159123420715332,5387700,0.0,0.0
2002-08-15 00:00:00-04:00,12.222562274999635,12.772365570068358,12.15912292909384,12.77236557006836,5306800,0.0,0.0
2002-08-16 00:00:00-04:00,12.872816507799278,12.872816507799278,12.539761558209356,12.582054138183594,5529700,0.0,0.0
2002-08-19 00:00:00-04:00,12.529184204619751,13.052555052534123,12.444599078189201,13.010262489318848,4797300,0.0,0.0
2002-08-20 00:00:00-04:00,13.015553906991936,13.015553906991936,12.7142181504013,12.883389472961426,6032500,0.0,0.0
2002-08-21 00:00:00-04:00,12.952107425731253,13.089558482677875,12.8199430642442,12.96268081665039,5060600,0.0,0.0
2002-08-22 00:00:00-04:00,13.047266859565184,13.057840251239792,12.671919521789599,12.899242401123047,3204800,0.0,0.0
2002-08-23 00:00:00-04:00,12.767082214355469,13.010265260899338,12.687783767475638,12.767082214355469,2833100,0.0,0.0
2002-08-26 00:00:00-04:00,12.87280878457677,12.88866786234308,12.344151347906957,12.666631698608398,3174500,0.0,0.0
2002-08-27 00:00:00-04:00,12.687784627793917,12.793516569692677,12.476321752330923,12.60848617553711,3663600,0.0,0.0
2002-08-28 00:00:00-04:00,12.434026280344009,12.724787540321902,12.407592796860559,12.460458755493164,5003900,0.0,0.0
2002-08-29 00:00:00-04:00,12.465746484803375,12.745935382931929,12.296576209833068,12.587337493896484,3714800,0.0,0.0
2002-08-30 00:00:00-04:00,12.597907503511369,12.740645262793892,12.460456439943101,12.560901641845703,2404600,0.0,0.0
2002-09-03 00:00:00-04:00,12.460457560500569,12.47103095287993,12.122117071034555,12.174983024597168,3968700,0.0,0.0
2002-09-04 00:00:00-04:00,12.169701462351822,12.174988160771765,11.630470323533158,11.75734806060791,6918100,0.0,0.0
2002-09-05 00:00:00-04:00,11.55117040827261,11.730914098561609,11.001365941898143,11.614608764648438,10084700,0.0,0.0
2002-09-06 00:00:00-04:00,11.604034720160055,11.736199120123908,11.085949505967644,11.292126655578613,8580300,0.0,0.0
2002-09-09 00:00:00-04:00,11.075374814967752,11.466581236431104,11.054228031374747,11.339703559875488,7200600,0.0,0.0
2002-09-10 00:00:00-04:00,11.41371478240306,11.524732366367708,11.017221682528014,11.260403633117676,6051600,0.0,0.0
2002-09-11 00:00:00-04:00,11.339699216987686,11.408424220676313,11.255114131678411,11.281546592712402,4819600,0.0,0.0
2002-09-12 00:00:00-04:00,10.95379015489394,10.95379015489394,10.515004185099318,10.737040519714355,15956100,0.0,0.0
2002-09-13 00:00:00-04:00,10.626020969933553,10.93264242440587,10.57844169179693,10.853343963623047,8307000,0.0,0.0
2002-09-16 00:00:00-04:00,11.207543021670528,11.598749576970823,11.075378604001463,11.466585159301758,8819100,0.0,0.0
2002-09-17 00:00:00-04:00,11.2075401495141,11.2075401495141,9.99162721356003,9.99691390991211,24164600,0.0,0.0
2002-09-18 00:00:00-04:00,9.833033484690771,9.885899456696519,9.462972688985086,9.600423812866211,19584200,0.0,0.0
2002-09-19 00:00:00-04:00,9.415388101389976,9.727296051029004,9.41010140633952,9.436534881591797,14969100,0.0,0.0
2002-09-20 00:00:00-04:00,9.515837155999861,9.642714863746399,9.41010522871055,9.489404678344727,13001200,0.0,0.0
2002-09-23 00:00:00-04:00,9.436540207149488,9.732588238713307,9.410106716979339,9.600423812866211,9294400,0.0,0.0
2002-09-24 00:00:00-04:00,9.494690863829007,9.558130225187671,9.357240762831706,9.462971687316895,9042300,0.0,0.0
2002-09-25 00:00:00-04:00,9.515833891224014,9.72729666491774,9.436535477130624,9.568699836730957,8970600,0.0,0.0
2002-09-26 00:00:00-04:00,9.558128934472467,9.833031116013576,9.5369831557647,9.753732681274414,7466000,0.0,0.0
2002-09-27 00:00:00-04:00,9.658576024218247,9.965197437288612,9.621570148072005,9.711441993713379,11367800,0.0,0.0
2002-09-30 00:00:00-04:00,9.462968716110463,9.531694753364782,9.20921336701942,9.336091041564941,10127700,0.0,0.0
2002-10-01 00:00:00-04:00,9.431250718058179,9.769591225432169,9.325518805336683,9.663860321044922,7175900,0.0,0.0
2002-10-02 00:00:00-04:00,9.536982129519,9.981053517939987,9.51583534475247,9.616280555725098,7297300,0.0,0.0
2002-10-03 00:00:00-04:00,9.589847875333607,9.75901813425151,9.378385051686227,9.404818534851074,5072700,0.0,0.0
2002-10-04 00:00:00-04:00,9.489403098035837,9.536982356559019,9.12462911880284,9.251506805419922,5223500,0.0,0.0
2002-10-07 00:00:00-04:00,9.119341910645149,9.351951493887924,9.098195126562095,9.22507381439209,5395000,0.0,0.0
2002-10-08 00:00:00-04:00,9.251505893066602,9.436536212594758,9.092909052519108,9.283225059509277,5135300,0.0,0.0
2002-10-09 00:00:00-04:00,9.172208017673109,9.283225610984593,8.66998297888088,8.754568099975586,7750400,0.0,0.0
2002-10-10 00:00:00-04:00,8.574819725813246,9.151056174963692,8.326351195980903,9.077044486999512,11885600,0.0,0.0
2002-10-11 00:00:00-04:00,9.209217671792644,9.648003546161394,9.119345817604605,9.499979019165039,6815000,0.0,0.0
2002-10-14 00:00:00-04:00,9.420680561548439,9.515839114022198,9.330808707360402,9.499979019165039,3317500,0.0,0.0
2002-10-15 00:00:00-04:00,9.600415172166318,9.806591168255329,9.299080713779722,9.5475492477417,7869800,0.0,0.0
2002-10-16 00:00:00-04:00,9.277939278673147,9.39424458098947,9.151061592056067,9.251506805419922,4948600,0.0,0.0
2002-10-17 00:00:00-04:00,9.293800904355118,9.425965309143066,9.034758791970866,9.425965309143066,6647800,0.0,0.0
2002-10-18 00:00:00-04:00,9.235643862567125,9.320228960840925,9.124626299207977,9.240930557250977,5251500,0.0,0.0
2002-10-21 00:00:00-04:00,9.299088211642204,9.7537341166082,9.246222244591712,9.674434661865234,6977500,0.0,0.0
2002-10-22 00:00:00-04:00,10.0180606842041,10.546718218814677,9.864749515166606,10.018060684204102,16937000,0.0,0.0
2002-10-23 00:00:00-04:00,9.859464797940745,10.240098944600115,9.790739748313042,10.17665958404541,6447600,0.0,0.0
2002-10-24 00:00:00-04:00,10.192518568954872,10.2083776511198,9.817171160480585,9.891182899475098,4563400,0.0,0.0
2002-10-25 00:00:00-04:00,9.743155051032995,9.90703854600862,9.663856650776005,9.780160903930664,5127400,0.0,0.0
2002-10-28 00:00:00-05:00,9.949335896010233,9.959909290037409,9.648001224576145,9.685007095336914,3868500,0.0,0.0
2002-10-29 00:00:00-05:00,9.605711498973587,9.80660100325809,9.462973662375976,9.737875938415527,3796300,0.0,0.0
2002-10-30 00:00:00-05:00,9.706152852701933,9.711439549154132,9.441824080097495,9.621567726135254,4758600,0.0,0.0
2002-10-31 00:00:00-05:00,9.568700311494707,9.727297147550484,9.462968415234796,9.573987007141113,5394100,0.0,0.0
2002-11-01 00:00:00-05:00,9.526409700640379,9.716725741116809,9.505262913735054,9.584561347961426,4333200,0.0,0.0
2002-11-04 00:00:00-05:00,9.685001898147718,9.917611400250381,9.62156358469578,9.743154525756836,7347800,0.0,0.0
2002-11-05 00:00:00-05:00,9.780169055772767,10.007492065429688,9.727303075425972,10.007492065429688,5764700,0.0,0.0
2002-11-06 00:00:00-05:00,9.95462376966267,10.160799935890935,9.880612019392926,10.076214790344238,7627900,0.0,0.0
2002-11-07 00:00:00-05:00,10.044496143372566,10.414556930935891,9.938764201687466,10.208379745483398,7843400,0.0,0.0
2002-11-08 00:00:00-05:00,9.2515073574978,9.468256877778149,8.72284979421221,9.404818534851074,19940700,0.0,0.0
2002-11-11 00:00:00-05:00,9.172208698196235,9.240933736059354,9.029470917633308,9.034757614135742,7006900,0.0,0.0
2002-11-12 00:00:00-05:00,8.9871783539481,9.11934274150616,8.590685191273918,9.034757614135742,10766200,0.0,0.0
2002-11-13 00:00:00-05:00,8.930234426450127,9.208969482405863,8.855190766151733,9.192888259887695,8041100,0.235,0.0
2002-11-14 00:00:00-05:00,9.192883744818179,9.316169989726047,9.091038097010829,9.273287773132324,6033100,0.0,0.0
2002-11-15 00:00:00-05:00,9.273286574046393,9.375132208684555,9.166081557620616,9.316168785095215,6561400,0.0,0.0
2002-11-18 00:00:00-05:00,9.396571955637242,9.600262161989903,9.31616693132653,9.514497756958008,8322800,0.0,0.0
2002-11-19 00:00:00-05:00,9.48770240455275,9.653870910295975,9.401937948530893,9.562746047973633,5145300,0.0,0.0
2002-11-20 00:00:00-05:00,9.530582335553392,9.755714233948913,9.514501120527742,9.675309181213379,4007200,0.0,0.0
2002-11-21 00:00:00-05:00,9.675308280616976,10.11485224887003,9.675308280616976,10.023727416992188,5377100,0.0,0.0
2002-11-22 00:00:00-05:00,9.932606139448954,10.211340116943045,9.927245733021165,9.991568565368652,5764200,0.0,0.0
2002-11-25 00:00:00-05:00,9.905806209478593,10.01301231599922,9.664594003396992,9.771799087524414,6269200,0.0,0.0
2002-11-26 00:00:00-05:00,9.63242854315755,9.86292088436001,9.616348347887628,9.766435623168945,4250500,0.0,0.0
2002-11-27 00:00:00-05:00,9.750352627174367,9.991564688472568,9.734271414130784,9.916521072387695,4094800,0.0,0.0
2002-11-29 00:00:00-05:00,9.852197242605955,9.991564688472568,9.77179322217322,9.916521072387695,2289200,0.0,0.0
2002-12-02 00:00:00-05:00,9.986205444363454,10.104132308932446,9.884360817099136,10.04516887664795,5120100,0.0,0.0
2002-12-03 00:00:00-05:00,10.02373137638348,10.029090760617418,9.723554739631695,9.7771577835083,4543000,0.0,0.0
2002-12-04 00:00:00-05:00,9.659230738737978,9.996928136322346,9.434098799550767,9.846840858459473,7108600,0.0,0.0
2002-12-05 00:00:00-05:00,9.739635563140045,10.27566393530539,9.530584825161315,10.06661319732666,14118700,0.0,0.0
2002-12-06 00:00:00-05:00,9.825401602481014,9.927247295856473,9.589548794493215,9.632431030273438,8393200,0.0,0.0
2002-12-09 00:00:00-05:00,9.568102099867879,9.627064497553745,9.20896322032171,9.326889038085938,9447700,0.0,0.0
2002-12-10 00:00:00-05:00,9.332254114018175,9.364415530892796,9.208967830671291,9.300092697143555,6246500,0.0,0.0
2002-12-11 00:00:00-05:00,9.166086321930923,9.294733021944838,9.074961448288597,9.21968936920166,6536300,0.0,0.0
2002-12-12 00:00:00-05:00,9.219684028043684,9.396573265886275,9.219684028043684,9.326889038085938,5779100,0.0,0.0
2002-12-13 00:00:00-05:00,9.198247766611516,9.48234320225191,9.17680716108016,9.294733047485352,5476300,0.0,0.0
2002-12-16 00:00:00-05:00,9.380492612864728,9.407293611373031,9.187522151948748,9.316168785095215,6332700,0.0,0.0
2002-12-17 00:00:00-05:00,8.871266200572649,8.940950438323336,8.35131922052259,8.571090698242188,35334900,0.0,0.0
2002-12-18 00:00:00-05:00,8.426366018373502,8.619336045226092,8.415645205727895,8.555012702941895,13276500,0.0,0.0
2002-12-19 00:00:00-05:00,8.431725051427874,8.51749001023455,8.313799191562001,8.383482933044434,11189100,0.0,0.0
2002-12-20 00:00:00-05:00,8.308440556601871,8.501410604853485,8.292359847046706,8.442447662353516,19431600,0.0,0.0
2002-12-23 00:00:00-05:00,8.147629317956799,8.33523941040039,8.131548613551924,8.33523941040039,11363100,0.0,0.0
2002-12-24 00:00:00-05:00,8.23875606453552,8.345961637323926,8.211954543539296,8.29771900177002,3861900,0.0,0.0
2002-12-26 00:00:00-05:00,8.308438995510386,8.394203445285513,8.286997883066604,8.35132122039795,5791900,0.0,0.0
2002-12-27 00:00:00-05:00,8.303078848683425,8.399564113289319,8.292358547725247,8.308439254760742,6064500,0.0,0.0
2002-12-30 00:00:00-05:00,8.378124312936311,8.442447662353516,8.254837509822599,8.442447662353516,7187600,0.0,0.0
2002-12-31 00:00:00-05:00,8.415648080186704,8.619338989257812,8.36740542919662,8.619338989257812,7717100,0.0,0.0
2003-01-02 00:00:00-05:00,8.667577029211673,8.892708939933772,8.549650668548576,8.871267318725586,8308500,0.0,0.0
2003-01-03 00:00:00-05:00,8.844468890399991,8.871269902322762,8.592535902189496,8.640778541564941,5714800,0.0,0.0
2003-01-06 00:00:00-05:00,8.710463110559209,8.935595121081699,8.667580871526031,8.924874305725098,7310900,0.0,0.0
2003-01-07 00:00:00-05:00,8.924869933913499,8.940951149071083,8.76406187190857,8.935590744018555,4952400,0.0,0.0
2003-01-08 00:00:00-05:00,8.860548689447423,9.069599411606589,8.823025847425221,9.026717185974121,5686000,0.0,0.0
2003-01-09 00:00:00-05:00,8.999914869228204,9.166083341584123,8.978473248334405,9.042797088623047,8273300,0.0,0.0
2003-01-10 00:00:00-05:00,8.96775340627459,9.246488373636767,8.92487118224909,9.241127967834473,7726900,0.0,0.0
2003-01-13 00:00:00-05:00,9.300091348338555,9.31617154324723,9.139282242501801,9.2893705368042,5546100,0.0,0.0
2003-01-14 00:00:00-05:00,9.192885322883109,9.241127952631539,9.032077238650254,9.091039657592773,7430300,0.0,0.0
2003-01-15 00:00:00-05:00,8.962392144161234,9.032076390540235,8.806944480318357,8.946311950683594,6401700,0.0,0.0
2003-01-16 00:00:00-05:00,8.962396003042294,9.053520887424126,8.388845681153848,8.496051788330078,17167700,0.0,0.0
2003-01-17 00:00:00-05:00,8.496048820018128,8.50140871454704,8.152990521542916,8.281637191772461,14052300,0.0,0.0
2003-01-21 00:00:00-05:00,8.37276118262572,8.388841886950342,8.206592711813071,8.222673416137695,6566700,0.0,0.0
2003-01-22 00:00:00-05:00,8.217312964893951,8.54429001070877,8.147629231616097,8.233393669128418,7321500,0.0,0.0
2003-01-23 00:00:00-05:00,8.002902530221036,8.190512124931411,7.8528142410170405,8.040424346923828,14923500,0.0,0.0
2003-01-24 00:00:00-05:00,8.190511493548119,8.20659270906373,7.922497369311106,7.986820697784424,9160100,0.0,0.0
2003-01-27 00:00:00-05:00,7.847456746922311,8.035066399016667,7.847456746922311,7.879618167877197,6047700,0.0,0.0
2003-01-28 00:00:00-05:00,7.879615632671765,7.92249785427897,7.7724100786537536,7.863534927368164,6247000,0.0,0.0
2003-01-29 00:00:00-05:00,7.868898479419287,7.868898479419287,7.638406062715824,7.708089828491211,6954300,0.0,0.0
2003-01-30 00:00:00-05:00,7.745606145092556,7.8045695647983955,7.611599116592006,7.750966548919678,7055600,0.0,0.0
2003-01-31 00:00:00-05:00,7.638401786478479,7.713445917885084,7.456152118202668,7.6330413818359375,8874300,0.0,0.0
2003-02-03 00:00:00-05:00,7.5419184418931176,7.836734125725285,7.5419184418931176,7.7831315994262695,6697300,0.0,0.0
2003-02-04 00:00:00-05:00,7.654485142504106,7.713448591618066,7.531198860168552,7.665205955505371,6807300,0.0,0.0
2003-02-05 00:00:00-05:00,7.6652048210413675,7.761689567790342,7.531197745537835,7.536558151245117,4762500,0.0,0.0
2003-02-06 00:00:00-05:00,7.4829568694745285,7.568721336095995,7.332869052886963,7.332869052886963,5625100,0.0,0.0
2003-02-07 00:00:00-05:00,7.386467918101487,7.488313554998037,7.225659367504396,7.263181686401367,5469300,0.0,0.0
2003-02-10 00:00:00-05:00,7.311426937213063,7.375750278390151,7.26854470976167,7.343588352203369,4617300,0.0,0.0
2003-02-11 00:00:00-05:00,7.407911516704876,7.60088204683035,7.402551621798638,7.450793743133545,6907300,0.0,0.0
2003-02-12 00:00:00-05:00,7.402550174567155,7.5311968287021696,7.327506037390215,7.413270473480225,5807600,0.0,0.0
2003-02-13 00:00:00-05:00,7.3167884679645185,7.354310808770215,7.188141756850502,7.273906230926514,5902700,0.0,0.0
2003-02-14 00:00:00-05:00,7.139897772258367,7.311427199411711,7.054133314279941,7.300706386566162,7219000,0.0,0.0
2003-02-18 00:00:00-05:00,7.118453216907884,7.247100352887684,7.107732920440711,7.209578037261963,5558000,0.0,0.0
2003-02-19 00:00:00-05:00,7.231021601943144,7.300705341878408,7.188139379090124,7.236382007598877,4610800,0.0,0.0
2003-02-20 00:00:00-05:00,7.370387518213718,7.370387518213718,7.129174938038713,7.172057151794434,3686300,0.0,0.0
2003-02-21 00:00:00-05:00,7.107735087885046,7.338226899776402,7.086293977216166,7.279263973236084,3961400,0.0,0.0
2003-02-24 00:00:00-05:00,7.289985546497658,7.295345441328072,7.054132793279967,7.113096237182617,4030900,0.0,0.0
2003-02-25 00:00:00-05:00,7.12917640899433,7.12917640899433,6.9308460016537365,7.048771858215332,6676800,0.0,0.0
2003-02-26 00:00:00-05:00,6.995171887938212,7.05949524531369,6.845084054062097,6.866525173187256,5776300,0.0,0.0
2003-02-27 00:00:00-05:00,6.8986856030672765,7.107736867837751,6.8611637777994465,7.102376461029053,7317600,0.0,0.0
2003-02-28 00:00:00-05:00,7.155975524283483,7.338224653585281,7.113093316071737,7.295342445373535,9021200,0.0,0.0
2003-03-03 00:00:00-05:00,7.423994441364544,7.423994441364544,7.070215225219727,7.070215225219727,4813200,0.0,0.0
2003-03-04 00:00:00-05:00,6.9737261179434045,7.021968731600531,6.920123100280762,6.920123100280762,3717900,0.0,0.0
2003-03-05 00:00:00-05:00,6.952289303824005,6.995171539941009,6.8343628989039535,6.845083713531494,4830400,0.0,0.0
2003-03-06 00:00:00-05:00,6.711074801910051,6.887964106354335,6.705714396030784,6.759316921234131,6533900,0.0,0.0
2003-03-07 00:00:00-05:00,6.678910123176876,6.914762261428767,6.6681893158400385,6.871880054473877,7185100,0.0,0.0
2003-03-10 00:00:00-05:00,6.834357776641846,6.866519685222957,6.652108154140006,6.700350761413574,5142700,0.0,0.0
2003-03-11 00:00:00-05:00,6.657471249988762,6.807559024611102,6.657471249988762,6.684272766113281,5086900,0.0,0.0
2003-03-12 00:00:00-05:00,6.673552492860258,6.727155529427988,6.496663187861769,6.636030673980713,8575400,0.0,0.0
2003-03-13 00:00:00-05:00,6.753956630354639,6.882603296731807,6.711074408228916,6.861162185668945,10172600,0.0,0.0
2003-03-14 00:00:00-05:00,6.861163532787548,7.257824420928955,6.8397224175149445,7.257824420928955,13697400,0.0,0.0
2003-03-17 00:00:00-05:00,7.257823897300585,7.348948758433912,7.097015288759626,7.343588352203369,8290700,0.0,0.0
2003-03-18 00:00:00-05:00,7.450794024265816,7.718808205155903,7.3703899744773835,7.670566082000732,10155400,0.0,0.0
2003-03-19 00:00:00-05:00,7.622319839776181,7.868892789932537,7.568716824491488,7.809929370880127,7109700,0.0,0.0
2003-03-20 00:00:00-05:00,7.809935017734247,7.809935017734247,7.488318227074704,7.708089828491211,4927000,0.0,0.0
2003-03-21 00:00:00-05:00,7.724167531388887,7.895696419590748,7.611601570707314,7.852814197540283,6466700,0.0,0.0
2003-03-24 00:00:00-05:00,7.67592548951582,7.718807714838532,7.472234663634712,7.520477294921875,4625800,0.0,0.0
2003-03-25 00:00:00-05:00,7.52047946682293,7.665207402481591,7.397193161214378,7.590163230895996,3991000,0.0,0.0
2003-03-26 00:00:00-05:00,7.638403020031316,7.708086758048855,7.547278171177336,7.627682209014893,4533600,0.0,0.0
2003-03-27 00:00:00-05:00,7.58479842094136,7.868893719848812,7.568717718934091,7.772408485412598,7010500,0.0,0.0
2003-03-28 00:00:00-05:00,7.7724093058304975,8.147628963183044,7.692005276110793,7.9546589851379395,8474800,0.0,0.0
2003-03-31 00:00:00-05:00,7.799209160971275,7.842091369195751,7.675922428928721,7.750966548919678,5990900,0.0,0.0
2003-04-01 00:00:00-05:00,7.826012713020045,7.84209341750535,7.509755961362907,7.5311970710754395,6653500,0.0,0.0
2003-04-02 00:00:00-05:00,7.557999863899636,7.772410997276966,7.557999863899636,7.6759257316589355,7613600,0.0,0.0
2003-04-03 00:00:00-05:00,7.73488606979354,7.740245962577668,7.440070496423594,7.547276020050049,6190900,0.0,0.0
2003-04-04 00:00:00-05:00,7.584801276580874,7.79921293258667,7.584801276580874,7.79921293258667,6929300,0.0,0.0
2003-04-07 00:00:00-04:00,7.9868202097770595,8.501407317317891,7.906416181897319,8.469245910644531,20227400,0.0,0.0
2003-04-08 00:00:00-04:00,8.549654133627937,8.603256674783758,8.372764776540205,8.490691184997559,14791600,0.0,0.0
2003-04-09 00:00:00-04:00,8.533571198043525,8.533571198043525,8.238755509344982,8.308439254760742,8911300,0.0,0.0
2003-04-10 00:00:00-04:00,8.388841371568448,8.469245910644531,8.211952101275944,8.469245910644531,6238700,0.0,0.0
2003-04-11 00:00:00-04:00,8.463884154293572,8.54428816933446,8.35131822651857,8.458523750305176,4512900,0.0,0.0
2003-04-14 00:00:00-04:00,8.410282333591102,8.51748838382946,8.28163568674067,8.415642738342285,5832800,0.0,0.0
2003-04-15 00:00:00-04:00,8.442448734741964,8.522852803927531,8.372764969556057,8.496051788330078,5099800,0.0,0.0
2003-04-16 00:00:00-04:00,8.453168476187985,8.496050709132788,8.324521266157038,8.442447662353516,5860300,0.0,0.0
2003-04-17 00:00:00-04:00,8.442448005080223,8.576455116271973,8.051147485774663,8.576455116271973,4660400,0.0,0.0
2003-04-21 00:00:00-04:00,8.603255370183971,8.67830004105483,8.469248782016917,8.581814765930176,4479400,0.0,0.0
2003-04-22 00:00:00-04:00,8.496048323499972,8.624694986211267,8.469246807636019,8.603253364562988,6030800,0.0,0.0
2003-04-23 00:00:00-04:00,8.603256873113098,8.608617280711231,8.485330973133813,8.496051788330078,5569900,0.0,0.0
2003-04-24 00:00:00-04:00,8.469247903606664,8.57645346973911,8.4370859781687,8.533571243286133,3824800,0.0,0.0
2003-04-25 00:00:00-04:00,8.533574236604776,8.576456478099542,8.46389046637662,8.474611282348633,4201900,0.0,0.0
2003-04-28 00:00:00-04:00,8.817666402925747,9.08568056687616,8.65685729111976,9.074959754943848,15176600,0.0,0.0
2003-04-29 00:00:00-04:00,9.230410794695853,9.326896092384255,9.139285904922726,9.2625732421875,9600800,0.0,0.0
2003-04-30 00:00:00-04:00,9.171446603792678,9.257211069298735,9.04279990553359,9.166086196899414,10335900,0.0,0.0
2003-05-01 00:00:00-04:00,9.139284454230506,9.219689537803536,8.957034703613026,9.198247909545898,5473300,0.0,0.0
2003-05-02 00:00:00-04:00,9.230402056472718,9.476975475183243,9.149998058646876,9.428732872009277,4660400,0.0,0.0
2003-05-05 00:00:00-04:00,9.476978199192546,9.476978199192546,9.246485922752706,9.37513256072998,5003300,0.0,0.0
2003-05-06 00:00:00-04:00,9.396575577285704,9.664589701907047,9.375133956567478,9.584184646606445,8195200,0.0,0.0
2003-05-07 00:00:00-04:00,9.45554126553947,9.552026547415277,9.246490503070623,9.321534156799316,7425000,0.0,0.0
2003-05-08 00:00:00-04:00,9.139284382850958,9.31617372502249,9.074961543366637,9.246490478515625,6003200,0.0,0.0
2003-05-09 00:00:00-04:00,9.380492917259367,9.434095938407939,9.305449301086922,9.423375129699707,6053800,0.0,0.0
2003-05-12 00:00:00-04:00,9.428737726260824,9.809317322355545,9.348333687040105,9.80395793914795,8589200,0.0,0.0
2003-05-13 00:00:00-04:00,9.803957543250839,9.87900117384077,9.643148448910264,9.79323673248291,8963800,0.0,0.0
2003-05-14 00:00:00-04:00,9.862922139402183,9.948686599731445,9.675311999034545,9.948686599731445,5266900,0.0,0.0
2003-05-15 00:00:00-04:00,9.916522171337945,10.082690634966085,9.884360764079238,9.970125198364258,8349000,0.0,0.0
2003-05-16 00:00:00-04:00,10.023730405226923,10.039810601156846,9.88436291360768,9.927245140075684,4385600,0.0,0.0
2003-05-19 00:00:00-04:00,9.879004701413212,9.879004701413212,9.702115350150283,9.73427677154541,3927000,0.0,0.0
2003-05-20 00:00:00-04:00,9.728916411981821,9.916526578761342,8.887351887529304,9.08568286895752,27215600,0.0,0.0
2003-05-21 00:00:00-04:00,9.369773016066373,9.380493825812977,9.06423709503701,9.273287773132324,22420100,0.0,0.0
2003-05-22 00:00:00-04:00,9.364416710774094,9.546666466681408,9.289373054480427,9.380497932434082,10871500,0.0,0.0
2003-05-23 00:00:00-04:00,9.380493673281451,9.568103751225616,9.321530243026599,9.541301727294922,6701700,0.0,0.0
2003-05-27 00:00:00-04:00,9.546666245332988,9.653872342460957,9.434100763502421,9.525225639343262,6552900,0.0,0.0
2003-05-28 00:00:00-04:00,9.600267904866316,9.889723711795574,9.573466895658628,9.787878036499023,9309600,0.0,0.0
2003-05-29 00:00:00-04:00,9.734273791422098,9.980847339678611,9.734273791422098,9.830759048461914,4557900,0.0,0.0
2003-05-30 00:00:00-04:00,9.830759463187235,10.093413217102267,9.820038651421019,10.039810180664062,6125000,0.0,0.0
2003-06-02 00:00:00-04:00,10.141658390748482,10.398951803298512,10.039812698216668,10.130937576293945,7648400,0.0,0.0
2003-06-03 00:00:00-04:00,10.130934537632875,10.28102282779965,10.034449281268008,10.275662422180176,4458900,0.0,0.0
2003-06-04 00:00:00-04:00,10.254219958295698,10.307822987699227,10.157735732240644,10.179176330566406,4967400,0.0,0.0
2003-06-05 00:00:00-04:00,10.179179375630698,10.388230128209205,10.077333691536504,10.334628105163574,6365700,0.0,0.0
2003-06-06 00:00:00-04:00,10.693766521457258,11.433485231266,10.666964489193141,11.28875732421875,20814200,0.0,0.0
2003-06-09 00:00:00-04:00,11.031462878082365,11.219072996149007,10.934977616082785,11.186911582946777,8762500,0.0,0.0
2003-06-10 00:00:00-04:00,11.165470215599985,11.621094506397403,10.983220499281018,11.615734100341797,10202700,0.0,0.0
2003-06-11 00:00:00-04:00,11.605016512586454,11.760465264210428,11.37452410011957,11.599656105041504,8110500,0.0,0.0
2003-06-12 00:00:00-04:00,11.605013186661,11.690777638014248,11.347719832601255,11.588932991027832,5308100,0.0,0.0
2003-06-13 00:00:00-04:00,11.524605909403602,11.663973359367226,11.422760268585451,11.503164291381836,3713000,0.0,0.0
2003-06-16 00:00:00-04:00,11.481722779600805,11.899825096130371,11.476362375523081,11.899825096130371,5991900,0.0,0.0
2003-06-17 00:00:00-04:00,11.899825096130371,11.964147900277974,11.749736849131736,11.899825096130371,6999500,0.0,0.0
2003-06-18 00:00:00-04:00,11.899824898276288,11.899824898276288,11.765817865738908,11.819419860839844,4387000,0.0,0.0
2003-06-19 00:00:00-04:00,11.615730891614797,11.787259748439457,11.390599011434272,11.556767463684082,7900900,0.0,0.0
2003-06-20 00:00:00-04:00,11.755103042172093,11.83550709814895,11.55677208319567,11.803345680236816,9686200,0.0,0.0
2003-06-23 00:00:00-04:00,11.797984808136222,12.0231167694267,11.67469852567532,11.990955352783203,6623700,0.0,0.0
2003-06-24 00:00:00-04:00,12.060639970051326,12.189286673711365,11.9534338724714,12.07672119140625,6590100,0.0,0.0
2003-06-25 00:00:00-04:00,12.08744467436692,12.114246718142944,11.846232414743291,11.921276092529297,5600400,0.0,0.0
2003-06-26 00:00:00-04:00,11.899833055050419,12.03384017944336,11.765825930657478,12.03384017944336,4332600,0.0,0.0
2003-06-27 00:00:00-04:00,11.980234539771038,12.301851773385005,11.883749267447547,11.990955352783203,5476700,0.0,0.0
2003-06-30 00:00:00-04:00,11.990957660050352,12.071361728326725,11.739023617753004,11.824788093566895,5748900,0.0,0.0
2003-07-01 00:00:00-04:00,11.68541809366289,11.830145999390757,11.476367355873514,11.760462760925293,6189300,0.0,0.0
2003-07-02 00:00:00-04:00,11.685418850546554,12.210727465836541,11.631816827821067,12.17856502532959,6537700,0.0,0.0
2003-07-03 00:00:00-04:00,12.060641794965088,12.328656057075424,12.007038738064367,12.12496566772461,4350100,0.0,0.0
2003-07-07 00:00:00-04:00,12.114240169763162,12.457297965508156,12.044555916006912,12.27504825592041,6528600,0.0,0.0
2003-07-08 00:00:00-04:00,12.205362983778196,12.30720761086567,12.15712036151878,12.221443176269531,7178500,0.0,0.0
2003-07-09 00:00:00-04:00,12.194646959373308,12.34473529001173,12.039198221669968,12.248250007629395,7697300,0.0,0.0
2003-07-10 00:00:00-04:00,12.24824741665209,12.24824741665209,11.856946985226092,11.931990623474121,5246200,0.0,0.0
2003-07-11 00:00:00-04:00,11.931993361144697,12.248250226884482,11.878390311929065,12.103522300720215,5054200,0.0,0.0
2003-07-14 00:00:00-04:00,12.242888674271702,12.285770905153496,11.717581090371484,11.74974250793457,14126000,0.0,0.0
2003-07-15 00:00:00-04:00,11.899830783411913,11.899830783411913,11.192272442877437,11.299478530883789,13689300,0.0,0.0
2003-07-16 00:00:00-04:00,11.310202035731951,11.347723868745602,11.095790831087319,11.3209228515625,10086600,0.0,0.0
2003-07-17 00:00:00-04:00,11.256595642364587,11.288757057929883,10.934978419532719,10.983221054077148,5163800,0.0,0.0
2003-07-18 00:00:00-04:00,11.202992027912995,11.529969640330348,11.165470207942397,11.465645790100098,7373900,0.0,0.0
2003-07-21 00:00:00-04:00,11.465645534687587,11.465645534687587,11.154749147351655,11.186911582946777,6023500,0.0,0.0
2003-07-22 00:00:00-04:00,11.154750618793122,11.390603398971281,11.144030827906908,11.299478530883789,4073800,0.0,0.0
2003-07-23 00:00:00-04:00,11.374519150024158,11.460283588633006,11.224431893655051,11.369158744812012,3731200,0.0,0.0
2003-07-24 00:00:00-04:00,11.444206442974457,11.599654145951337,11.288757717604549,11.299478530883789,3711200,0.0,0.0
2003-07-25 00:00:00-04:00,11.299480137224299,11.51925172872645,11.154752204559026,11.492450714111328,3978000,0.0,0.0
2003-07-28 00:00:00-04:00,11.406679709116347,11.471002516319288,11.229790455719373,11.39595890045166,4591600,0.0,0.0
2003-07-29 00:00:00-04:00,11.663979881885922,12.007037782931828,11.310201165834034,11.873030662536621,10748700,0.0,0.0
2003-07-30 00:00:00-04:00,11.776538216452655,12.06599391137212,11.7550976218619,12.007030487060547,7254500,0.0,0.0
2003-07-31 00:00:00-04:00,12.167841653393895,12.43049537254703,12.141039627525565,12.334010124206543,9256600,0.0,0.0
2003-08-01 00:00:00-04:00,12.3340093301908,12.36617073676962,12.151759655589682,12.312567710876465,4428600,0.0,0.0
2003-08-04 00:00:00-04:00,12.210728399151478,12.248250226884482,11.899831940572568,12.103522300720215,4703600,0.0,0.0
2003-08-05 00:00:00-04:00,12.103516980803679,12.103516980803679,11.749738442828859,11.792620658874512,3999600,0.0,0.0
2003-08-06 00:00:00-04:00,11.631816501210645,11.760463192447023,11.562132237795304,11.696139335632324,4300600,0.0,0.0
2003-08-07 00:00:00-04:00,11.792626670734984,11.915912976918301,11.728302802677968,11.824788093566895,3422400,0.0,0.0
2003-08-08 00:00:00-04:00,12.317925310543304,12.811071196149362,12.275043104072884,12.805710792541504,15961700,0.0,0.0
2003-08-11 00:00:00-04:00,12.703871074344852,12.853958343486367,12.484099553908052,12.736032485961914,6432400,0.0,0.0
2003-08-12 00:00:00-04:00,12.628827004640813,12.832518339937456,12.618107215198533,12.752114295959473,6500200,0.0,0.0
2003-08-13 00:00:00-04:00,12.757472368107088,12.784274394939953,12.344731378808822,12.419775009155273,6732300,0.0,0.0
2003-08-14 00:00:00-04:00,12.275054950722971,12.35009965126615,12.023121872367806,12.301856994628906,7330500,0.0,0.0
2003-08-15 00:00:00-04:00,12.328652942056275,12.328652942056275,12.19464584486001,12.31793212890625,2884300,0.0,0.0
2003-08-18 00:00:00-04:00,12.328653347182879,12.328653347182879,12.14104320046453,12.17856502532959,4503200,0.0,0.0
2003-08-19 00:00:00-04:00,12.189282466612093,12.301848932458302,12.08743681130224,12.264326095581055,3047300,0.0,0.0
2003-08-20 00:00:00-04:00,12.2214415731464,12.355448612423851,12.183919765731527,12.32864761352539,2740800,0.0,0.0
2003-08-21 00:00:00-04:00,12.328648715549045,12.371530931055247,12.033833611742981,12.06063461303711,5088900,0.0,0.0
2003-08-22 00:00:00-04:00,12.092794100164307,12.13031590497913,11.605008592786596,11.765817642211914,7953000,0.0,0.0
2003-08-25 00:00:00-04:00,11.749736849131736,11.92662609412645,11.685413022591595,11.899825096130371,4139100,0.0,0.0
2003-08-26 00:00:00-04:00,11.830148636557906,11.985597389746196,11.733663344564238,11.953434944152832,4326800,0.0,0.0
2003-08-27 00:00:00-04:00,12.007033786317965,12.210725114058974,12.007033786317965,12.092798233032227,4304200,0.0,0.0
2003-08-28 00:00:00-04:00,12.114245094555214,12.17320753817328,11.948076534988003,11.98023796081543,4295400,0.0,0.0
2003-08-29 00:00:00-04:00,11.878389901582633,12.114242696547851,11.824786854218752,12.017757415771484,4173500,0.0,0.0
2003-09-02 00:00:00-04:00,12.033833611742981,12.173200045343643,11.85158394024345,12.06063461303711,6850400,0.0,0.0
2003-09-03 00:00:00-04:00,12.060635653968802,12.167841713183403,12.001672219161495,12.162481307983398,6741300,0.0,0.0
2003-09-04 00:00:00-04:00,12.253609126281415,12.596666963220379,12.226807093774934,12.537703514099121,9658300,0.0,0.0
2003-09-05 00:00:00-04:00,12.537706453581565,12.618111547559094,12.355456679380781,12.489463806152344,5618500,0.0,0.0
2003-09-08 00:00:00-04:00,12.494824238066967,12.591309533111948,12.446581590544477,12.516265869140625,5213600,0.0,0.0
2003-09-09 00:00:00-04:00,12.998685574833154,12.998685574833154,12.618105993081423,12.644906997680664,10260200,0.0,0.0
2003-09-10 00:00:00-04:00,12.596668762283695,12.660992627093021,12.40369819024886,12.435860633850098,4910600,0.0,0.0
2003-09-11 00:00:00-04:00,12.564503296420142,12.773554000566666,12.54306167425495,12.70387077331543,5309800,0.0,0.0
2003-09-12 00:00:00-04:00,12.61811043412775,12.65027185544487,12.468022097325939,12.58594799041748,4965700,0.0,0.0
2003-09-15 00:00:00-04:00,12.569860370266017,12.67706538549837,12.559139562025019,12.591300964355469,5007600,0.0,0.0
2003-09-16 00:00:00-04:00,12.677068849171338,12.757472888162011,12.677068849171338,12.730671882629395,5930800,0.0,0.0
2003-09-17 00:00:00-04:00,12.70387087709678,12.811075921620068,12.677068849171338,12.730671882629395,4461000,0.0,0.0
2003-09-18 00:00:00-04:00,12.6824230846052,12.848591487328708,12.6824230846052,12.81643009185791,6326400,0.0,0.0
2003-09-19 00:00:00-04:00,12.832515319199217,12.875397534052647,12.677066651360123,12.821794509887695,7493300,0.0,0.0
2003-09-22 00:00:00-04:00,12.757473310514078,12.800355534221628,12.644907856679081,12.666348457336426,3400400,0.0,0.0
2003-09-23 00:00:00-04:00,12.794997874533196,12.896842530563118,12.757475029140439,12.811078071594238,4919900,0.0,0.0
2003-09-24 00:00:00-04:00,12.848599530856228,13.063011694601519,12.794997512312873,12.82715892791748,9402600,0.0,0.0
2003-09-25 00:00:00-04:00,12.8218011789035,12.843241786285816,12.489463074135584,12.521625518798828,5729200,0.0,0.0
2003-09-26 00:00:00-04:00,12.355456091088751,12.7789190822729,12.28577283833846,12.650272369384766,7932800,0.0,0.0
2003-09-29 00:00:00-04:00,12.596665362950045,12.7306724412793,12.489459291329492,12.719951629638672,5132500,0.0,0.0
2003-09-30 00:00:00-04:00,12.719959175258314,12.816444492474387,12.468026086611268,12.618114471435547,4417000,0.0,0.0
2003-10-01 00:00:00-04:00,12.730673726220381,13.025488919344085,12.714592507136317,12.977246284484863,6430900,0.0,0.0
2003-10-02 00:00:00-04:00,13.063010276154518,13.26670058272327,13.004046835287811,13.01476764678955,5702600,0.0,0.0
2003-10-03 00:00:00-04:00,13.014768205761014,13.277421964477194,12.907562130924944,13.004047393798828,6266900,0.0,0.0
2003-10-06 00:00:00-04:00,12.945082559809324,12.982604375253398,12.853957712705375,12.918281555175781,4453700,0.0,0.0
2003-10-07 00:00:00-04:00,13.229178334717862,13.33102399588719,13.046928634685516,13.250618934631348,8097900,0.0,0.0
2003-10-08 00:00:00-04:00,13.368548448008475,13.368548448008475,12.896842888205757,12.945085525512695,8898200,0.0,0.0
2003-10-09 00:00:00-04:00,13.105893992371435,13.180937636644456,12.918283859295908,12.977246284484863,6985000,0.0,0.0
2003-10-10 00:00:00-04:00,13.07909066949068,13.132693705419948,12.816436918069426,13.02012825012207,5703900,0.0,0.0
2003-10-13 00:00:00-04:00,13.057647364814752,13.127330581419058,12.993323530540064,13.121970176696777,2887100,0.0,0.0
2003-10-14 00:00:00-04:00,13.025489738206582,13.111254200593995,12.977247100314534,13.073732376098633,3653100,0.0,0.0
2003-10-15 00:00:00-04:00,13.127330418517476,13.132690823173235,12.794993509001545,12.821794509887695,6484100,0.0,0.0
2003-10-16 00:00:00-04:00,12.902204023730821,12.966527884571631,12.75747610363381,12.8646821975708,4880200,0.0,0.0
2003-10-17 00:00:00-04:00,12.891482481572428,12.955806338779354,12.768196196184933,12.945085525512695,4468800,0.0,0.0
2003-10-20 00:00:00-04:00,12.918276548212672,12.977238940031935,12.891474531574469,12.961158752441406,3551300,0.0,0.0
2003-10-21 00:00:00-04:00,12.875399566168543,12.945082792906184,12.60738542543594,12.725311279296875,5718700,0.0,0.0
2003-10-22 00:00:00-04:00,12.811078071594238,12.982606989531998,12.644909560141157,12.811078071594238,8938600,0.0,0.0
2003-10-23 00:00:00-04:00,12.650271032089904,12.945086256827,12.650271032089904,12.8646821975708,6996900,0.0,0.0
2003-10-24 00:00:00-04:00,12.757477095328749,12.96652889251709,12.660992830157012,12.96652889251709,4622800,0.0,0.0
2003-10-27 00:00:00-05:00,12.955801714076985,13.127330575542485,12.91827990343049,12.99868392944336,4972500,0.0,0.0
2003-10-28 00:00:00-05:00,13.13269627760761,13.186299324035645,12.870042474742627,13.186299324035645,6690700,0.0,0.0
2003-10-29 00:00:00-05:00,13.207732487166377,13.207732487166377,13.004042252382462,13.191652297973633,5867100,0.0,0.0
2003-10-30 00:00:00-05:00,13.19166051105797,13.272064574258492,13.132697054260793,13.255983352661133,3854000,0.0,0.0
2003-10-31 00:00:00-05:00,13.288136120783747,13.443583726804501,13.26133410430266,13.400701522827148,7744100,0.0,0.0
2003-11-03 00:00:00-05:00,13.599034776269429,13.754482409964702,13.518629734903953,13.60975456237793,7350300,0.0,0.0
2003-11-04 00:00:00-05:00,13.668726934304225,14.043947298320852,13.561520823901406,13.995704650878906,10074300,0.0,0.0
2003-11-05 00:00:00-05:00,13.99570645280392,14.258360332474535,13.829536858046154,14.017147064208984,7599700,0.0,0.0
2003-11-06 00:00:00-05:00,14.017138791609986,14.043940818040081,13.818808907991132,13.926013946533203,8072500,0.0,0.0
2003-11-07 00:00:00-05:00,14.328031831741633,14.354833851980587,13.931371133737914,13.942091941833496,13722000,0.0,0.0
2003-11-10 00:00:00-05:00,13.984976822775234,14.14042448027955,13.883131171201057,13.936734199523926,7040800,0.0,0.0
2003-11-11 00:00:00-05:00,13.94209474807838,13.995697776952897,13.83488869032935,13.990337371826172,6605600,0.0,0.0
2003-11-12 00:00:00-05:00,14.126428030168823,14.414943999020245,14.110096526188341,14.284295082092285,6355000,0.4,0.0
2003-11-13 00:00:00-05:00,14.284290749950928,14.311509914996698,14.137310373618716,14.191747665405273,5809200,0.0,0.0
2003-11-14 00:00:00-05:00,14.153654607687804,14.20264811054812,13.886912780062705,13.979455947875977,4395400,0.0,0.0
2003-11-17 00:00:00-05:00,13.974007389020626,14.028444711397315,13.467742056036878,13.609278678894043,6134600,0.0,0.0
2003-11-18 00:00:00-05:00,13.63649190810185,13.756254181844845,13.424187569455903,13.445962905883789,5886900,0.0,0.0
2003-11-19 00:00:00-05:00,13.445966125294218,13.456852757809594,13.31531615205534,13.418746948242188,3862100,0.0,0.0
2003-11-20 00:00:00-05:00,13.424197620265222,13.565734298100612,13.369760276743,13.43508529663086,3979300,0.0,0.0
2003-11-21 00:00:00-05:00,13.592949867248535,13.750818029628144,13.549400208368949,13.592949867248535,4474200,0.0,0.0
2003-11-24 00:00:00-05:00,13.718151501142149,14.01755517697875,13.707263830452165,13.957674026489258,4019600,0.0,0.0
2003-11-25 00:00:00-05:00,13.94134525367183,14.093768508640695,13.82702677413963,14.023000717163086,3154500,0.0,0.0
2003-11-26 00:00:00-05:00,13.908680173412298,14.006667130381562,13.745369270667124,13.82158088684082,4763700,0.0,0.0
2003-11-28 00:00:00-05:00,13.729044022187978,14.093772840298536,13.729044022187978,13.95223617553711,1889900,0.0,0.0
2003-12-01 00:00:00-05:00,14.126433731700605,14.398619344732943,14.099214547413943,14.344182014465332,5393100,0.0,0.0
2003-12-02 00:00:00-05:00,14.409502720465465,14.436721898594682,14.3441787695663,14.414946556091309,5465300,0.0,0.0
2003-12-03 00:00:00-05:00,14.469383443682586,14.616363886292298,14.344178342928588,14.404058456420898,3832600,0.0,0.0
2003-12-04 00:00:00-05:00,14.404062576542241,14.703467382866995,14.262526967217225,14.458499908447266,6235500,0.0,0.0
2003-12-05 00:00:00-05:00,14.322406286067942,14.398618961737666,14.115545682520256,14.148207664489746,3603500,0.0,0.0
2003-12-08 00:00:00-05:00,14.262527902322091,14.349627223758388,13.859692242796951,13.946792602539062,6459600,0.0,0.0
2003-12-09 00:00:00-05:00,14.050222753137154,14.071998103199839,13.810700132282658,13.837918281555176,4643000,0.0,0.0
2003-12-10 00:00:00-05:00,13.772593809569212,13.908686637878418,13.750819496958798,13.908686637878418,3227000,0.0,0.0
2003-12-11 00:00:00-05:00,13.903245090720658,14.164543095416034,13.903245090720658,14.044780731201172,4514200,0.0,0.0
2003-12-12 00:00:00-05:00,14.077436554642155,14.13187283235969,13.886906467714457,14.033886909484863,3826100,0.0,0.0
2003-12-15 00:00:00-05:00,14.208090926174101,14.218978601205443,13.81614293149249,13.837918281555176,4367900,0.0,0.0
2003-12-16 00:00:00-05:00,13.805257699756387,13.908687508162886,13.522184349967567,13.54395866394043,5742200,0.0,0.0
2003-12-17 00:00:00-05:00,13.473184215779208,13.576615011595559,13.282654130319223,13.337091445922852,6037700,0.0,0.0
2003-12-18 00:00:00-05:00,13.418755262704726,13.582067311291206,13.380649429526372,13.505854606628418,4668100,0.0,0.0
2003-12-19 00:00:00-05:00,13.609282210527654,13.620169885489476,12.841718776918361,13.228221893310547,11544700,0.0,0.0
2003-12-22 00:00:00-05:00,13.12479212991577,13.712713081393513,13.12479212991577,13.696381568908691,6964200,0.0,0.0
2003-12-23 00:00:00-05:00,13.718154789989963,13.794366426480302,13.669161298444553,13.761704444885254,5293900,0.0,0.0
2003-12-24 00:00:00-05:00,12.711065214339998,13.13567400186774,12.574972441249217,13.043130874633789,23082500,0.0,0.0
2003-12-26 00:00:00-05:00,13.06490670143652,13.200999479576485,13.021357053963952,13.113900184631348,7277700,0.0,0.0
2003-12-29 00:00:00-05:00,13.364308002171674,13.424189146075985,13.13022933791138,13.39152717590332,13575900,0.0,0.0
2003-12-30 00:00:00-05:00,13.271773555128409,13.53851644036646,13.255443078530234,13.489522933959961,6671200,0.0,0.0
2003-12-31 00:00:00-05:00,13.522180820901879,13.549398965840957,13.396975692893042,13.51673698425293,4572900,0.0,0.0
2004-01-02 00:00:00-05:00,13.582061042308261,13.625610694169179,13.424192905371434,13.494961738586426,4576400,0.0,0.0
2004-01-05 00:00:00-05:00,13.598395929738883,13.66372094790142,13.500408921648052,13.625615119934082,5455000,0.0,0.0
2004-01-06 00:00:00-05:00,13.598393124709084,13.870578740679909,13.587505450876876,13.788923263549805,5231300,0.0,0.0
2004-01-07 00:00:00-05:00,13.794367932477448,13.854249103860614,13.680049426955568,13.832473754882812,6675100,0.0,0.0
2004-01-08 00:00:00-05:00,13.788918027671482,13.914123114282264,13.7018187466983,13.881461143493652,5282400,0.0,0.0
2004-01-09 00:00:00-05:00,13.761702053386799,13.908681464175382,13.690933227539062,13.690933227539062,4583000,0.0,0.0
2004-01-12 00:00:00-05:00,13.625612140087519,13.690936105658121,13.451412475852582,13.669161796569824,5013800,0.0,0.0
2004-01-13 00:00:00-05:00,13.620169813574776,13.674607149790624,13.358871845705703,13.413308143615723,5628300,0.0,0.0
2004-01-14 00:00:00-05:00,13.500407013218679,13.658275179116623,13.48407653971599,13.647387504577637,6205000,0.0,0.0
2004-01-15 00:00:00-05:00,13.690933227539062,13.870575652552212,13.473184990902743,13.690933227539062,5403900,0.0,0.0
2004-01-16 00:00:00-05:00,13.663719598614819,13.799812421233879,13.609282261906028,13.778037071228027,4683100,0.0,0.0
2004-01-20 00:00:00-05:00,13.837914109149056,13.881463757837501,13.58750285046135,13.701821327209473,4128500,0.0,0.0
2004-01-21 00:00:00-05:00,13.783474619425217,13.952229351745599,13.729037307555796,13.892349243164062,3649300,0.0,0.0
2004-01-22 00:00:00-05:00,13.816137051641928,13.974005157493606,13.783475078753971,13.82158088684082,2965200,0.0,0.0
2004-01-23 00:00:00-05:00,13.794367220255777,13.881466535058351,13.543955911469075,13.745373725891113,4601300,0.0,0.0
2004-01-26 00:00:00-05:00,13.761704444885254,13.854247591325953,13.554842805403373,13.761704444885254,4841900,0.0,0.0
2004-01-27 00:00:00-05:00,13.892354822670525,13.963122629709087,13.82702981453004,13.854249000549316,4911700,0.0,0.0
2004-01-28 00:00:00-05:00,13.908683065320393,13.935902246974294,13.467742705583321,13.53306770324707,6016800,0.0,0.0
2004-01-29 00:00:00-05:00,13.772586523124511,13.919566949131253,13.68548724215133,13.881461143493652,6641400,0.0,0.0
2004-01-30 00:00:00-05:00,13.827027293209007,14.071994731184454,13.816139620786632,14.012113571166992,4962300,0.0,0.0
2004-02-02 00:00:00-05:00,14.05566451698812,14.289744304098452,14.001227188168512,14.148207664489746,5774000,0.0,0.0
2004-02-03 00:00:00-05:00,14.077442460272557,14.278859264256898,14.077442460272557,14.235309600830078,3297600,0.0,0.0
2004-02-04 00:00:00-05:00,14.344183373868576,14.4312826952289,14.30607755056166,14.376845359802246,5659000,0.0,0.0
2004-02-05 00:00:00-05:00,14.278856702520711,14.56192998316247,14.262526230606639,14.534711837768555,5668000,0.0,0.0
2004-02-06 00:00:00-05:00,14.806892489024447,14.84499829514409,14.518375468210177,14.785117149353027,8223100,0.0,0.0
2004-02-09 00:00:00-05:00,14.65991454240603,14.817781628522079,14.583702917267628,14.649026870727539,5984900,0.0,0.0
2004-02-10 00:00:00-05:00,14.578257560729979,14.708906492326967,14.518376411050165,14.57825756072998,3390600,0.0,0.0
2004-02-11 00:00:00-05:00,14.57281743422875,14.725240707397463,14.545598250944568,14.725240707397461,8295900,0.0,0.0
2004-02-12 00:00:00-05:00,14.659917500296109,14.714354831366713,14.507493180959562,14.523824691772461,3811200,0.0,0.0
2004-02-13 00:00:00-05:00,14.485719237263497,14.583706228003505,14.398619920673658,14.49660587310791,3257200,0.0,0.0
2004-02-17 00:00:00-05:00,14.583708224123662,14.72524385422528,14.55648903502266,14.698025703430176,3214300,0.0,0.0
2004-02-18 00:00:00-05:00,14.698022562418958,14.774234199003313,14.649029070813107,14.725240707397461,4258600,0.0,0.0
2004-02-19 00:00:00-05:00,14.790563472668325,14.97020590195962,14.77423196516711,14.834113121032715,5072000,0.0,0.0
2004-02-20 00:00:00-05:00,14.82322295547267,14.8994356060173,14.670799730994096,14.785117149353027,4831600,0.0,0.0
2004-02-23 00:00:00-05:00,14.774238676860405,15.215180234956039,14.76879483855362,15.117193222045898,6208800,0.0,0.0
2004-02-24 00:00:00-05:00,15.12263208008291,15.177068368611511,14.986539282150108,15.040975570678711,4923800,0.0,0.0
2004-02-25 00:00:00-05:00,15.117187011729868,15.26961026847863,15.030087711214701,15.20973014831543,4734300,0.0,0.0
2004-02-26 00:00:00-05:00,15.122630391953612,15.454696075793532,15.111742720141017,15.405702590942383,5509700,0.0,0.0
2004-02-27 00:00:00-05:00,14.866775295885267,15.656113851104429,14.866775295885267,15.405702590942383,5390300,0.0,0.0
2004-03-01 00:00:00-05:00,15.460139012005719,15.558125976005721,15.4438085435427,15.465582847595215,4812800,0.0,0.0
2004-03-02 00:00:00-05:00,15.416588153609075,15.541793247408002,15.416588153609075,15.471025466918945,3740800,0.0,0.0
2004-03-03 00:00:00-05:00,15.449254447190478,15.792208890147943,15.449254447190478,15.726883888244629,5100200,0.0,0.0
2004-03-04 00:00:00-05:00,15.705106044015604,15.879304625465016,15.650668727736303,15.699662208557129,5007600,0.0,0.0
2004-03-05 00:00:00-05:00,15.378492452746158,16.320254750216446,15.378492452746158,16.249486923217773,11285300,0.0,0.0
2004-03-08 00:00:00-05:00,16.249474796876658,16.32024257106414,15.950070119485822,15.955513954162598,5445100,0.0,0.0
2004-03-09 00:00:00-05:00,15.999067171694154,16.276696572473718,15.759544622175161,15.775875091552734,7616900,0.0,0.0
2004-03-10 00:00:00-05:00,15.803096991587868,16.13516273186643,15.732328151083493,15.737771987915039,4929300,0.0,0.0
2004-03-11 00:00:00-05:00,15.67788751312844,15.982736081539377,15.563570078703457,15.623451232910156,5398400,0.0,0.0
2004-03-12 00:00:00-05:00,15.764985680403829,15.835754500917112,15.596230939519366,15.792204856872559,3233300,0.0,0.0
2004-03-15 00:00:00-05:00,15.683340639151305,15.683340639151305,15.43837411814175,15.487367630004883,4228900,0.0,0.0
2004-03-16 00:00:00-05:00,15.694221036480464,15.797651851133281,15.509134752704105,15.601677894592285,3493700,0.0,0.0
2004-03-17 00:00:00-05:00,15.639781701653446,15.699662855860145,15.514576595862609,15.623451232910156,4023400,0.0,0.0
2004-03-18 00:00:00-05:00,15.50369669884458,15.552690206253283,15.122637354706466,15.253286361694336,6672200,0.0,0.0
2004-03-19 00:00:00-05:00,15.253276721138665,15.460137258550521,15.18795173977919,15.296826362609863,6240600,0.0,0.0
2004-03-22 00:00:00-05:00,15.051862141647412,15.628895271908002,15.051862141647412,15.43292236328125,6544400,0.0,0.0
2004-03-23 00:00:00-05:00,15.432922029041622,15.438365865039128,14.991981696299161,15.111742973327637,4426400,0.0,0.0
2004-03-24 00:00:00-05:00,15.046420421402384,15.27505637887301,15.008314601541567,15.079083442687988,3455300,0.0,0.0
2004-03-25 00:00:00-05:00,15.160744563686034,15.514585786237243,15.13352536914757,15.487367630004883,3400200,0.0,0.0
2004-03-26 00:00:00-05:00,15.351269513873227,15.416593481777543,15.144407859462811,15.171627044677734,4185000,0.0,0.0
2004-03-29 00:00:00-05:00,15.253287308385381,15.579910365279828,15.253287308385381,15.49825382232666,5874500,0.0,0.0
2004-03-30 00:00:00-05:00,15.432923119962885,15.677889527333507,15.394817303592273,15.601677894592285,2617200,0.0,0.0
2004-03-31 00:00:00-05:00,15.623450746280888,15.650668885542258,15.481914137849765,15.552681922912598,3228000,0.0,0.0
2004-04-01 00:00:00-05:00,15.65067267522174,15.797653154756322,15.601679182043545,15.737771987915039,3696600,0.0,0.0
2004-04-02 00:00:00-05:00,15.547240129774279,15.922856523095955,15.547240129774279,15.754101753234863,3369400,0.0,0.0
2004-04-05 00:00:00-04:00,15.672442406434168,16.02083953236161,15.661554736672601,15.982733726501465,2826000,0.0,0.0
2004-04-06 00:00:00-04:00,15.85208600679835,15.890191815549157,15.748655212828007,15.792204856872559,3871400,0.0,0.0
2004-04-07 00:00:00-04:00,15.737769389826886,15.966405307478594,15.645226255579635,15.732325553894043,5193400,0.0,0.0
2004-04-08 00:00:00-04:00,15.797646757950274,15.895633704629645,15.47102394845413,15.60711669921875,3395900,0.0,0.0
2004-04-12 00:00:00-04:00,15.688772855312452,15.873859087831773,15.666998554118885,15.797647476196289,3120300,0.0,0.0
2004-04-13 00:00:00-04:00,15.808542783434955,15.906528743603392,15.383932802815048,15.389376640319824,4626600,0.0,0.0
2004-04-14 00:00:00-04:00,14.866780522632798,15.160741535088231,14.371402702359436,14.698025703430176,15812600,0.0,0.0
2004-04-15 00:00:00-04:00,14.692577903880546,14.725239883688822,14.436723825155402,14.659915924072266,6686700,0.0,0.0
2004-04-16 00:00:00-04:00,14.806897321527671,15.057307579642947,14.719798011026212,14.948432922363281,4317900,0.0,0.0
2004-04-19 00:00:00-04:00,14.398616870970761,14.774232204842477,14.398616870970761,14.561927795410156,15179300,0.0,0.0
2004-04-20 00:00:00-04:00,14.725238075103633,14.823225040799116,14.453052520751953,14.453052520751953,5193900,0.0,0.0
2004-04-21 00:00:00-04:00,14.561929370139005,14.698022167990771,14.453054716535332,14.670804023742676,5134400,0.0,0.0
2004-04-22 00:00:00-04:00,14.69802977844614,15.013765191413846,14.670811620104825,14.915778160095215,5902800,0.0,0.0
2004-04-23 00:00:00-04:00,14.888544343247691,14.997417900415178,14.779669747775111,14.883100509643555,3640400,0.0,0.0
2004-04-26 00:00:00-04:00,14.948433587218297,14.997427081342641,14.708910991838982,14.872221946716309,3956900,0.0,0.0
2004-04-27 00:00:00-04:00,14.95931947249645,15.133518080419252,14.72523970373558,14.806896209716797,3952000,0.0,0.0
2004-04-28 00:00:00-04:00,15.117181974127197,15.231499378593993,14.926651928377321,15.030082702636719,6286000,0.0,0.0
2004-04-29 00:00:00-04:00,15.12807289559961,15.133515692721053,14.76334422844189,14.796006202697754,3574200,0.0,0.0
2004-04-30 00:00:00-04:00,15.002871306394159,15.057308638863438,14.806898363132817,14.82322883605957,4072100,0.0,0.0
2004-05-03 00:00:00-04:00,14.932100538632149,15.177066928686605,14.834113567288147,15.111742973327637,3786300,0.0,0.0
2004-05-04 00:00:00-04:00,15.17706207433614,15.17706207433614,14.877658458375775,15.030082702636719,3017400,0.0,0.0
2004-05-05 00:00:00-04:00,14.959318406905671,15.177066651298407,14.888550616842606,15.138960838317871,3161100,0.0,0.0
2004-05-06 00:00:00-04:00,14.981092080719371,15.035529395326407,14.70890654598961,14.844999313354492,2731000,0.0,0.0
2004-05-07 00:00:00-04:00,14.687136858971769,14.855892703050518,14.507494378424887,14.540156364440918,3515500,0.0,0.0
2004-05-10 00:00:00-04:00,14.54559527745505,14.872218141955477,14.431277845947905,14.502045631408691,4418600,0.0,0.0
2004-05-11 00:00:00-04:00,14.469386497475972,14.534711498524635,14.278856369248516,14.398618698120117,5243700,0.0,0.0
2004-05-12 00:00:00-04:00,14.30062224897839,14.605469629356143,13.995773830295656,14.191747665405273,5934300,0.0,0.0
2004-05-13 00:00:00-04:00,14.22985484814948,14.289735978794436,14.044768660978784,14.20263671875,3763200,0.0,0.0
2004-05-14 00:00:00-04:00,14.202639478945818,14.414943836776043,14.099208698177508,14.24618911743164,2746000,0.0,0.0
2004-05-17 00:00:00-04:00,14.01755028871595,14.180861138893528,13.881457567466281,14.08287525177002,2849700,0.0,0.0
2004-05-18 00:00:00-04:00,14.115540182804647,14.153645986639834,13.952228259975634,14.039328575134277,3529900,0.0,0.0
2004-05-19 00:00:00-04:00,14.159091841474115,14.169979512210578,13.946787453640265,14.017555236816406,3845100,0.0,0.0
2004-05-20 00:00:00-04:00,13.99034258056173,14.110103890676402,13.636500411107505,13.778037071228027,5335400,0.0,0.0
2004-05-21 00:00:00-04:00,13.788923992408831,13.903242497078237,13.788923992408831,13.854249000549316,4331500,0.0,0.0
2004-05-24 00:00:00-04:00,13.82702855477961,13.919571702202187,13.707267262123318,13.799810409545898,4298100,0.0,0.0
2004-05-25 00:00:00-04:00,13.718156185370269,13.919572970384023,13.712712348166415,13.854249000549316,5841400,0.0,0.0
2004-05-26 00:00:00-04:00,13.90323780899985,14.088323019992545,13.881462467526926,14.017555236816406,4708200,0.0,0.0
2004-05-27 00:00:00-04:00,14.12643008091685,14.398615623606535,14.082880435618717,14.300628662109375,6268000,0.0,0.0
2004-05-28 00:00:00-04:00,14.349627475216467,14.431282960705673,14.235308964886915,14.3714017868042,4617900,0.0,0.0
2004-06-01 00:00:00-04:00,14.267969202078815,14.502048993205827,14.235307219548863,14.409505844116211,3041300,0.0,0.0
2004-06-02 00:00:00-04:00,14.262525474981924,14.398618271352722,14.262525474981924,14.387730598449707,3638900,0.0,0.0
2004-06-03 00:00:00-04:00,14.387732121510773,14.71435507503757,14.376844447455206,14.436725616455078,4844100,0.0,0.0
2004-06-04 00:00:00-04:00,14.621810913085938,14.806897206034291,14.512936256655491,14.621810913085938,3533400,0.0,0.0
2004-06-07 00:00:00-04:00,14.681689730231806,14.698021238731519,14.43127949640306,14.485716819763184,5373200,0.0,0.0
2004-06-08 00:00:00-04:00,14.529269239317456,14.665362054497223,14.491163417196047,14.61092472076416,4501900,0.0,0.0
2004-06-09 00:00:00-04:00,14.638140877918309,14.665360060236345,14.436724120293038,14.469386100769043,3523100,0.0,0.0
2004-06-10 00:00:00-04:00,14.556485924258242,14.725240707397463,14.507492432652391,14.725240707397461,4980600,0.0,0.0
2004-06-14 00:00:00-04:00,14.605482537098565,14.812343182736692,14.594594861458164,14.698025703430176,4753000,0.0,0.0
2004-06-15 00:00:00-04:00,14.698023320553812,14.752460651624418,14.45849968682659,14.523824691772461,6445300,0.0,0.0
2004-06-16 00:00:00-04:00,14.556487876601839,14.589149862617868,14.480276229795832,14.540156364440918,3503200,0.0,0.0
2004-06-17 00:00:00-04:00,14.485721703378912,14.605483024502217,14.442172037669899,14.545601844787598,4083500,0.0,0.0
2004-06-18 00:00:00-04:00,14.545594858915434,14.659913325438605,14.474827075490944,14.65446949005127,4213700,0.0,0.0
2004-06-21 00:00:00-04:00,14.589147893173399,14.681691039647575,14.52382392995967,14.621810913085938,2389600,0.0,0.0
2004-06-22 00:00:00-04:00,14.545600116646682,14.692580610316794,14.534713480242303,14.643587112426758,3009300,0.0,0.0
2004-06-23 00:00:00-04:00,14.643586503318478,14.779679316617544,14.567374860128844,14.757905006408691,4084800,0.0,0.0
2004-06-24 00:00:00-04:00,14.698021773779296,14.904882364111346,14.687134101049814,14.741571426391602,3484500,0.0,0.0
2004-06-25 00:00:00-04:00,14.719800364582659,14.785124338750595,14.69258117675781,14.692581176757812,3542100,0.0,0.0
2004-06-28 00:00:00-04:00,14.589147388051483,14.698022040712349,14.371399121035392,14.469386100769043,6599400,0.0,0.0
2004-06-29 00:00:00-04:00,14.48027619328231,14.496606667096238,14.360513847682505,14.376845359802246,3617200,0.0,0.0
2004-06-30 00:00:00-04:00,14.382286214545765,14.393173887034349,14.044775635538826,14.153650283813477,7796100,0.0,0.0
2004-07-01 00:00:00-04:00,14.202642634904125,14.404059368293233,14.202642634904125,14.322403907775879,5094700,0.0,0.0
2004-07-02 00:00:00-04:00,14.316961003149242,14.414947977465392,14.175425416143225,14.218975067138672,2391600,0.0,0.0
2004-07-06 00:00:00-04:00,14.153649893847614,14.24619303083961,14.012113270312469,14.224417686462402,3250600,0.0,0.0
2004-07-07 00:00:00-04:00,14.180868285960331,14.485716882780975,14.175425488075664,14.382286071777344,3277600,0.0,0.0
2004-07-08 00:00:00-04:00,14.316962856052687,14.47483101028349,14.306076220624062,14.425837516784668,2683600,0.0,0.0
2004-07-09 00:00:00-04:00,14.382287597179717,14.491162255920978,14.382287597179717,14.431281089782715,2365000,0.0,0.0
2004-07-12 00:00:00-04:00,14.382287391358746,14.616367177488616,14.382287391358746,14.600035667419434,2617000,0.0,0.0
2004-07-13 00:00:00-04:00,14.605480169225505,14.687135646678547,14.45849968682659,14.523824691772461,3130000,0.0,0.0
2004-07-14 00:00:00-04:00,14.752458264523849,15.236948252214697,14.708908614375295,15.128074645996094,10355800,0.0,0.0
2004-07-15 00:00:00-04:00,15.13351921765765,15.280499693502257,15.111744909183827,15.193400382995605,6123600,0.0,0.0
2004-07-16 00:00:00-04:00,15.242391643768993,15.242391643768993,15.046417704662765,15.138960838317871,3930500,0.0,0.0
2004-07-19 00:00:00-04:00,15.11174722860914,15.351270888418547,15.11174722860914,15.204290390014648,3274800,0.0,0.0
2004-07-20 00:00:00-04:00,15.258727619208841,15.3784889291145,15.220620756765108,15.329495429992676,2711300,0.0,0.0
2004-07-21 00:00:00-04:00,15.351271105331573,15.356713904633061,15.024648117031907,15.057310104370117,4406600,0.0,0.0
2004-07-22 00:00:00-04:00,15.079087762482,15.177073739492267,14.866782216528053,15.008318901062012,5644400,0.0,0.0
2004-07-23 00:00:00-04:00,14.899439566052227,15.019200851159663,14.687134101049814,14.741571426391602,2999600,0.0,0.0
2004-07-26 00:00:00-04:00,14.812340831483473,14.888553510562677,14.687135696411131,14.687135696411133,3152100,0.0,0.0
2004-07-27 00:00:00-04:00,14.643584561497303,15.040975274440965,14.643584561497303,14.964763641357422,3530900,0.0,0.0
2004-07-28 00:00:00-04:00,14.834115438244961,14.926658585263485,14.676247289322783,14.866777420043945,2685000,0.0,0.0
2004-07-29 00:00:00-04:00,14.855890638535538,14.910326928228665,14.725240636016151,14.8286714553833,2391500,0.0,0.0
2004-07-30 00:00:00-04:00,14.834112531488593,14.98109297824161,14.806894391707136,14.970205307006836,2589700,0.0,0.0
2004-08-02 00:00:00-04:00,14.872221285250925,15.01920176108677,14.872221285250925,14.948432922363281,2600500,0.0,0.0
2004-08-03 00:00:00-04:00,14.97020590195962,15.019199386157746,14.741569988470197,14.834113121032715,2704600,0.0,0.0
2004-08-04 00:00:00-04:00,14.741567508315528,14.806892489024447,14.469381992254823,14.785117149353027,3312800,0.0,0.0
2004-08-05 00:00:00-04:00,14.779674685889624,14.861330140623844,14.583701802188585,14.632694244384766,2743400,0.0,0.0
2004-08-06 00:00:00-04:00,14.46938645116648,14.578261106463906,14.284300160144255,14.338737487792969,4792700,0.0,0.0
2004-08-09 00:00:00-04:00,14.306075312759981,14.512935909056507,14.224418803240063,14.240750312805176,3177000,0.0,0.0
2004-08-10 00:00:00-04:00,14.360515923910658,14.56193378261832,14.246198437462011,14.556489944458008,3209800,0.0,0.0
2004-08-11 00:00:00-04:00,14.523824477534447,14.529268314391778,14.235307353930112,14.344182014465332,3860400,0.0,0.0
2004-08-12 00:00:00-04:00,14.251640121429826,14.355070954229829,14.05566613050473,14.07199764251709,4205600,0.0,0.0
2004-08-13 00:00:00-04:00,14.071993925751721,14.18086752882713,13.984894627969181,14.05021858215332,2753200,0.0,0.0
2004-08-16 00:00:00-04:00,13.990337098280682,14.126429867570161,13.957674086071297,14.017555236816406,3758900,0.0,0.0
2004-08-17 00:00:00-04:00,14.044780433075234,14.393178803579657,13.990344128648687,14.355072975158691,3679000,0.0,0.0
2004-08-18 00:00:00-04:00,14.355066440817987,14.556483167446801,14.30062912286503,14.414946556091309,2724600,0.0,0.0
2004-08-19 00:00:00-04:00,14.404060577353622,14.55648487787105,14.371398598066175,14.480273246765137,1998500,0.0,0.0
2004-08-20 00:00:00-04:00,14.40406109734895,14.736127853393556,14.40406109734895,14.736127853393555,3070900,0.0,0.0
2004-08-23 00:00:00-04:00,14.73612536827242,14.796006520950714,14.50204563140869,14.502045631408691,1867300,0.0,0.0
2004-08-24 00:00:00-04:00,14.480274958135302,14.71979859059807,14.480274958135302,14.6272554397583,2189000,0.0,0.0
2004-08-25 00:00:00-04:00,14.610922860430092,14.698022167990771,14.45849855304608,14.670804023742676,2886500,0.0,0.0
2004-08-26 00:00:00-04:00,14.698017448368741,14.855885541571103,14.670799312860554,14.75245475769043,2330900,0.0,0.0
2004-08-27 00:00:00-04:00,14.736128163263254,14.850446654758567,14.687134672380356,14.790565490722656,1871900,0.0,0.0
2004-08-30 00:00:00-04:00,14.72524385422528,14.893999711733798,14.698025703430176,14.698025703430176,1494800,0.0,0.0
2004-08-31 00:00:00-04:00,14.698025174177918,14.747018674489645,14.512938848179356,14.70891284942627,2548700,0.0,0.0
2004-09-01 00:00:00-04:00,14.7143504870208,14.828667914042207,14.621807363015433,14.8014497756958,2260800,0.0,0.0
2004-09-02 00:00:00-04:00,14.79600886597002,14.986538986984508,14.703465723666161,14.964763641357422,2675400,0.0,0.0
2004-09-03 00:00:00-04:00,14.915769030639632,15.187954600681616,14.915769030639632,15.111742973327637,2448200,0.0,0.0
2004-09-07 00:00:00-04:00,15.100852522964258,15.117184027951982,14.752455389669018,14.904878616333008,4508300,0.0,0.0
2004-09-08 00:00:00-04:00,15.160735400393474,15.23150318680855,14.959317635772063,14.970205307006836,5029700,0.0,0.0
2004-09-09 00:00:00-04:00,15.106301519351907,15.198844669290976,14.899440910355835,14.937546730041504,4708300,0.0,0.0
2004-09-10 00:00:00-04:00,14.823227690609164,14.86133350890134,14.687134889105284,14.725240707397461,4260400,0.0,0.0
2004-09-13 00:00:00-04:00,14.63814118149746,14.790565490722658,14.63814118149746,14.790565490722656,4160700,0.0,0.0
2004-09-14 00:00:00-04:00,14.806895646390943,15.084524018264585,14.719796345743221,15.024643898010254,4497800,0.0,0.0
2004-09-15 00:00:00-04:00,15.024646615509921,15.062752436647283,14.926659624981985,14.986540794372559,3053500,0.0,0.0
2004-09-16 00:00:00-04:00,14.942986797516685,15.100853873293165,14.942986797516685,15.019198417663574,2338500,0.0,0.0
2004-09-17 00:00:00-04:00,15.106294731271674,15.122626234500776,15.00286395409786,15.062745094299316,3043100,0.0,0.0
2004-09-20 00:00:00-04:00,15.040971967410792,15.231502046533791,14.926654542920232,14.953872680664062,3946500,0.0,0.0
2004-09-21 00:00:00-04:00,14.970212702680685,15.155299051887399,14.932106872839185,15.117193222045898,3037100,0.0,0.0
2004-09-22 00:00:00-04:00,15.002862378973685,15.008306212811846,14.670796821286908,14.703458786010742,6074200,0.0,0.0
2004-09-23 00:00:00-04:00,14.752466176175492,14.959326865742772,14.736134659246714,14.774240493774414,3892000,0.0,0.0
2004-09-24 00:00:00-04:00,14.817782280242735,15.095411690421942,14.817782280242735,15.024643898010254,3740900,0.0,0.0
2004-09-27 00:00:00-04:00,14.942988410699533,15.275054104549023,14.926656902488354,15.20973014831543,5192300,0.0,0.0
2004-09-28 00:00:00-04:00,15.122633251733664,15.258726060210478,15.095414067054863,15.220619201660156,3559600,0.0,0.0
2004-09-29 00:00:00-04:00,15.1062959039123,15.22061332047427,15.051858593894796,15.182507514953613,3305900,0.0,0.0
2004-09-30 00:00:00-04:00,15.128078093450894,15.313163370031143,15.08452739507225,15.258727073669434,4190300,0.0,0.0
2004-10-01 00:00:00-04:00,15.24240042880777,15.378493289779268,15.198850754829136,15.318612098693848,4233500,0.0,0.0
2004-10-04 00:00:00-04:00,15.318602253534795,15.383927241671895,15.187953315566055,15.242390632629395,4825200,0.0,0.0
2004-10-05 00:00:00-04:00,15.220616782150653,15.236948290361834,15.117187011729868,15.20973014831543,2527400,0.0,0.0
2004-10-06 00:00:00-04:00,15.1879544884244,15.19339832438167,14.948430897832267,15.155292510986328,5981900,0.0,0.0
2004-10-07 00:00:00-04:00,15.329495538296854,15.487363711761597,15.177071202362534,15.204290390014648,5878800,0.0,0.0
2004-10-08 00:00:00-04:00,15.20973014831543,15.340379099088182,15.187954804033856,15.20973014831543,3624500,0.0,0.0
2004-10-11 00:00:00-04:00,15.204285259413938,15.258722578042759,15.01919899905924,15.068192481994629,3028100,0.0,0.0
2004-10-12 00:00:00-04:00,14.959320215432628,15.068194869944309,14.866777070589396,14.99742603302002,3913700,0.0,0.0
2004-10-13 00:00:00-04:00,15.405705484742688,15.721440758476808,15.269612676438227,15.710554122924805,12155000,0.0,0.0
2004-10-14 00:00:00-04:00,15.596232972268833,15.890193886612293,15.596232972268833,15.830312728881836,6351500,0.0,0.0
2004-10-15 00:00:00-04:00,15.91741144472625,16.05350422490172,15.76498715713974,15.781318664550781,5329600,0.0,0.0
2004-10-18 00:00:00-04:00,15.694222560744441,16.048063653516174,15.677891050011326,15.89564037322998,5443300,0.0,0.0
2004-10-19 00:00:00-04:00,15.901080633186714,16.053504927443697,15.683332383037852,15.786763191223145,7012600,0.0,0.0
2004-10-20 00:00:00-04:00,15.645226891619899,15.699664214855881,15.432922473135706,15.677888870239258,5219000,0.0,0.0
2004-10-21 00:00:00-04:00,15.677892116953137,15.781322948690299,15.389376009173498,15.525468826293945,4038500,0.0,0.0
2004-10-22 00:00:00-04:00,15.49824963988638,15.650673968851365,15.471031491784608,15.525468826293945,4013100,0.0,0.0
2004-10-25 00:00:00-04:00,15.427477823438261,15.541795261730455,15.296828877544813,15.449252128601074,3644100,0.0,0.0
2004-10-26 00:00:00-04:00,15.460140679794415,15.721438586445394,15.351267071175966,15.715995788574219,3774300,0.0,0.0
2004-10-27 00:00:00-04:00,15.607117885879369,15.895634913227166,15.574455913937943,15.890191078186035,3697500,0.0,0.0
2004-10-28 00:00:00-04:00,15.764988011201417,15.841200678276218,15.710551726826576,15.803094863891602,3659700,0.0,0.0
2004-10-29 00:00:00-04:00,15.694222922618449,15.868421554565431,15.61256744368152,15.86842155456543,4149800,0.0,0.0
2004-11-01 00:00:00-05:00,15.813974424441005,16.113379046111493,15.786756294427827,16.10249137878418,4408100,0.0,0.0
2004-11-02 00:00:00-05:00,16.05894581123966,16.184150902269597,15.813978425915552,15.890191078186035,4254600,0.0,0.0
2004-11-03 00:00:00-05:00,15.879302345298344,16.026282766655374,15.661554149753833,15.955513954162598,5922500,0.0,0.0
2004-11-04 00:00:00-05:00,15.960956443587522,16.162374156430733,15.950068775151628,16.129711151123047,7919700,0.0,0.0
2004-11-05 00:00:00-05:00,16.189599521902956,16.46722896121769,16.140606030358846,16.363798141479492,7508300,0.0,0.0
2004-11-08 00:00:00-05:00,16.54888560392641,16.875508557868894,16.35291266220552,16.440011978149414,8455300,0.0,0.0
2004-11-09 00:00:00-05:00,16.374687498362196,16.489006003154135,16.2930320168284,16.42912483215332,4039100,0.0,0.0
2004-11-10 00:00:00-05:00,16.61209544991411,16.783983719609815,16.52892428647549,16.64536476135254,5405800,0.55,0.0
2004-11-11 00:00:00-05:00,16.68972018212944,16.867152251807116,16.595459262915856,16.789525985717773,3516400,0.0,0.0
2004-11-12 00:00:00-05:00,16.84497671151919,16.911514282226562,16.68972414250001,16.911514282226562,3482400,0.0,0.0
2004-11-15 00:00:00-05:00,16.817257870042944,16.933698385747103,16.767354942966747,16.86716079711914,3491700,0.0,0.0
2004-11-16 00:00:00-05:00,16.894873432737512,16.894873432737512,16.695262908935547,16.695262908935547,2481300,0.0,0.0
2004-11-17 00:00:00-05:00,16.81171343109302,16.928153949901713,16.695273969863443,16.85607147216797,4070800,0.0,0.0
2004-11-18 00:00:00-05:00,16.772904088196306,16.950336292809155,16.440218175757533,16.6065616607666,9666800,0.0,0.0
2004-11-19 00:00:00-05:00,16.440210116315157,16.495657917469476,16.07980099518033,16.246143341064453,7922100,0.0,0.0
2004-11-22 00:00:00-05:00,16.323771865862927,16.395853272269584,16.090891930241455,16.290502548217773,4913500,0.0,0.0
2004-11-23 00:00:00-05:00,16.22951460104098,16.700819465619286,16.223969713507213,16.689729690551758,5600000,0.0,0.0
2004-11-24 00:00:00-05:00,16.745176898270152,17.094496339537997,16.745176898270152,16.85607147216797,4087500,0.0,0.0
2004-11-26 00:00:00-05:00,16.817250947309446,17.039041055472087,16.80616117750665,16.95032501220703,1337000,0.0,0.0
2004-11-29 00:00:00-05:00,17.02795130448611,17.105578635612808,16.639818879167244,17.05013084411621,5229600,0.0,0.0
2004-11-30 00:00:00-05:00,16.96696940038947,17.100043541627986,16.911521577145272,17.04459571838379,5981400,0.0,0.0
2004-12-01 00:00:00-05:00,17.133305708390978,17.38836518141152,17.11112722154248,17.305192947387695,6529500,0.0,0.0
2004-12-02 00:00:00-05:00,17.36618496537839,17.51034882584448,17.26637913447272,17.421632766723633,4122300,0.0,0.0
2004-12-03 00:00:00-05:00,17.42163569981921,17.42163569981921,17.25529332535703,17.344009399414062,3283700,0.0,0.0
2004-12-06 00:00:00-05:00,17.305197573402346,17.305197573402346,17.166578556412276,17.233116149902344,3172900,0.0,0.0
2004-12-07 00:00:00-05:00,17.23311132052802,17.39390984281263,17.138850373087113,17.31073760986328,5115200,0.0,0.0
2004-12-08 00:00:00-05:00,17.31074022155291,17.604612880282932,17.30519533468113,17.465993881225586,5384600,0.0,0.0
2004-12-09 00:00:00-05:00,17.299652196874824,17.660061397314074,17.266382874314342,17.621248245239258,7721600,0.0,0.0
2004-12-10 00:00:00-05:00,17.676689192165203,17.676689192165203,17.410541044616473,17.54916000366211,4021200,0.0,0.0
2004-12-13 00:00:00-05:00,17.654513297379463,17.732139587402344,17.593520608030694,17.732139587402344,4061800,0.0,0.0
2004-12-14 00:00:00-05:00,17.732134361600245,17.759857726272724,17.643418325554027,17.693321228027344,5223800,0.0,0.0
2004-12-15 00:00:00-05:00,17.660056187261617,18.02046528137333,17.65451130180405,17.98719596862793,6104600,0.0,0.0
2004-12-16 00:00:00-05:00,17.987204563981805,18.159092922568536,17.915124191325454,18.109189987182617,5668600,0.0,0.0
2004-12-17 00:00:00-05:00,18.114728667593198,18.26443743118793,17.987199450121675,18.042648315429688,7106700,0.0,0.0
2004-12-20 00:00:00-05:00,18.048188708696742,18.18126384494562,17.84857706190219,17.95947265625,4484700,0.0,0.0
2004-12-21 00:00:00-05:00,18.05928185478449,18.15354386790209,17.96502195682482,18.070371627807617,4235000,0.0,0.0
2004-12-22 00:00:00-05:00,18.114731033916758,18.275529591578174,17.90957549337253,18.03156089782715,4385200,0.0,0.0
2004-12-23 00:00:00-05:00,18.048195607559535,18.15354741428122,17.809770728879766,17.926212310791016,2824000,0.0,0.0
2004-12-27 00:00:00-05:00,17.965017807523264,18.03155431513644,17.809763136215928,17.826398849487305,2417700,0.0,0.0
2004-12-28 00:00:00-05:00,17.898475679429794,18.026004842028065,17.86520848971713,17.998281478881836,3283700,0.0,0.0
2004-12-29 00:00:00-05:00,18.003832638901887,18.070369152769423,17.86521366783589,18.037099838256836,3127200,0.0,0.0
2004-12-30 00:00:00-05:00,18.020470244478734,18.125819924451072,17.93175416788147,17.953933715820312,2828000,0.0,0.0
2004-12-31 00:00:00-05:00,17.965014909635016,17.992738273738738,17.77094713059476,17.776493072509766,2933300,0.0,0.0
2005-01-03 00:00:00-05:00,17.521438762400738,17.870758116276726,17.48817050431228,17.643423080444336,4906300,0.0,0.0
2005-01-04 00:00:00-05:00,17.59906516886036,17.915117324352906,17.59906516886036,17.787588119506836,5435100,0.0,0.0
2005-01-05 00:00:00-05:00,17.787589696950338,17.892939367211635,17.648969650268555,17.648969650268555,4008100,0.0,0.0
2005-01-06 00:00:00-05:00,17.654512971100043,17.85966846453436,17.632333427172625,17.787588119506836,3671000,0.0,0.0
2005-01-07 00:00:00-05:00,17.759869057285716,17.843041319525213,17.593526647965216,17.671154022216797,3902200,0.0,0.0
2005-01-10 00:00:00-05:00,17.560253143310547,17.66560386851984,17.47708196344171,17.560253143310547,3455100,0.0,0.0
2005-01-11 00:00:00-05:00,17.427178675025164,17.56025277151356,17.21647722906768,17.24420166015625,5045300,0.0,0.0
2005-01-12 00:00:00-05:00,17.310741691085443,17.382824168958702,17.166577792918048,17.37727928161621,4194300,0.0,0.0
2005-01-13 00:00:00-05:00,17.32183249370483,17.360645649826445,17.10004227473905,17.127765655517578,3731800,0.0,0.0
2005-01-14 00:00:00-05:00,17.100040045723457,17.388367821584612,17.08340538487718,17.36064338684082,3919700,0.0,0.0
2005-01-18 00:00:00-05:00,17.29965033402299,17.57134342686947,17.233112753645973,17.521440505981445,3642900,0.0,0.0
2005-01-19 00:00:00-05:00,17.576887864190745,17.74323022451399,17.49926051280482,17.532529830932617,4444300,0.0,0.0
2005-01-20 00:00:00-05:00,17.504801352518022,17.61569693881672,17.260831697208108,17.438264846801758,4047900,0.0,0.0
2005-01-21 00:00:00-05:00,17.43826911809994,17.521440299406414,17.26083592504612,17.327373504638672,4085500,0.0,0.0
2005-01-24 00:00:00-05:00,17.510351614737523,17.682238874463486,17.427180428262318,17.59906768798828,5401900,0.0,0.0
2005-01-25 00:00:00-05:00,17.737686220421807,17.793134029147144,17.687783298326902,17.709962844848633,4957200,0.0,0.0
2005-01-26 00:00:00-05:00,17.704421702684016,17.881853882068615,17.671153433444207,17.737689971923828,4675000,0.0,0.0
2005-01-27 00:00:00-05:00,17.743226447776827,17.95947168168392,17.709958194309284,17.809762954711914,6036000,0.0,0.0
2005-01-28 00:00:00-05:00,17.66005773834263,17.87630405986556,17.29964861257622,17.743228912353516,7837700,0.0,0.0
2005-01-31 00:00:00-05:00,17.798674150203553,18.02046533889917,17.798674150203553,17.95947265625,5815000,0.0,0.0
2005-02-01 00:00:00-05:00,17.770952732413782,17.848579022436663,17.6933264423909,17.732139587402344,5949100,0.0,0.0
2005-02-02 00:00:00-05:00,17.676702882220894,17.754330278559987,17.499270646439335,17.615711212158203,6577700,0.0,0.0
2005-02-03 00:00:00-05:00,17.52143368092561,17.798670494698484,17.41053810935362,17.776493072509766,3694200,0.0,0.0
2005-02-04 00:00:00-05:00,17.643425322382026,18.075915905224868,17.632335549083752,18.059282302856445,5137300,0.0,0.0
2005-02-07 00:00:00-05:00,17.953932997156105,18.21453527195268,17.953932997156105,18.175722122192383,5516100,0.0,0.0
2005-02-08 00:00:00-05:00,18.142453021371573,18.214533369019925,17.953931121449333,17.97610855102539,5179300,0.0,0.0
2005-02-09 00:00:00-05:00,17.965016933239447,18.009373897770413,17.721046225268452,17.726591110229492,4515400,0.0,0.0
2005-02-10 00:00:00-05:00,17.798675537109375,17.859668224511207,17.66560250564873,17.798675537109375,3584700,0.0,0.0
2005-02-11 00:00:00-05:00,17.68778438264298,18.01492636841938,17.626792741127225,17.881851196289062,5341200,0.0,0.0
2005-02-14 00:00:00-05:00,17.881851159897224,18.131365785159968,17.85967161206096,18.081462860107422,3492800,0.0,0.0
2005-02-15 00:00:00-05:00,18.07591205551699,18.397509067201085,18.07591205551699,18.38641929626465,5985100,0.0,0.0
2005-02-16 00:00:00-05:00,18.242264627945076,18.286621616286087,17.976114237265094,18.07592010498047,4746300,0.0,0.0
2005-02-17 00:00:00-05:00,18.014929303203427,18.020473133497863,17.859674557899393,17.904033660888672,3469500,0.0,0.0
2005-02-18 00:00:00-05:00,17.826406449243283,18.020472227164795,17.782047348485026,17.926212310791016,3830000,0.0,0.0
2005-02-22 00:00:00-05:00,17.915117264338217,17.992743552666415,17.715505599975586,17.715505599975586,3677400,0.0,0.0
2005-02-23 00:00:00-05:00,17.770950723676656,18.014921453494527,17.75431712488272,17.98719596862793,4308500,0.0,0.0
2005-02-24 00:00:00-05:00,17.987201842304554,18.136910625809595,17.8818521569454,18.1036434173584,2794400,0.0,0.0
2005-02-25 00:00:00-05:00,17.99275132121482,18.286623001098633,17.920668830148713,18.286623001098633,3328000,0.0,0.0
2005-02-28 00:00:00-05:00,18.28661884752696,18.43632762643276,18.214536372833464,18.34206771850586,4742800,0.0,0.0
2005-03-01 00:00:00-05:00,18.308797865427188,18.530586997442065,18.308797865427188,18.48068618774414,3378000,0.0,0.0
2005-03-02 00:00:00-05:00,18.31988790987487,18.752378521575867,18.31988790987487,18.452960968017578,4198400,0.0,0.0
2005-03-03 00:00:00-05:00,18.452957213846872,18.63038933204481,18.2977046392131,18.525039672851562,3323400,0.0,0.0
2005-03-04 00:00:00-05:00,18.63039770893457,18.9797182740852,18.574950940251007,18.83000946044922,4868200,0.0,0.0
2005-03-07 00:00:00-05:00,19.018521304240274,19.162686210276316,18.94643885122225,18.968618392944336,3978100,0.0,0.0
2005-03-08 00:00:00-05:00,18.852180023177592,18.852180023177592,18.25334505422452,18.563852310180664,8239500,0.0,0.0
2005-03-09 00:00:00-05:00,18.103638467282014,18.292160352538072,17.92620635353015,18.037099838256836,9408500,0.0,0.0
2005-03-10 00:00:00-05:00,18.098097340188716,18.18126959102504,18.02601486380778,18.159090042114258,5558500,0.0,0.0
2005-03-11 00:00:00-05:00,18.15908769683469,18.253347594794363,18.026012535715115,18.070371627807617,3468000,0.0,0.0
2005-03-14 00:00:00-05:00,18.04263964050695,18.297697952817654,18.04263964050695,18.2755184173584,4486700,0.0,0.0
2005-03-15 00:00:00-05:00,18.303257835899608,18.336527168274493,17.90403642319485,17.98166275024414,3970100,0.0,0.0
2005-03-16 00:00:00-05:00,17.909572153827153,18.009377990650755,17.77095317103413,17.92066192626953,3382300,0.0,0.0
2005-03-17 00:00:00-05:00,17.909569776936607,17.920659547907196,17.565795337478544,17.63233184814453,5287800,0.0,0.0
2005-03-18 00:00:00-05:00,17.648967237818262,17.71550480882729,17.355094640361507,17.687780380249023,8967600,0.0,0.0
2005-03-21 00:00:00-05:00,17.60461095205836,17.671148529652832,17.477081740712784,17.565797805786133,3022700,0.0,0.0
2005-03-22 00:00:00-05:00,17.565794030740175,17.693323214678593,17.42717507665615,17.438264846801758,4669700,0.0,0.0
2005-03-23 00:00:00-05:00,17.493711582372416,17.621241823889523,17.39945065129213,17.438264846801758,5302400,0.0,0.0
2005-03-24 00:00:00-05:00,17.499259501613196,17.626789765242567,17.438267870394494,17.51034927368164,3292600,0.0,0.0
2005-03-28 00:00:00-05:00,17.41609408651096,17.61016093157953,17.4105491986428,17.48263168334961,3355000,0.0,0.0
2005-03-29 00:00:00-05:00,17.377266861434308,17.421624870890785,17.166565523332263,17.1998348236084,5404500,0.0,0.0
2005-03-30 00:00:00-05:00,17.17766115111665,17.56579465947593,17.17766115111665,17.54916000366211,4418700,0.0,0.0
2005-03-31 00:00:00-05:00,17.521443661629046,17.521443661629046,17.238660744860127,17.26638412475586,5400600,0.0,0.0
2005-04-01 00:00:00-05:00,17.299648732554605,17.47708085369607,17.122215553834277,17.188753128051758,4399000,0.0,0.0
2005-04-04 00:00:00-04:00,17.227562671893704,17.266375808084323,16.994682797171357,17.183204650878906,5859300,0.0,0.0
2005-04-05 00:00:00-04:00,17.116672107649325,17.349552036242475,17.08340279100824,17.305192947387695,3643200,0.0,0.0
2005-04-06 00:00:00-04:00,17.26084129020359,17.5768935695325,17.188759859354086,17.460453033447266,4360500,0.0,0.0
2005-04-07 00:00:00-04:00,17.404999952192362,17.515895566626416,17.271925849418874,17.449357986450195,3916100,0.0,0.0
2005-04-08 00:00:00-04:00,17.454906069268475,17.62124952138033,17.249750519850082,17.26638412475586,3420500,0.0,0.0
2005-04-11 00:00:00-04:00,17.17766380634429,17.210933123114515,16.922605389912597,17.077857971191406,4897000,0.0,0.0
2005-04-12 00:00:00-04:00,16.96696225385779,17.216475766992,16.806163739936324,17.133304595947266,5528000,0.0,0.0
2005-04-13 00:00:00-04:00,17.42163321540983,17.69332628566212,17.299648895371725,17.31073760986328,9357800,0.0,0.0
2005-04-14 00:00:00-04:00,17.371738195305465,17.377283083861208,17.044597173572107,17.055686950683594,4586400,0.0,0.0
2005-04-15 00:00:00-04:00,16.97805808186913,17.016871238363752,16.71745364669803,16.80062484741211,6510900,0.0,0.0
2005-04-18 00:00:00-04:00,16.71745307064142,16.7562662257986,16.284962418799456,16.689729690551758,8465100,0.0,0.0
2005-04-19 00:00:00-04:00,16.689727047342,16.772898232018026,16.567741656076766,16.734085083007812,5122100,0.0,0.0
2005-04-20 00:00:00-04:00,16.68417479480747,16.789525479594733,16.467929598603867,16.601003646850586,5267800,0.0,0.0
2005-04-21 00:00:00-04:00,16.783993151709048,16.911522411154458,16.36259115488224,16.55111312866211,6525200,0.0,0.0
2005-04-22 00:00:00-04:00,16.911518882149014,16.994690074971633,16.495661860456824,16.66754913330078,8272000,0.0,0.0
2005-04-25 00:00:00-04:00,16.61209285846154,16.894875616102297,16.467930095032344,16.789525985717773,5169900,0.0,0.0
2005-04-26 00:00:00-04:00,16.717448518952974,16.78398609366268,16.595464199160535,16.63427734375,4676400,0.0,0.0
2005-04-27 00:00:00-04:00,16.556653384244786,16.85606986862193,16.517840234193955,16.72299575805664,4795900,0.0,0.0
2005-04-28 00:00:00-04:00,16.551105781231325,16.717448127744667,16.418031692504883,16.418031692504883,5318400,0.0,0.0
2005-04-29 00:00:00-04:00,16.418029477845213,16.51783529532176,16.140791566000903,16.251686096191406,7557600,0.0,0.0
2005-05-02 00:00:00-04:00,16.14634138755494,16.412489610475866,16.14634138755494,16.395854949951172,5036000,0.0,0.0
2005-05-03 00:00:00-04:00,16.47902415507221,16.63427779522269,16.412487636135502,16.52338218688965,6839500,0.0,0.0
2005-05-04 00:00:00-04:00,16.517837127934975,16.778440413253584,16.484567813365842,16.706357955932617,4829400,0.0,0.0
2005-05-05 00:00:00-04:00,16.7396225793049,16.789525479594733,16.501197846270916,16.601003646850586,4703100,0.0,0.0
2005-05-06 00:00:00-04:00,16.612098549068477,16.662001467957285,16.2849587195225,16.290502548217773,6281100,0.0,0.0
2005-05-09 00:00:00-04:00,16.46793903325718,16.717452620076756,16.41249121699312,16.70081901550293,6065900,0.0,0.0
2005-05-10 00:00:00-04:00,16.606558492703623,16.811714043557078,16.52338623727633,16.689729690551758,4499200,0.0,0.0
2005-05-11 00:00:00-04:00,16.63982922719625,16.717455549018787,16.46794191848377,16.55111312866211,5780300,0.0,0.0
2005-05-12 00:00:00-04:00,16.628736136161656,16.68418395108885,16.506751789385113,16.512296676635742,4864400,0.0,0.0
2005-05-13 00:00:00-04:00,16.434655922931004,16.54000657970263,16.35702967982467,16.440200805664062,4465000,0.0,0.0
2005-05-16 00:00:00-04:00,16.467934712698952,16.63427706027011,16.41248691098228,16.567739486694336,3861600,0.0,0.0
2005-05-17 00:00:00-04:00,16.573287226176838,16.66754818805117,16.440213113691726,16.617645263671875,3429800,0.0,0.0
2005-05-18 00:00:00-04:00,16.717452437057307,17.000235345086946,16.678639283371126,16.95587730407715,5199100,0.0,0.0
2005-05-19 00:00:00-04:00,17.088949860900307,17.20539036886618,16.994688900196135,17.172121047973633,5007900,0.0,0.0
2005-05-20 00:00:00-04:00,17.133297989368813,17.266372023242972,17.039037083177316,17.15547752380371,4019500,0.0,0.0
2005-05-23 00:00:00-04:00,17.10558095411504,17.465990061325037,17.10558095411504,17.36618423461914,4464600,0.0,0.0
2005-05-24 00:00:00-04:00,17.294108499444903,17.34955631661422,17.000235808752926,17.116676330566406,5179200,0.0,0.0
2005-05-25 00:00:00-04:00,17.116676937753677,17.188758362325363,17.061229118617437,17.127765655517578,3762400,0.0,0.0
2005-05-26 00:00:00-04:00,17.188754446794363,17.460447535334218,17.166574901160605,17.45490264892578,5047200,0.0,0.0
2005-05-27 00:00:00-04:00,17.410540629205215,17.410540629205215,17.283011443744936,17.332914352416992,2932100,0.0,0.0
2005-05-31 00:00:00-04:00,17.27746179046042,17.27746179046042,17.149932640194987,17.15547752380371,5551600,0.0,0.0
2005-06-01 00:00:00-04:00,17.100029037936732,17.271916192383287,17.01685790240313,17.1998348236084,4223500,0.0,0.0
2005-06-02 00:00:00-04:00,17.12775693406146,17.305189018885642,17.077854028007327,17.255287170410156,3165300,0.0,0.0
2005-06-03 00:00:00-04:00,17.210935417912843,17.233113907804576,16.89488321192865,16.917062759399414,3814500,0.0,0.0
2005-06-06 00:00:00-04:00,16.86161231994629,16.88379186395975,16.745172886612227,16.86161231994629,4064100,0.0,0.0
2005-06-07 00:00:00-04:00,16.82834660538195,16.905972906005793,16.257235951649143,16.395854949951172,11748800,0.0,0.0
2005-06-08 00:00:00-04:00,16.39584488086205,16.445747774210513,16.179599714737616,16.20732307434082,11257000,0.0,0.0
2005-06-09 00:00:00-04:00,16.207333141118173,16.229512688639705,15.941184916334,16.068714141845703,8293800,0.0,0.0
2005-06-10 00:00:00-04:00,16.135253335663034,16.37922309483072,16.06871574404307,16.37367820739746,7988200,0.0,0.0
2005-06-13 00:00:00-04:00,16.129699263430798,16.32931086704592,16.029893461623235,16.140789031982422,8162400,0.0,0.0
2005-06-14 00:00:00-04:00,16.16297216812239,16.39030720103415,16.16297216812239,16.246143341064453,4898000,0.0,0.0
2005-06-15 00:00:00-04:00,16.246142041874272,16.290500067734687,15.96890411585199,16.05207633972168,6803600,0.0,0.0
2005-06-16 00:00:00-04:00,16.08534565723457,16.185151486407833,16.040987628444096,16.15188217163086,4905600,0.0,0.0
2005-06-17 00:00:00-04:00,16.30158978061282,16.30158978061282,16.06870988127926,16.07979965209961,7370600,0.0,0.0
2005-06-20 00:00:00-04:00,15.996633888795449,16.16852116424892,15.968909452380945,16.113073348999023,3777600,0.0,0.0
2005-06-21 00:00:00-04:00,16.05762492745952,16.179610327919292,15.991088397735163,16.10198402404785,5860600,0.0,0.0
2005-06-22 00:00:00-04:00,16.2239630504713,16.24059770624089,16.05761966551161,16.09088897705078,4283800,0.0,0.0
2005-06-23 00:00:00-04:00,16.052074839938225,16.135245998458277,15.83582855869169,15.841373443603516,6860300,0.0,0.0
2005-06-24 00:00:00-04:00,15.84137761361604,15.902370306122894,15.647310820931542,15.680580139160156,7044000,0.0,0.0
2005-06-27 00:00:00-04:00,15.63621896210809,15.78038174846576,15.59740476531163,15.614039421081543,3512800,0.0,0.0
2005-06-28 00:00:00-04:00,15.61404725721897,15.791479444163397,15.591868762640546,15.658405303955078,5123800,0.0,0.0
2005-06-29 00:00:00-04:00,15.691669096799036,15.76929644961973,15.458789153494857,15.475423812866211,6386100,0.0,0.0
2005-06-30 00:00:00-04:00,15.55304773659356,15.63621996318935,15.38116051294793,15.38670539855957,8062100,0.0,0.0
2005-07-01 00:00:00-04:00,15.419974387818861,15.597406505512435,15.37007147252019,15.492056846618652,4486700,0.0,0.0
2005-07-05 00:00:00-04:00,15.425520607556315,15.575229366397819,15.364527915232975,15.508691787719727,4017200,0.0,0.0
2005-07-06 00:00:00-04:00,15.508694582797089,15.519784357505264,15.30908392594556,15.358986854553223,4709800,0.0,0.0
2005-07-07 00:00:00-04:00,15.270273925383401,15.558600724282053,15.170468047557993,15.5253324508667,6099500,0.0,0.0
2005-07-08 00:00:00-04:00,15.525327293373724,16.007721856752593,15.403342959654225,15.885736465454102,9319200,0.0,0.0
2005-07-11 00:00:00-04:00,16.013270357174825,16.11307623095994,15.941188924762963,16.063173294067383,5937800,0.0,0.0
2005-07-12 00:00:00-04:00,16.201786326150437,16.218420984811985,16.079802002035812,16.16851806640625,5273900,0.0,0.0
2005-07-13 00:00:00-04:00,16.17406432182107,16.423578934972074,16.16851943513116,16.406944274902344,6471900,0.0,0.0
2005-07-14 00:00:00-04:00,16.418037639978134,16.60101471045823,16.379224482236786,16.412492752075195,9087000,0.0,0.0
2005-07-15 00:00:00-04:00,16.589915723214,17.227562671893704,16.412483639154807,17.183204650878906,14489100,0.0,0.0
2005-07-18 00:00:00-04:00,17.088946567551485,17.17211773859622,16.961417368110965,17.133304595947266,5227500,0.0,0.0
2005-07-19 00:00:00-04:00,17.12776167887566,17.166574825985823,17.044590498271177,17.10558319091797,4759700,0.0,0.0
2005-07-20 00:00:00-04:00,17.01132028225357,17.18320751008987,16.961417368110965,17.133304595947266,4812400,0.0,0.0
2005-07-21 00:00:00-04:00,16.91151501293409,17.32737193948165,16.78398580927843,17.066768646240234,5540800,0.0,0.0
2005-07-22 00:00:00-04:00,16.939231293377095,17.172111117051475,16.917052816520606,17.15547752380371,5200800,0.0,0.0
2005-07-25 00:00:00-04:00,16.989144670460192,17.07786074778016,16.9059734801701,16.978055953979492,4333900,0.0,0.0
2005-07-26 00:00:00-04:00,16.98359669987787,17.061224046623074,16.80061969142947,16.83388900756836,5244400,0.0,0.0
2005-07-27 00:00:00-04:00,16.82834338690757,16.872701415577442,16.61764195754155,16.678634643554688,6752800,0.0,0.0
2005-07-28 00:00:00-04:00,16.68972018212944,16.878242020556613,16.68972018212944,16.789525985717773,4683900,0.0,0.0
2005-07-29 00:00:00-04:00,16.911519125162762,17.288562999461014,16.911519125162762,17.283018112182617,7402200,0.0,0.0
2005-08-01 00:00:00-04:00,16.772898047383972,17.371732051070058,16.772898047383972,17.28856086730957,5361800,0.0,0.0
2005-08-02 00:00:00-04:00,17.36618658154864,17.51035045543123,17.31073877504319,17.45490264892578,5378200,0.0,0.0
2005-08-03 00:00:00-04:00,17.360641526675806,17.59906635203034,17.299649891932713,17.532529830932617,6199500,0.0,0.0
2005-08-04 00:00:00-04:00,17.493712072657107,17.549159867360455,17.23865369763192,17.299646377563477,4514900,0.0,0.0
2005-08-05 00:00:00-04:00,17.244204156692884,17.465994349616647,17.244204156692884,17.355098724365234,5058400,0.0,0.0
2005-08-08 00:00:00-04:00,17.610159475386727,17.953935091730866,17.604614587977082,17.820859909057617,10226400,0.0,0.0
2005-08-09 00:00:00-04:00,17.904025859500724,17.99274191166426,17.765406895797852,17.98719596862793,5902700,0.0,0.0
2005-08-10 00:00:00-04:00,17.998289657594466,18.281073589595835,17.881850210374132,18.131364822387695,8547300,0.0,0.0
2005-08-11 00:00:00-04:00,18.269984670497603,19.24031767301856,18.214535801258698,19.234771728515625,17421600,0.0,0.0
2005-08-12 00:00:00-04:00,18.708025021888393,18.830008328692283,18.33652492552948,18.436330795288086,12759300,0.0,0.0
2005-08-15 00:00:00-04:00,18.092551812504645,18.65257162141413,18.087005868218352,18.63039207458496,6665400,0.0,0.0
2005-08-16 00:00:00-04:00,18.57495164638065,18.69693708031215,18.31989311648635,18.3919734954834,7406200,0.0,0.0
2005-08-17 00:00:00-04:00,18.308798015953275,18.951990099853184,18.28661846802201,18.780101776123047,11185600,0.0,0.0
2005-08-18 00:00:00-04:00,18.63038786234148,18.652567404155956,18.325426565443742,18.513948440551758,6848900,0.0,0.0
2005-08-19 00:00:00-04:00,18.44187275759965,18.602671322050575,18.419695322800937,18.508411407470703,5510600,0.0,0.0
2005-08-22 00:00:00-04:00,18.502858784542777,18.54721786844719,18.32542667924019,18.4585018157959,4519900,0.0,0.0
2005-08-23 00:00:00-04:00,18.40305537439813,18.42523491925909,18.214533473395594,18.31988525390625,5803400,0.0,0.0
2005-08-24 00:00:00-04:00,18.297712777813313,18.441875644786894,18.164637572395783,18.286623001098633,7465400,0.0,0.0
2005-08-25 00:00:00-04:00,18.24225927863493,18.5694001679591,18.24225927863493,18.464048385620117,9425800,0.0,0.0
2005-08-26 00:00:00-04:00,18.34760705422238,18.63038882390068,18.286614368663347,18.563852310180664,7884300,0.0,0.0
2005-08-29 00:00:00-04:00,18.3808858334521,18.54722826098496,18.170184297159164,18.3919734954834,6764400,0.0,0.0
2005-08-30 00:00:00-04:00,18.353150647096523,18.353150647096523,17.85966745594736,17.96501922607422,8607700,0.0,0.0
2005-08-31 00:00:00-04:00,18.053735223031335,18.159084877658724,17.759861571436865,17.99274253845215,6655300,0.0,0.0
2005-09-01 00:00:00-04:00,17.909572236554876,17.948385382703584,17.48262657134019,17.493715286254883,8614600,0.0,0.0
2005-09-02 00:00:00-04:00,17.643422352102608,17.748772007963584,17.587974552524887,17.687780380249023,5643600,0.0,0.0
2005-09-06 00:00:00-04:00,18.037107499367725,18.25335284765386,17.95948118102486,18.109189987182617,6878500,0.0,0.0
2005-09-07 00:00:00-04:00,18.32543412134915,18.78010434022702,18.303254570389647,18.68584442138672,12166600,0.0,0.0
2005-09-08 00:00:00-04:00,18.5583156237313,18.663665320592376,18.397517048134045,18.502866744995117,6233500,0.0,0.0
2005-09-09 00:00:00-04:00,18.508408757260852,19.08506216746448,18.45850583458229,18.9298095703125,12547900,0.0,0.0
2005-09-12 00:00:00-04:00,18.802278012586537,18.946440818433505,18.69138240761932,18.74128532409668,6572300,0.0,0.0
2005-09-13 00:00:00-04:00,18.713561044775584,18.785643501784786,18.364240646362305,18.364240646362305,6922500,0.0,0.0
2005-09-14 00:00:00-04:00,18.464049126772846,18.469595070885855,17.915119108429266,17.942842483520508,7436000,0.0,0.0
2005-09-15 00:00:00-04:00,17.94284138347209,18.574943603494102,17.94284138347209,18.54722023010254,9369100,0.0,0.0
2005-09-16 00:00:00-04:00,18.702468537023528,19.42328665618285,18.602662723507603,18.985252380371094,25124600,0.0,0.0
2005-09-19 00:00:00-04:00,18.72465421921385,18.86881704427434,18.55831184717236,18.5749454498291,7524400,0.0,0.0
2005-09-20 00:00:00-04:00,18.574937227645865,18.774548831800924,18.020461489507184,18.086997985839844,7783700,0.0,0.0
2005-09-21 00:00:00-04:00,18.014922866265227,18.087003210130003,17.360640079485982,17.421632766723633,13572300,0.0,0.0
2005-09-22 00:00:00-04:00,17.42163372300181,18.380877883464795,17.371730804809793,18.34760856628418,12830500,0.0,0.0
2005-09-23 00:00:00-04:00,18.29770469520989,18.624845560730556,18.04819011724367,18.098093032836914,8232500,0.0,0.0
2005-09-26 00:00:00-04:00,18.269983539611886,18.719107719277414,18.269983539611886,18.441869735717773,8828200,0.0,0.0
2005-09-27 00:00:00-04:00,18.408601138613793,18.46404788506749,18.286615758226308,18.30324935913086,9808500,0.0,0.0
2005-09-28 00:00:00-04:00,18.547215299175942,18.824453189701273,18.353147506713867,18.353147506713867,6425800,0.0,0.0
2005-09-29 00:00:00-04:00,18.330973454581784,18.613755224260085,18.297704140142955,18.563852310180664,5636000,0.0,0.0
2005-09-30 00:00:00-04:00,18.56939697265625,18.658113023216206,18.36423938717089,18.56939697265625,7138400,0.0,0.0
2005-10-03 00:00:00-04:00,18.51949949098407,18.84664041991684,18.51949949098407,18.780101776123047,5742600,0.0,0.0
2005-10-04 00:00:00-04:00,18.547223731318454,18.602670488568435,18.197903238200592,18.231172561645508,9187500,0.0,0.0
2005-10-05 00:00:00-04:00,18.159082303984356,18.375327525820374,18.086999858319917,18.214529037475586,7328600,0.0,0.0
2005-10-06 00:00:00-04:00,18.220071705782555,18.397503759258814,18.020460116832535,18.14798927307129,8038000,0.0,0.0
2005-10-07 00:00:00-04:00,18.164632638191538,18.170178582621705,17.793134737376537,17.865217208862305,5966800,0.0,0.0
2005-10-10 00:00:00-04:00,18.00382988268676,18.00382988268676,17.84303139322909,17.931747436523438,5460200,0.0,0.0
2005-10-11 00:00:00-04:00,18.325424746444778,18.513946602839933,17.92065766671698,17.931747436523438,7477900,0.0,0.0
2005-10-12 00:00:00-04:00,17.88184914769461,18.020468133335655,17.532529769213912,17.560253143310547,6891500,0.0,0.0
2005-10-13 00:00:00-04:00,17.948380491260945,18.13690234195904,17.615695867750073,17.77094841003418,10285200,0.0,0.0
2005-10-14 00:00:00-04:00,17.82640203324603,17.942841471154292,17.74877362614937,17.92066192626953,6701900,0.0,0.0
2005-10-17 00:00:00-04:00,17.920663359447577,18.136908651473338,17.920663359447577,18.131364822387695,4939800,0.0,0.0
2005-10-18 00:00:00-04:00,18.186809724180275,18.225622869306214,17.90957176461912,18.003833770751953,4710200,0.0,0.0
2005-10-19 00:00:00-04:00,18.13136217829509,18.863270190028892,17.998287032908177,18.6802921295166,8869200,0.0,0.0
2005-10-20 00:00:00-04:00,18.547218472765284,18.5527623008552,17.748771857730585,17.96501922607422,10984400,0.0,0.0
2005-10-21 00:00:00-04:00,17.643424394267022,18.236713485988496,17.643424394267022,18.00937843322754,11964400,0.0,0.0
2005-10-24 00:00:00-04:00,18.103638419749657,18.375330417837382,17.94838373425618,18.364240646362305,6886400,0.0,0.0
2005-10-25 00:00:00-04:00,18.325426158380154,18.52503779996142,18.10363709063456,18.29770278930664,6204400,0.0,0.0
2005-10-26 00:00:00-04:00,18.297699032795414,18.319878569563766,17.915111541748047,17.915111541748047,4660600,0.0,0.0
2005-10-27 00:00:00-04:00,17.909572236554876,17.9539313265293,17.454902140106174,17.493715286254883,6098100,0.0,0.0
2005-10-28 00:00:00-04:00,17.654518994470088,17.904033660888672,17.493720418871618,17.904033660888672,6599100,0.0,0.0
2005-10-31 00:00:00-05:00,17.904029213596633,18.17572124886415,17.493716073499787,17.521440505981445,18254300,0.0,0.0
2005-11-01 00:00:00-05:00,18.14800791950288,18.14800791950288,17.52699509426742,17.615711212158203,17401100,0.0,0.0
2005-11-02 00:00:00-05:00,17.8541229391473,17.998285730657805,17.704414204603204,17.88739013671875,7612400,0.0,0.0
2005-11-03 00:00:00-05:00,17.992741454675805,18.47513484386563,17.937292601508457,18.42523193359375,10297500,0.0,0.0
2005-11-04 00:00:00-05:00,18.45295487023061,18.56385045880946,18.314335913296407,18.5361270904541,6116900,0.0,0.0
2005-11-07 00:00:00-05:00,18.43632976098828,18.746837128946158,18.347613672308658,18.68584442138672,12334000,0.0,0.0
2005-11-08 00:00:00-05:00,18.685841916077205,18.879907673057456,18.48068638510406,18.852184295654297,9653000,0.0,0.0
2005-11-09 00:00:00-05:00,18.852184094327058,18.95198994403908,18.452960695478954,18.48068618774414,6877100,0.0,0.0
2005-11-10 00:00:00-05:00,18.644775659595677,18.83150521469833,18.508970580708613,18.803213119506836,6847600,0.67,0.0
2005-11-11 00:00:00-05:00,18.87111827172308,19.176678140088974,18.690046236813423,19.125751495361328,6682400,0.0,0.0
2005-11-14 00:00:00-05:00,19.125754823252,19.380388091196558,19.09746271760245,19.199316024780273,7199800,0.0,0.0
2005-11-15 00:00:00-05:00,19.13707270177335,19.267218118712094,18.763611283173223,18.84848976135254,8585100,0.0,0.0
2005-11-16 00:00:00-05:00,18.87677741457073,19.01258035736037,18.520290912287425,18.559900283813477,6758100,0.0,0.0
2005-11-17 00:00:00-05:00,18.718340669223615,18.876778161597798,18.605170106721083,18.780582427978516,5802400,0.0,0.0
2005-11-18 00:00:00-05:00,18.984289817294584,18.984289817294584,18.639120558308477,18.7239990234375,7016200,0.0,0.0
2005-11-21 00:00:00-05:00,18.684384906939755,18.769261191979865,18.571214368337785,18.712677001953125,4801300,0.0,0.0
2005-11-22 00:00:00-05:00,18.684392358313037,18.71834418099823,18.559904500350015,18.667417526245117,4723500,0.0,0.0
2005-11-23 00:00:00-05:00,18.69571759628584,19.171032523599894,18.678740598436942,19.07483673095703,6450800,0.0,0.0
2005-11-25 00:00:00-05:00,19.108783221214853,19.114440779881246,18.933368682861328,18.933368682861328,2311200,0.0,0.0
2005-11-28 00:00:00-05:00,19.029554598875933,19.295502889534724,18.967310693014767,19.21062660217285,6393500,0.0,0.0
2005-11-29 00:00:00-05:00,19.374730533486368,19.567119873872336,19.17102391913072,19.199316024780273,6594800,0.0,0.0
2005-11-30 00:00:00-05:00,19.31814040040158,19.66896719092228,19.148385641023754,19.154043197631836,8158600,0.0,0.0
2005-12-01 00:00:00-05:00,19.369063957884784,20.0197929501224,19.272870401032343,19.991500854492188,13905500,0.0,0.0
2005-12-02 00:00:00-05:00,19.833062041907834,19.9462325875897,19.663307302659348,19.753843307495117,8186900,0.0,0.0
2005-12-05 00:00:00-05:00,19.657658162850105,19.753851764806917,19.465268800386937,19.56146240234375,6958700,0.0,0.0
2005-12-06 00:00:00-05:00,19.708576070905924,19.951889826211627,19.680281816023985,19.895305633544922,8155500,0.0,0.0
2005-12-07 00:00:00-05:00,19.80477452768777,19.957554475927257,19.697263671615147,19.951894760131836,6290600,0.0,0.0
2005-12-08 00:00:00-05:00,19.872685308417452,20.00849048992993,19.635028938958282,19.702930450439453,5474600,0.0,0.0
2005-12-09 00:00:00-05:00,19.861361279126193,19.929264926076787,19.295510505834287,19.71424102783203,4617000,0.0,0.0
2005-12-12 00:00:00-05:00,19.714237419157076,19.714237419157076,19.431312084300373,19.504873275756836,3962900,0.0,0.0
2005-12-13 00:00:00-05:00,19.43697196992259,20.110335729026644,19.43697196992259,19.957555770874023,5928000,0.0,0.0
2005-12-14 00:00:00-05:00,19.90096245380528,20.172572612502154,19.867012802879554,20.08769416809082,4990100,0.0,0.0
2005-12-15 00:00:00-05:00,20.08769965136633,20.195210506225543,19.719895836583643,19.79345703125,5615400,0.0,0.0
2005-12-16 00:00:00-05:00,19.79911611673444,19.87267515051016,19.629359186977474,19.663311004638672,7956600,0.0,0.0
2005-12-19 00:00:00-05:00,19.612380713312607,19.765160626576954,19.27852878993096,19.295503616333008,3801800,0.0,0.0
2005-12-20 00:00:00-05:00,19.2389244765934,19.436971365138653,19.1257539009036,19.323802947998047,4172500,0.0,0.0
2005-12-21 00:00:00-05:00,19.35209112182108,19.663308522847036,19.35209112182108,19.48789405822754,4031000,0.0,0.0
2005-12-22 00:00:00-05:00,19.52184479433951,19.623698070298214,19.301163415945194,19.567113876342773,3326600,0.0,0.0
2005-12-23 00:00:00-05:00,19.635015014232224,19.635015014232224,19.42565090982084,19.55013656616211,1930300,0.0,0.0
2005-12-27 00:00:00-05:00,19.561454075557826,19.64633252466534,19.244576978578227,19.295503616333008,3039700,0.0,0.0
2005-12-28 00:00:00-05:00,19.29550318820428,19.459600368278544,19.25589382177926,19.3464298248291,2212000,0.0,0.0
2005-12-29 00:00:00-05:00,19.267215289536153,19.403020402971716,19.244580744205386,19.31814193725586,2530600,0.0,0.0
2005-12-30 00:00:00-05:00,19.29550415179859,19.40301714479149,19.00126374610403,19.080482482910156,4219600,0.0,0.0
2006-01-03 00:00:00-05:00,19.403015117234727,19.403015117234727,18.78623795556151,18.967309951782227,9250100,0.0,0.0
2006-01-04 00:00:00-05:00,18.916386398378183,19.154042622663372,18.91072668339112,19.137067794799805,5990200,0.0,0.0
2006-01-05 00:00:00-05:00,19.137067758218027,19.352091597790366,19.086141116175863,19.15970230102539,6245200,0.0,0.0
2006-01-06 00:00:00-05:00,19.369064577385153,19.408673944244025,19.131408376231903,19.272871017456055,5877100,0.0,0.0
2006-01-09 00:00:00-05:00,19.238926772097823,19.65765730454642,19.233269213985437,19.64068031311035,4659900,0.0,0.0
2006-01-10 00:00:00-05:00,19.584100215762717,19.719903224510013,19.54449082499893,19.65766143798828,7021800,0.0,0.0
2006-01-11 00:00:00-05:00,19.702923029602196,20.008482954007693,19.69160575552614,19.99716567993164,8209000,0.0,0.0
2006-01-12 00:00:00-05:00,19.946238236006838,19.98584761442986,19.657655313417763,19.68594741821289,11593600,0.0,0.0
2006-01-13 00:00:00-05:00,19.60672656898917,19.657653215605336,19.436969641235947,19.504873275756836,4807700,0.0,0.0
2006-01-17 00:00:00-05:00,19.646339908084343,19.895313475926862,19.533169319592496,19.572778701782227,5499100,0.0,0.0
2006-01-18 00:00:00-05:00,19.567121213452808,20.05375107616833,19.470925457399538,19.79911994934082,10550100,0.0,0.0
2006-01-19 00:00:00-05:00,19.974526245107036,20.014135615408325,19.804771492594558,19.91794204711914,9093800,0.0,0.0
2006-01-20 00:00:00-05:00,19.917935891202987,20.319689184976443,19.85569199752437,20.291397094726562,11436800,0.0,0.0
2006-01-23 00:00:00-05:00,20.29140426189015,20.421549649846998,19.95755229850558,20.206525802612305,6944500,0.0,0.0
2006-01-24 00:00:00-05:00,20.336674179417713,20.5460405007936,20.183894225393093,20.285747528076172,9685600,0.0,0.0
2006-01-25 00:00:00-05:00,20.370620191010442,20.449838924163263,19.55013644605169,19.895305633544922,21016500,0.0,0.0
2006-01-26 00:00:00-05:00,20.087693877847364,20.200864415911127,19.663305979019604,19.770816802978516,12358000,0.0,0.0
2006-01-27 00:00:00-05:00,19.770823016882066,19.94057995660599,19.759505743663862,19.833066940307617,7355400,0.0,0.0
2006-01-30 00:00:00-05:00,19.748188157863527,19.84438173035764,19.708578785830788,19.816089630126953,8004200,0.0,0.0
2006-01-31 00:00:00-05:00,19.8274075142352,19.946235634003045,19.748188767723303,19.8104305267334,6988200,0.0,0.0
2006-02-01 00:00:00-05:00,19.810429960260393,20.206525840042588,19.799114846981347,20.18389129638672,7186600,0.0,0.0
2006-02-02 00:00:00-05:00,19.99150860765886,20.263116716432158,19.900970412851727,20.059410095214844,5409500,0.0,0.0
2006-02-03 00:00:00-05:00,20.059406534164694,20.415893058009654,20.053746818719304,20.353649139404297,6852900,0.0,0.0
2006-02-06 00:00:00-05:00,20.370620264689094,20.619593735291133,20.31403607181773,20.444181442260742,7163500,0.0,0.0
2006-02-07 00:00:00-05:00,20.540387637594606,20.65921581085265,20.40458462774253,20.4781436920166,4868600,0.0,0.0
2006-02-08 00:00:00-05:00,20.71013231945217,20.795010777883487,20.517743017750206,20.574329376220703,6444300,0.0,0.0
2006-02-09 00:00:00-05:00,20.54603447020789,20.647887742995422,20.49510783381412,20.540374755859375,4889600,0.0,0.0
2006-02-10 00:00:00-05:00,20.52340596765235,20.63091682786824,20.43286993837865,20.557357788085938,5741200,0.0,0.0
2006-02-13 00:00:00-05:00,20.602621476181522,20.704474762879553,20.461158817828572,20.574329376220703,3421100,0.0,0.0
2006-02-14 00:00:00-05:00,20.574330922616408,20.681841773967726,20.410233708541483,20.579988479614258,5392300,0.0,0.0
2006-02-15 00:00:00-05:00,20.517754009159283,20.52341372731269,20.22917098128616,20.376291275024414,7669400,0.0,0.0
2006-02-16 00:00:00-05:00,20.364966776911622,20.591305752158977,20.291405584645442,20.579988479614258,3963500,0.0,0.0
2006-02-17 00:00:00-05:00,20.579981897825622,20.619591259789964,20.376275374267102,20.404569625854492,4802300,0.0,0.0
2006-02-21 00:00:00-05:00,20.302727691472413,20.37062918435974,20.002825294000093,20.178239822387695,5250300,0.0,0.0
2006-02-22 00:00:00-05:00,20.22916606315929,20.41589786292298,20.212191229926045,20.342336654663086,4323400,0.0,0.0
2006-02-23 00:00:00-05:00,20.229156374719246,20.36496145119197,20.087693742728202,20.138620376586914,3751800,0.0,0.0
2006-02-24 00:00:00-05:00,20.082044156227383,20.099018988066806,19.912287203635895,19.99716567993164,4802800,0.0,0.0
2006-02-27 00:00:00-05:00,19.974523937766826,20.10466930494439,19.86701311058933,19.946231842041016,4262100,0.0,0.0
2006-02-28 00:00:00-05:00,19.974524684373012,20.07072040369461,19.742526037072068,19.753843307495117,5522700,0.0,0.0
2006-03-01 00:00:00-05:00,19.80478043921985,19.90663376844839,19.482245616179394,19.76517105102539,5910300,0.0,0.0
2006-03-02 00:00:00-05:00,19.765159247422144,19.799111056405817,19.62935417003593,19.770816802978516,4566200,0.0,0.0
2006-03-03 00:00:00-05:00,19.66330640350326,19.838720849216298,19.60106249829707,19.719890594482422,5270700,0.0,0.0
2006-03-06 00:00:00-05:00,19.584090428892853,19.782137283740695,19.56145588589629,19.618040084838867,4145000,0.0,0.0
2006-03-07 00:00:00-05:00,19.55013613863952,19.68028150656537,19.48223467679746,19.601062774658203,7942300,0.0,0.0
2006-03-08 00:00:00-05:00,19.61804328698233,19.748190851181402,19.606728172185974,19.623703002929688,6588600,0.0,0.0
2006-03-09 00:00:00-05:00,19.589741169426468,19.651985061735818,19.4595958303015,19.538814544677734,5009600,0.0,0.0
2006-03-10 00:00:00-05:00,19.57843714747712,19.810435893056173,19.544487480375015,19.606731414794922,3991100,0.0,0.0
2006-03-13 00:00:00-05:00,19.538822474035918,19.635018208065826,19.301166234460176,19.419994354248047,6117300,0.0,0.0
2006-03-14 00:00:00-05:00,19.335126412202946,19.47093159338419,19.306834295700643,19.38605308532715,5652900,0.0,0.0
2006-03-15 00:00:00-05:00,19.35774641063437,19.70857529877892,19.34642914083469,19.674623489379883,5235500,0.0,0.0
2006-03-16 00:00:00-05:00,19.635019449160914,19.88399297662729,19.635019449160914,19.838726043701172,5637800,0.0,0.0
2006-03-17 00:00:00-05:00,19.940571893678236,19.94622944872514,19.804766828521416,19.861351013183594,5983900,0.0,0.0
2006-03-20 00:00:00-05:00,19.770826672838194,19.84438788308465,19.618046693964587,19.65199851989746,3983900,0.0,0.0
2006-03-21 00:00:00-05:00,19.61804236804469,19.883992882834324,19.61804236804469,19.74818992614746,5700400,0.0,0.0
2006-03-22 00:00:00-05:00,19.821742340947015,19.878328686123652,19.58974372209369,19.69159698486328,4218100,0.0,0.0
2006-03-23 00:00:00-05:00,19.697257362068644,19.697257362068644,19.442624196568495,19.544477462768555,4451300,0.0,0.0
2006-03-24 00:00:00-05:00,19.54447948153579,19.72555149380601,19.465260745986154,19.6350154876709,3230600,0.0,0.0
2006-03-27 00:00:00-05:00,19.476575388404584,19.606722917725055,19.448283291897415,19.55013656616211,3338600,0.0,0.0
2006-03-28 00:00:00-05:00,19.4426235294535,19.67462214816032,19.39735445334078,19.414331436157227,4430800,0.0,0.0
2006-03-29 00:00:00-05:00,19.352094998279725,19.606728253233904,19.32946045149509,19.578433990478516,2583800,0.0,0.0
2006-03-30 00:00:00-05:00,19.47091783252259,19.691599207246565,19.340772461750724,19.55013656616211,4039100,0.0,0.0
2006-03-31 00:00:00-05:00,19.470926691899763,19.595414563432293,19.38604820520948,19.44263458251953,4020100,0.0,0.0
2006-04-03 00:00:00-04:00,19.49356098264315,19.753851839146535,19.48224370733219,19.65199851989746,5750000,0.0,0.0
2006-04-04 00:00:00-04:00,19.736878396835426,19.753853231723753,19.56146385497379,19.612390518188477,4283000,0.0,0.0
2006-04-05 00:00:00-04:00,19.567116420444897,19.742528739642932,19.48223795992726,19.697261810302734,5667500,0.0,0.0
2006-04-06 00:00:00-04:00,19.504874951252233,19.753848490235658,19.504874951252233,19.578433990478516,4033800,0.0,0.0
2006-04-07 00:00:00-04:00,19.59540337265189,19.799109897533718,19.51052493443501,19.736865997314453,4716800,0.0,0.0
2006-04-10 00:00:00-04:00,19.8047740911362,20.059407332589192,19.776481988430103,20.00282096862793,6109500,0.0,0.0
2006-04-11 00:00:00-04:00,20.02546316343034,20.127316498916922,19.912292550828592,20.115999221801758,5525900,0.0,0.0
2006-04-12 00:00:00-04:00,20.014141981385617,20.036776531199752,19.78780295889269,19.912288665771484,6314200,0.0,0.0
2006-04-13 00:00:00-04:00,20.082036755814034,20.082036755814034,19.63501430801368,19.719890594482422,10711400,0.0,0.0
2006-04-17 00:00:00-04:00,19.680285138130703,19.70857939778882,19.267214417999806,19.419994354248047,6301700,0.0,0.0
2006-04-18 00:00:00-04:00,19.419996351162073,19.62370295377308,19.301168219155375,19.51053237915039,5441100,0.0,0.0
2006-04-19 00:00:00-04:00,19.42565090982084,19.719891303753737,19.42565090982084,19.55013656616211,3408600,0.0,0.0
2006-04-20 00:00:00-04:00,19.550151294386005,19.867028626214125,19.550151294386005,19.850053787231445,5006100,0.0,0.0
2006-04-21 00:00:00-04:00,19.736873659421775,19.804775141226493,19.44263102686908,19.578433990478516,6320500,0.0,0.0
2006-04-24 00:00:00-04:00,19.43697975845135,19.493566150006085,19.284201897628872,19.38605308532715,5687200,0.0,0.0
2006-04-25 00:00:00-04:00,19.272873471890303,19.3351152287747,19.131410812650635,19.154043197631836,7113900,0.0,0.0
2006-04-26 00:00:00-04:00,19.182338412789225,19.312483806753168,19.074825404934977,19.301166534423828,4218300,0.0,0.0
2006-04-27 00:00:00-04:00,19.154044999446292,19.606727278436008,19.154044999446292,19.589750289916992,4864300,0.0,0.0
2006-04-28 00:00:00-04:00,19.578437235971528,19.646340887581736,19.408682424045097,19.56146240234375,4714000,0.0,0.0
2006-05-01 00:00:00-04:00,19.601071756630223,19.663315691236594,19.414342111360643,19.448291778564453,4054700,0.0,0.0
2006-05-02 00:00:00-04:00,19.465270633246543,19.538829691592976,19.363417304790215,19.470928192138672,3975400,0.0,0.0
2006-05-03 00:00:00-04:00,19.510529666540485,19.736870784316952,19.419993651139674,19.725553512573242,4472600,0.0,0.0
2006-05-04 00:00:00-04:00,19.719890594482422,19.850038119121834,19.691598498992843,19.719890594482422,4646200,0.0,0.0
2006-05-05 00:00:00-04:00,19.736869666342123,19.946233785369373,19.719892680413764,19.923599243164062,6408400,0.0,0.0
2006-05-08 00:00:00-04:00,19.92360028082501,20.025453567504883,19.917942724253404,20.025453567504883,4038800,0.0,0.0
2006-05-09 00:00:00-04:00,20.200858632083907,20.331003958102592,20.127297479621916,20.2744197845459,5933100,0.0,0.0
2006-05-10 00:00:00-04:00,20.234815674256886,20.364963206428584,20.19520630656938,20.347986221313477,4813600,0.0,0.0
2006-05-11 00:00:00-04:00,20.34233267674828,20.347990233869872,19.929261933301902,20.00282096862793,4927600,0.0,0.0
2006-05-12 00:00:00-04:00,20.014131532866003,20.099009971082882,19.731206283540875,19.736865997314453,5397100,0.0,0.0
2006-05-15 00:00:00-04:00,19.736873185437254,19.804774665611305,19.584093236133786,19.787799835205078,4066000,0.0,0.0
2006-05-16 00:00:00-04:00,19.833062326544994,19.872671694319813,19.618038502518367,19.6350154876709,3320100,0.0,0.0
2006-05-17 00:00:00-04:00,19.538828213806966,19.668973643980113,19.48224399496632,19.555805206298828,6572400,0.0,0.0
2006-05-18 00:00:00-04:00,19.70857760734836,19.78779634667692,19.47091923081392,19.48789405822754,5374800,0.0,0.0
2006-05-19 00:00:00-04:00,19.60672830794795,19.646337685657002,19.221949645732145,19.323802947998047,6252800,0.0,0.0
2006-05-22 00:00:00-04:00,19.284193692334703,19.318143354272067,18.961656794085286,19.25589942932129,7387900,0.0,0.0
2006-05-23 00:00:00-04:00,19.255894342171178,19.31248069469944,18.97296905517578,18.97296905517578,5207900,0.0,0.0
2006-05-24 00:00:00-04:00,19.029555870325495,19.057847968003106,18.55424129027606,18.644777297973633,9722100,0.0,0.0
2006-05-25 00:00:00-04:00,18.75229086102048,18.831509609463573,18.605170636561734,18.820192337036133,7128000,0.0,0.0
2006-05-26 00:00:00-04:00,18.871119773491152,18.871119773491152,18.60517141523713,18.627803802490234,6168500,0.0,0.0
2006-05-30 00:00:00-04:00,18.559898194346427,18.718337821162404,18.45804491944638,18.514631271362305,4502700,0.0,0.0
2006-05-31 00:00:00-04:00,18.548592247116996,18.83151770376515,18.514642573791175,18.76927375793457,6087800,0.0,0.0
2006-06-01 00:00:00-04:00,18.656102045814173,19.091807432028787,18.650442328881116,19.0578556060791,6745800,0.0,0.0
2006-06-02 00:00:00-04:00,18.984291117158644,19.11443652299831,18.81453633382644,18.96165657043457,4423400,0.0,0.0
2006-06-05 00:00:00-04:00,18.961656177093683,18.989950439186433,18.71834235977931,18.757951736450195,4387300,0.0,0.0
2006-06-06 00:00:00-04:00,18.81453793837094,18.9842927361802,18.565564378820643,18.84848976135254,5780300,0.0,0.0
2006-06-07 00:00:00-04:00,18.95600410114306,19.108784094715556,18.84283349569494,18.854150772094727,5070600,0.0,0.0
2006-06-08 00:00:00-04:00,18.995605608400016,19.0918013386138,18.661753648038417,19.063507080078125,8470300,0.0,0.0
2006-06-09 00:00:00-04:00,19.040879640275644,19.17102506085378,18.888099670410156,18.888099670410156,4131600,0.0,0.0
2006-06-12 00:00:00-04:00,18.95600537949924,19.023906883927353,18.57688630801321,18.63347053527832,5335000,0.0,0.0
2006-06-13 00:00:00-04:00,18.93902471466922,18.93902471466922,17.954443489985408,18.073272705078125,7657900,0.0,0.0
2006-06-14 00:00:00-04:00,18.107217964960522,18.650433985857678,18.090242059579626,18.58819007873535,7856300,0.0,0.0
2006-06-15 00:00:00-04:00,18.62214126918763,18.972968001178984,18.46936136367159,18.87111473083496,6635500,0.0,0.0
2006-06-16 00:00:00-04:00,18.848488378505614,18.87112076695019,18.639122056636936,18.75229263305664,6044900,0.0,0.0
2006-06-19 00:00:00-04:00,18.735312433487866,18.814531166716794,18.537263441866955,18.58819007873535,4129400,0.0,0.0
2006-06-20 00:00:00-04:00,18.673063306152844,18.735307195874363,18.503308616897414,18.650428771972656,5100900,0.0,0.0
2006-06-21 00:00:00-04:00,18.588188825819863,18.978627068343382,18.588188825819863,18.8994083404541,6911000,0.0,0.0
2006-06-22 00:00:00-04:00,18.786241738330933,18.89941229839385,18.378828585523987,18.418437957763672,5239700,0.0,0.0
2006-06-23 00:00:00-04:00,18.418445177959445,18.67873605715629,18.39015306649018,18.44673728942871,3769400,0.0,0.0
2006-06-26 00:00:00-04:00,18.446738171924178,18.559908781765092,18.3505445566168,18.480690002441406,3812300,0.0,0.0
2006-06-27 00:00:00-04:00,18.390151615156515,18.554248870697503,18.38449405672905,18.395809173583984,4593800,0.0,0.0
2006-06-28 00:00:00-04:00,18.39014163838805,18.441068270805523,18.05628974999538,18.090240478515625,8569800,0.0,0.0
2006-06-29 00:00:00-04:00,18.33356714031522,19.063513046027293,18.33356714031522,18.989953994750977,9137200,0.0,0.0
2006-06-30 00:00:00-04:00,19.131413067192693,19.57843348257204,18.995607948557144,19.012582778930664,7905700,0.0,0.0
2006-07-03 00:00:00-04:00,19.069163001816115,19.23891772651687,18.995601829644695,19.221942901611328,1764400,0.0,0.0
2006-07-05 00:00:00-04:00,18.92770655898852,19.171022535401296,18.84282808961694,19.103118896484375,4384600,0.0,0.0
2006-07-06 00:00:00-04:00,19.080484066909303,19.148385538587412,18.91638686501741,19.063507080078125,3668100,0.0,0.0
2006-07-07 00:00:00-04:00,18.967318398106713,19.074829269191966,18.72400239010639,18.77492904663086,4125300,0.0,0.0
2006-07-10 00:00:00-04:00,18.956002286779604,19.176683759078664,18.893758351813297,19.0578556060791,3825300,0.0,0.0
2006-07-11 00:00:00-04:00,19.120094234639765,19.42565410773613,18.84282646270811,19.39735984802246,5715000,0.0,0.0
2006-07-12 00:00:00-04:00,19.453949164540266,19.493558543898505,19.04653593851347,19.13141441345215,5317000,0.0,0.0
2006-07-13 00:00:00-04:00,18.984297709381146,19.05785893250365,18.718349247945834,18.76927375793457,4478800,0.0,0.0
2006-07-14 00:00:00-04:00,18.65043632711983,18.746632057079776,18.531608212359483,18.69570541381836,5022400,0.0,0.0
2006-07-17 00:00:00-04:00,19.238928039342362,19.782144312989537,19.12009988421009,19.64634132385254,12845000,0.0,0.0
2006-07-18 00:00:00-04:00,19.80477265621601,19.895308673445328,19.5614567051843,19.697261810302734,8332100,0.0,0.0
2006-07-19 00:00:00-04:00,19.697262046768454,19.917943456504887,19.635018129448138,19.85569953918457,6201000,0.0,0.0
2006-07-20 00:00:00-04:00,19.753845184269405,19.804771826737255,19.533163786425003,19.618040084838867,4997000,0.0,0.0
2006-07-21 00:00:00-04:00,19.64633275825637,19.66330758486025,19.493552843175504,19.6350154876709,5696300,0.0,0.0
2006-07-24 00:00:00-04:00,19.629362548418488,19.78214251623323,19.56146106001729,19.71424102783203,4144800,0.0,0.0
2006-07-25 00:00:00-04:00,19.804763707697163,19.99715292719957,19.60671693403937,19.66895866394043,8185500,0.0,0.0
2006-07-26 00:00:00-04:00,19.516195341415038,19.67463287711186,19.459608965416507,19.493560791015625,6801400,0.0,0.0
2006-07-27 00:00:00-04:00,19.635023686205802,19.77648638976845,19.49356098264315,19.65199851989746,5281300,0.0,0.0
2006-07-28 00:00:00-04:00,19.69160991529669,20.031121733650807,19.589756585645432,19.9688777923584,5034200,0.0,0.0
2006-07-31 00:00:00-04:00,20.0141362958128,20.0876974825369,19.878333352605548,20.025453567504883,4098700,0.0,0.0
2006-08-01 00:00:00-04:00,19.91795530171239,19.93493014069507,19.71990615986348,19.850053787231445,3914700,0.0,0.0
2006-08-02 00:00:00-04:00,20.087693742728202,20.20086428003073,19.793451209161013,20.138620376586914,5352000,0.0,0.0
2006-08-03 00:00:00-04:00,20.002820642170292,20.370624446993965,19.889652233192887,20.280088424682617,5452000,0.0,0.0
2006-08-04 00:00:00-04:00,20.35931422985361,20.40458333597169,19.934926073470628,20.036779403686523,5142900,0.0,0.0
2006-08-07 00:00:00-04:00,19.946232105923396,20.12164655542177,19.923597565623886,20.10466957092285,2857600,0.0,0.0
2006-08-08 00:00:00-04:00,20.104669736670036,20.18954818421868,19.77647753381569,19.895305633544922,8325100,0.0,0.0
2006-08-09 00:00:00-04:00,20.087704174007033,20.099021449469046,19.38604820520948,19.44263458251953,8927200,0.0,0.0
2006-08-10 00:00:00-04:00,19.369062908949637,19.850037142810184,19.363405353549393,19.7312068939209,4501900,0.0,0.0
2006-08-11 00:00:00-04:00,19.731215415905783,19.782142070697052,19.521851238896936,19.629362106323242,2507100,0.0,0.0
2006-08-14 00:00:00-04:00,19.83307097355331,19.861363083077716,19.612389497293492,19.64634132385254,3550700,0.0,0.0
2006-08-15 00:00:00-04:00,19.90662216799191,20.127303533203175,19.765159533005352,20.08769416809082,4611900,0.0,0.0
2006-08-16 00:00:00-04:00,20.138625282008242,20.36496641174609,20.048089261822902,20.353649139404297,4412800,0.0,0.0
2006-08-17 00:00:00-04:00,20.370624558754596,20.512087229301503,20.325355468076044,20.50642967224121,4143700,0.0,0.0
2006-08-18 00:00:00-04:00,20.506436417800362,20.506436417800362,20.31970459514977,20.472484588623047,3286900,0.0,0.0
2006-08-21 00:00:00-04:00,20.42720720647604,20.42720720647604,20.155599158755372,20.206525802612305,3379700,0.0,0.0
2006-08-22 00:00:00-04:00,20.206527214691388,20.37628198656105,20.04808971541957,20.144283294677734,3346300,0.0,0.0
2006-08-23 00:00:00-04:00,20.121645551483496,20.223498819200927,19.951888666255474,20.138620376586914,3893500,0.0,0.0
2006-08-24 00:00:00-04:00,20.13863139203478,20.3027286529541,19.895315359237074,20.3027286529541,4326000,0.0,0.0
2006-08-25 00:00:00-04:00,20.15559885043919,20.195208221883252,19.89530807850711,19.934917449951172,3064800,0.0,0.0
2006-08-28 00:00:00-04:00,19.889657287147145,20.331020238246477,19.88399757013072,20.263118743896484,3714000,0.0,0.0
2006-08-29 00:00:00-04:00,20.263121184480827,20.4555105737694,20.21785207709535,20.41590118408203,2968300,0.0,0.0
2006-08-30 00:00:00-04:00,20.466814761301283,20.483791746778817,20.257450647833714,20.45549964904785,2957000,0.0,0.0
2006-08-31 00:00:00-04:00,20.46115944981638,20.4781342786074,20.24047804133737,20.31403923034668,2544900,0.0,0.0
2006-09-01 00:00:00-04:00,20.512083956966148,20.823301350810375,20.3762788651448,20.80066680908203,6925900,0.0,0.0
2006-09-05 00:00:00-04:00,20.68183985103371,20.800667963881477,20.608278665607028,20.738426208496094,3903900,0.0,0.0
2006-09-06 00:00:00-04:00,20.568670496630535,20.698818047125044,20.466817205795067,20.4951114654541,5244800,0.0,0.0
2006-09-07 00:00:00-04:00,20.438524375866926,20.715792137376155,20.39891500401545,20.664865493774414,4125400,0.0,0.0
2006-09-08 00:00:00-04:00,20.76106431233871,21.225061778611465,20.568674961063465,21.219404220581055,8451700,0.0,0.0
2006-09-11 00:00:00-04:00,21.27599123793679,21.360869729420596,20.993065811057047,21.004383087158203,11202700,0.0,0.0
2006-09-12 00:00:00-04:00,21.16281558467557,21.666422327594308,21.134521324786586,21.615495681762695,19393300,0.0,0.0
2006-09-13 00:00:00-04:00,21.389148680108033,21.553245844784698,21.389148680108033,21.41178321838379,12759300,0.0,0.0
2006-09-14 00:00:00-04:00,21.30427529127622,21.40612856879449,20.953446376025,21.12320327758789,9699600,0.0,0.0
2006-09-15 00:00:00-04:00,21.247689338359958,21.406128972234853,21.089251863033773,21.34954261779785,13112200,0.0,0.0
2006-09-18 00:00:00-04:00,21.34955165062668,21.36086892630233,21.106235619974232,21.174137115478516,4902800,0.0,0.0
2006-09-19 00:00:00-04:00,21.23637325291405,21.332568981552367,21.123204854820262,21.264667510986328,5353200,0.0,0.0
2006-09-20 00:00:00-04:00,21.37783432006836,21.462712770878525,21.287298313193563,21.37783432006836,6323500,0.0,0.0
2006-09-21 00:00:00-04:00,21.434420932093442,21.739978609889935,21.389151848835475,21.694711685180664,8466200,0.0,0.0
2006-09-22 00:00:00-04:00,21.666425788719636,21.802228760265272,21.541937932678373,21.621156692504883,5591100,0.0,0.0
2006-09-25 00:00:00-04:00,21.615491962099554,22.045537440691476,21.54759049885843,21.983293533325195,15575300,0.0,0.0
2006-09-26 00:00:00-04:00,21.84749196665803,22.119099995076347,21.813540153649964,22.10212516784668,7559900,0.0,0.0
2006-09-27 00:00:00-04:00,22.311489855565874,22.66797634634593,22.311489855565874,22.53217124938965,14464200,0.0,0.0
2006-09-28 00:00:00-04:00,22.498226450325014,22.59442220702664,22.198326222498316,22.40203285217285,7592700,0.0,0.0
2006-09-29 00:00:00-04:00,22.37938998803667,22.566121715379378,22.130416510128388,22.13607406616211,11915800,0.0,0.0
2006-10-02 00:00:00-04:00,22.136084264755024,22.503888174313605,22.039890658022575,22.356765747070312,14210800,0.0,0.0
2006-10-03 00:00:00-04:00,22.41900342795659,22.662319394025438,22.41900342795659,22.45295524597168,38317900,0.0,0.0
2006-10-04 00:00:00-04:00,22.537839598115532,22.684959864174015,22.464278385811486,22.634033203125,53013400,0.0,0.0
2006-10-05 00:00:00-04:00,22.6113928806624,22.66231952871318,22.447295663771108,22.520856857299805,86981300,0.0,0.0
2006-10-06 00:00:00-04:00,22.61139722847115,22.792469310013605,22.339789106157472,22.69627571105957,21206500,0.0,0.0
2006-10-09 00:00:00-04:00,22.718905791421797,23.030123235438044,22.63402732553143,22.956562042236328,14783200,0.0,0.0
2006-10-10 00:00:00-04:00,22.916955143027327,23.131979030244594,22.88866303752357,23.109344482421875,8072100,0.0,0.0
2006-10-11 00:00:00-04:00,22.97919504381716,23.358313939946164,22.973535328578542,23.341339111328125,10757300,0.0,0.0
2006-10-12 00:00:00-04:00,23.70913685119063,24.0260117502245,23.65255050597147,23.89586639404297,19023900,0.0,0.0
2006-10-13 00:00:00-04:00,23.709136696353177,23.890208682775246,23.680842444654196,23.827964782714844,24260200,0.0,0.0
2006-10-16 00:00:00-04:00,23.726122555456946,23.91851190032844,23.601634697437348,23.833633422851562,12451400,0.0,0.0
2006-10-17 00:00:00-04:00,23.67518610327516,23.74874727607698,23.460162298919006,23.53938102722168,9875900,0.0,0.0
2006-10-18 00:00:00-04:00,23.760080205223577,23.81666443171899,23.330032313078874,23.465837478637695,15383300,0.0,0.0
2006-10-19 00:00:00-04:00,23.44319015499145,23.46582469668041,22.63402363727497,23.06972885131836,20300800,0.0,0.0
2006-10-20 00:00:00-04:00,23.256471091794936,23.465837478637695,23.075398976749756,23.465837478637695,12769900,0.0,0.0
2006-10-23 00:00:00-04:00,23.409236905595765,23.969429905995028,23.39791963544594,23.844942092895508,12637000,0.0,0.0
2006-10-24 00:00:00-04:00,23.70914534735838,24.02602035994435,23.675193528060255,23.90719223022461,11380200,0.0,0.0
2006-10-25 00:00:00-04:00,23.90153310656959,24.03733605776402,23.590313513105293,23.765727996826172,8889400,0.0,0.0
2006-10-26 00:00:00-04:00,23.720451806774754,23.85059932065469,23.545039534111815,23.827964782714844,6373100,0.0,0.0
2006-10-27 00:00:00-04:00,23.66388442992152,23.726128374196403,23.43188564761052,23.465837478637695,7309000,0.0,0.0
2006-10-30 00:00:00-05:00,23.471483580015747,23.74309161999519,23.324363367816023,23.720457077026367,8921300,0.0,0.0
2006-10-31 00:00:00-05:00,23.86757944777491,23.90153126222815,23.5393850503734,23.720457077026367,10009500,0.0,0.0
2006-11-01 00:00:00-05:00,23.850609223785195,23.850609223785195,23.629925625063084,23.686511993408203,6753600,0.0,0.0
2006-11-02 00:00:00-05:00,23.612953340011725,23.822317529091247,23.550709407394965,23.794025421142578,8055200,0.0,0.0
2006-11-03 00:00:00-05:00,23.794027342689034,23.822319452922503,23.318712551697935,23.335689544677734,7381900,0.0,0.0
2006-11-06 00:00:00-05:00,23.511087448679383,23.709136415484338,23.33567517809446,23.669527053833008,7915600,0.0,0.0
2006-11-07 00:00:00-05:00,23.669534838790206,23.81099750794325,23.573339101320645,23.578996658325195,16560500,0.0,0.0
2006-11-08 00:00:00-05:00,23.55071226207297,23.907198909375936,23.3979322703717,23.782711029052734,7647600,0.0,0.0
2006-11-09 00:00:00-05:00,23.782706198132548,23.83363285168837,23.686512607276715,23.81665802001953,7620300,0.0,0.0
2006-11-10 00:00:00-05:00,23.82230971146272,23.890213338515355,23.748750686645508,23.748750686645508,8642600,0.0,0.0
2006-11-13 00:00:00-05:00,23.88207946061177,24.113942978708977,23.679196394636804,24.0617733001709,10226300,1.0,0.0
2006-11-14 00:00:00-05:00,24.113936680734636,24.137123689859116,23.696581572668485,23.922649383544922,8263400,0.0,0.0
2006-11-15 00:00:00-05:00,23.870484057806756,24.171908597513227,23.760349061297493,23.82411003112793,10242900,0.0,0.0
2006-11-16 00:00:00-05:00,23.940045664601037,24.22408108288017,23.800927990891893,24.15452003479004,7781900,0.0,0.0
2006-11-17 00:00:00-05:00,24.154504928010727,24.241455078125,23.928437191194632,24.241455078125,6196800,0.0,0.0
2006-11-20 00:00:00-05:00,24.218282178665294,24.34580855009447,24.1429276966712,24.282045364379883,7821800,0.0,0.0
2006-11-21 00:00:00-05:00,24.3342106950222,24.49071970165912,24.293634531586896,24.380584716796875,8403500,0.0,0.0
2006-11-22 00:00:00-05:00,24.380579137615047,24.490714097274324,24.20088316121191,24.432748794555664,4708400,0.0,0.0
2006-11-24 00:00:00-05:00,24.27045297958998,24.49652085850084,24.15452011031284,24.2762508392334,1877600,0.0,0.0
2006-11-27 00:00:00-05:00,24.345806775088228,24.38638294281455,23.795127370071313,23.82411003112793,7251700,0.0,0.0
2006-11-28 00:00:00-05:00,23.766150589131136,24.03859253518738,23.644422055834628,23.998016357421875,6660800,0.0,0.0
2006-11-29 00:00:00-05:00,24.084948179202613,24.311015935209333,24.038576383443612,24.258846282958984,7239100,0.0,0.0
2006-11-30 00:00:00-05:00,24.311025459287897,24.415364804664538,24.08495761471692,24.32841682434082,6392200,0.0,0.0
2006-12-01 00:00:00-05:00,24.45014098436718,24.496512790063175,24.1719035164867,24.392175674438477,6326900,0.0,0.0
2006-12-04 00:00:00-05:00,24.374790804054907,24.734180686043523,24.345808141371784,24.635639190673828,5170900,0.0,0.0
2006-12-05 00:00:00-05:00,24.77474482159868,25.174710643607085,24.641420669695062,24.780540466308594,6714000,0.0,0.0
2006-12-06 00:00:00-05:00,24.896487066920102,24.925469729009084,24.65882569981385,24.90228271484375,5631500,0.0,0.0
2006-12-07 00:00:00-05:00,24.92546960088112,25.17472447378876,24.902282586834975,25.0877742767334,5775800,0.0,0.0
2006-12-08 00:00:00-05:00,25.22689490725879,25.441369265537197,25.070385874600888,25.366012573242188,7236300,0.0,0.0
2006-12-11 00:00:00-05:00,25.215291333267277,25.38339380618535,25.139934671056665,25.26166534423828,4611700,0.0,0.0
2006-12-12 00:00:00-05:00,25.20949096547848,25.261660612431598,24.81532079099584,24.94864273071289,5350600,0.0,0.0
2006-12-13 00:00:00-05:00,25.04140344571515,25.31964099151654,25.012420782634152,25.267471313476562,5026700,0.0,0.0
2006-12-14 00:00:00-05:00,25.22109058800132,25.47034540455091,25.145736126242507,25.325429916381836,4642600,0.0,0.0
2006-12-15 00:00:00-05:00,25.325428715933466,25.476142054776872,24.995021595468376,25.163124084472656,7394700,0.0,0.0
2006-12-18 00:00:00-05:00,25.122560108298494,25.360221524420776,25.07039042128454,25.203712463378906,5196400,0.0,0.0
2006-12-19 00:00:00-05:00,25.203707339288183,25.505131890616443,25.064589676358455,25.49933624267578,5906800,0.0,0.0
2006-12-20 00:00:00-05:00,25.505123487993533,25.644243316325834,25.354412367598638,25.42397117614746,5868000,0.0,0.0
2006-12-21 00:00:00-05:00,25.505124276787903,25.621057102111156,25.348615294286716,25.429767608642578,5511700,0.0,0.0
2006-12-22 00:00:00-05:00,25.429776642631595,25.493539829773145,25.226895784668034,25.255878448486328,3559600,0.0,0.0
2006-12-26 00:00:00-05:00,25.30803504124554,25.45874614191031,25.2152892382439,25.39498519897461,2226100,0.0,0.0
2006-12-27 00:00:00-05:00,25.476146572424838,25.713807915451493,25.400789889640244,25.69641876220703,3802900,0.0,0.0
2006-12-28 00:00:00-05:00,25.70221264723065,25.870315154518085,25.516720987891063,25.71380615234375,3414800,0.0,0.0
2006-12-29 00:00:00-05:00,25.60367071494282,25.899299587509606,25.563094549882305,25.69641876220703,3300500,0.0,0.0
2007-01-03 00:00:00-05:00,25.30224349089825,25.725396423778612,25.21529331909713,25.429767608642578,7579100,0.0,0.0
2007-01-04 00:00:00-05:00,25.360215748548896,25.42397893051433,24.850112504060764,25.238487243652344,9776100,0.0,0.0
2007-01-05 00:00:00-05:00,25.15733490705464,25.400791916847748,25.122554386554768,25.238487243652344,5701000,0.0,0.0
2007-01-08 00:00:00-05:00,25.215299999633455,25.418180839274314,25.070384482394182,25.33702850341797,4538500,0.0,0.0
2007-01-09 00:00:00-05:00,25.423981858396502,25.59208440998528,25.267472814976145,25.383405685424805,6832800,0.0,0.0
2007-01-10 00:00:00-05:00,25.377594870355335,25.673223649641482,25.19210325682595,25.655832290649414,6374800,0.0,0.0
2007-01-11 00:00:00-05:00,25.632658038152176,25.852928037777133,25.56889485517403,25.800758361816406,5626900,0.0,0.0
2007-01-12 00:00:00-05:00,25.893502246230774,25.89930010491819,25.557299413122063,25.63265609741211,7103000,0.0,0.0
2007-01-16 00:00:00-05:00,25.713800865584915,25.881903338310476,25.603663695272182,25.835529327392578,5377700,0.0,0.0
2007-01-17 00:00:00-05:00,25.835529120418027,26.11956440692831,25.73118980792319,26.003631591796875,9439700,0.0,0.0
2007-01-18 00:00:00-05:00,26.009445997378258,26.07900706337027,25.80656508299186,25.84714126586914,4690400,0.0,0.0
2007-01-19 00:00:00-05:00,25.893494909338866,26.02681908654985,25.679020634614595,25.97464942932129,5116900,0.0,0.0
2007-01-22 00:00:00-05:00,25.968861924675018,25.968861924675018,25.62106554532649,25.7080135345459,4918000,0.0,0.0
2007-01-23 00:00:00-05:00,25.823952189417707,26.08480063804535,25.737004180699124,25.99785041809082,6140200,0.0,0.0
2007-01-24 00:00:00-05:00,25.765966598124738,25.78335574395333,25.5283053564524,25.597864151000977,11019000,0.0,0.0
2007-01-25 00:00:00-05:00,25.493531142739982,25.586276962096278,24.844310407245906,24.92546272277832,10630200,0.0,0.0
2007-01-26 00:00:00-05:00,24.937059270619468,24.977635433338726,24.65882177858668,24.884889602661133,8542300,0.0,0.0
2007-01-29 00:00:00-05:00,24.797938066645433,25.3022455664856,24.780548915352636,25.058786392211914,8262100,0.0,0.0
2007-01-30 00:00:00-05:00,25.20369321218201,25.41816744553613,25.20369321218201,25.371795654296875,5818200,0.0,0.0
2007-01-31 00:00:00-05:00,25.371810662673713,25.76018321257172,25.3022518290511,25.7080135345459,7350900,0.0,0.0
2007-02-01 00:00:00-05:00,25.655837005335698,25.80655035104594,25.62105870342938,25.783363342285156,6086700,0.0,0.0
2007-02-02 00:00:00-05:00,25.783363331477894,25.934076677124967,25.748582818351295,25.818143844604492,4724100,0.0,0.0
2007-02-05 00:00:00-05:00,25.771767441471212,25.91668291589861,25.679021626287067,25.81234359741211,3520900,0.0,0.0
2007-02-06 00:00:00-05:00,25.910883734239405,26.00362953676808,25.754374777865827,25.951459884643555,4016600,0.0,0.0
2007-02-07 00:00:00-05:00,25.93987068671373,26.01522735478175,25.771768200729195,25.922481536865234,3362000,0.0,0.0
2007-02-08 00:00:00-05:00,25.928285754125536,25.992048939627704,25.586285022897457,25.7080135345459,6018400,0.0,0.0
2007-02-09 00:00:00-05:00,25.777568950309917,26.026823778532467,25.748584082330808,25.82973861694336,4946700,0.0,0.0
2007-02-12 00:00:00-05:00,25.794969273052416,26.02683504988883,25.737003934461278,25.92829132080078,5649800,0.0,0.0
2007-02-13 00:00:00-05:00,25.997838176662345,26.067399204366613,25.916685855575608,26.026823043823242,5110800,0.0,0.0
2007-02-14 00:00:00-05:00,26.055807884516256,26.1137732012286,25.916688028677495,26.096384048461914,5361000,0.0,0.0
2007-02-15 00:00:00-05:00,26.02683031299268,26.223915524063248,25.99204978942651,26.07320213317871,4127300,0.0,0.0
2007-02-16 00:00:00-05:00,26.08479107461841,26.305063262838804,26.003638745072774,26.270282745361328,6806600,0.0,0.0
2007-02-20 00:00:00-05:00,26.183337099031633,26.606492395751523,26.113778263246186,26.548524856567383,7022100,0.0,0.0
2007-02-21 00:00:00-05:00,26.513742207521204,26.734012186685487,26.513742207521204,26.647064208984375,5621200,0.0,0.0
2007-02-22 00:00:00-05:00,26.577497125112217,26.716616953503785,26.5543123297425,26.693429946899414,4804000,0.0,0.0
2007-02-23 00:00:00-05:00,26.693429315626332,26.786175128615813,26.565905204787423,26.670242309570312,3857700,0.0,0.0
2007-02-26 00:00:00-05:00,26.664457723700142,26.75140792685859,26.525337840893727,26.548524856567383,5905200,0.0,0.0
2007-02-27 00:00:00-05:00,26.397808415639794,26.519536906810703,25.505128391249638,25.771772384643555,9690200,0.0,0.0
2007-02-28 00:00:00-05:00,25.829737407299298,25.829737407299298,25.145736126242507,25.325429916381836,11700600,0.0,0.0
2007-03-01 00:00:00-05:00,25.20950498659343,25.76018219697896,24.890689071651877,25.56309700012207,10729800,0.0,0.0
2007-03-02 00:00:00-05:00,25.563091874237205,25.77756839423407,25.290652253237415,25.3138370513916,6448300,0.0,0.0
2007-03-05 00:00:00-05:00,25.192108468833254,25.348617464735355,24.83851431637683,24.873294830322266,6868500,0.0,0.0
2007-03-06 00:00:00-05:00,25.0240070247921,25.070381045343918,24.52549957127006,24.983430862426758,7306100,0.0,0.0
2007-03-07 00:00:00-05:00,24.879091527420165,25.07617669229539,24.722584736145286,24.983430862426758,5990100,0.0,0.0
2007-03-08 00:00:00-05:00,25.5051244916505,25.597870310443472,25.157328223985523,25.296445846557617,6853100,0.0,0.0
2007-03-09 00:00:00-05:00,25.389201804786612,25.789170104690957,25.37760829640316,25.592084884643555,6217700,0.0,0.0
2007-03-12 00:00:00-04:00,25.563095991399358,26.02102955003133,25.5573003437361,25.893503189086914,7331500,0.0,0.0
2007-03-13 00:00:00-04:00,25.864527024731796,25.87032488508659,25.17472979531245,25.203712463378906,8612900,0.0,0.0
2007-03-14 00:00:00-04:00,25.255877785914816,25.42977597549798,24.960251084746986,25.3022518157959,6574100,0.0,0.0
2007-03-15 00:00:00-04:00,25.21530137160609,25.36021689673026,25.157336046050588,25.197912216186523,5665500,0.0,0.0
2007-03-16 00:00:00-04:00,24.635643766580184,25.348628014947028,24.635643766580184,25.203712463378906,9813600,0.0,0.0
2007-03-19 00:00:00-04:00,25.30224349089825,25.64424410942275,25.30224349089825,25.429767608642578,4978200,0.0,0.0
2007-03-20 00:00:00-04:00,25.476141532578815,25.708004971165238,25.35441306147834,25.6848201751709,3929600,0.0,0.0
2007-03-21 00:00:00-04:00,25.6616337287854,25.91088853385852,25.40078541984437,25.858718872070312,4548900,0.0,0.0
2007-03-22 00:00:00-04:00,25.823945714447714,25.89350454622893,25.719606361158196,25.789167404174805,6240800,0.0,0.0
2007-03-23 00:00:00-04:00,26.08479449789396,26.165946838089738,25.702217600374265,26.11377716064453,6040700,0.0,0.0
2007-03-26 00:00:00-04:00,26.368826824822797,26.368826824822797,25.881910629194262,26.15435028076172,5300500,0.0,0.0
2007-03-27 00:00:00-04:00,26.00943322397697,26.194924886387266,25.980450566331932,26.10797691345215,4722700,0.0,0.0
2007-03-28 00:00:00-04:00,25.99784694304297,26.107984168428484,25.77177905486209,25.986255645751953,5982800,0.0,0.0
2007-03-29 00:00:00-04:00,26.252894865365036,26.25869051294144,25.88770715346489,26.009435653686523,5264800,0.0,0.0
2007-03-30 00:00:00-04:00,26.055811835143384,26.241303530229573,25.91669195821103,26.11377716064453,4770700,0.0,0.0
2007-04-02 00:00:00-04:00,25.66742979333539,26.16593941160451,25.65583628927857,25.98044776916504,4659500,0.0,0.0
2007-04-03 00:00:00-04:00,26.084791089689467,26.287671913670778,26.0500105721919,26.235502243041992,5775600,0.0,0.0
2007-04-04 00:00:00-04:00,26.107979856943164,26.36882822762741,26.107979856943164,26.218114852905273,3213000,0.0,0.0
2007-04-05 00:00:00-04:00,26.22390857794004,26.55431572497688,26.16014540724259,26.536924362182617,4870000,0.0,0.0
2007-04-09 00:00:00-04:00,26.63546078855638,27.029630998871678,26.554308488415174,26.94847869873047,7927500,0.0,0.0
2007-04-10 00:00:00-04:00,26.8209578132302,26.907905776140993,26.699229338414227,26.844144821166992,5558300,0.0,0.0
2007-04-11 00:00:00-04:00,26.844145889012196,27.093400706160956,26.803569729126107,26.91950035095215,8634100,0.0,0.0
2007-04-12 00:00:00-04:00,26.948489771616586,27.244116445206167,26.75140458547845,27.02964210510254,5691700,0.0,0.0
2007-04-13 00:00:00-04:00,27.360054123462067,27.777409370891213,27.168764551162162,27.61510467529297,9533300,0.0,0.0
2007-04-16 00:00:00-04:00,27.62669954243696,27.881750106811523,27.48757964562809,27.881750106811523,9647200,0.0,0.0
2007-04-17 00:00:00-04:00,27.852741284915304,28.478776915825364,27.852741284915304,28.409215927124023,14330000,0.0,0.0
2007-04-18 00:00:00-04:00,28.24692167945441,28.380243639579383,28.154175871922497,28.333871841430664,6733000,0.0,0.0
2007-04-19 00:00:00-04:00,28.403454920881394,28.403454920881394,28.00928434916209,28.275928497314453,6564200,0.0,0.0
2007-04-20 00:00:00-04:00,28.768636257110767,28.809212435131453,27.632496638823966,28.0324649810791,12582100,0.0,0.0
2007-04-23 00:00:00-04:00,28.05564931872728,28.287512855078724,27.957105602070285,28.194766998291016,6815100,0.0,0.0
2007-04-24 00:00:00-04:00,28.07881340215316,28.206339690334406,27.899119681062146,28.09620475769043,6624200,0.0,0.0
2007-04-25 00:00:00-04:00,28.23532519290587,28.37444499511735,28.009257449142172,28.188953399658203,6984800,0.0,0.0
2007-04-26 00:00:00-04:00,28.275898755488207,28.641086268068392,28.246916110954487,28.536746978759766,6849500,0.0,0.0
2007-04-27 00:00:00-04:00,28.287494808864267,28.4613929029972,28.229529514564703,28.37444496154785,4018000,0.0,0.0
2007-04-30 00:00:00-04:00,28.31647767774465,28.345462536355637,27.97447713173703,27.98607063293457,8216000,0.0,0.0
2007-05-01 00:00:00-04:00,27.94549907587907,28.51936531765677,27.94549907587907,28.48458480834961,6510400,0.0,0.0
2007-05-02 00:00:00-04:00,28.594729649726897,29.01788267587439,28.54835562488241,28.99469566345215,9376900,0.0,0.0
2007-05-03 00:00:00-04:00,28.983096939551917,28.994690443675914,28.739639986652392,28.930927276611328,7951100,0.0,0.0
2007-05-04 00:00:00-04:00,28.96570666656205,28.988891462676822,28.722247511861752,28.936721801757812,4896500,0.0,0.0
2007-05-07 00:00:00-04:00,28.93672671441207,28.983100736984095,28.646895707042233,28.693269729614258,8175600,0.0,0.0
2007-05-08 00:00:00-04:00,28.664292547509856,28.89615607096278,28.577342344192807,28.58893585205078,4710500,0.0,0.0
2007-05-09 00:00:00-04:00,28.62951148473715,28.954123064940244,28.548359142495247,28.89035987854004,6302700,0.0,0.0
2007-05-10 00:00:00-04:00,28.81500216782035,29.05266353795858,28.768630350133463,28.983104705810547,12465900,0.0,0.0
2007-05-11 00:00:00-04:00,28.86716268233723,29.423637585367825,28.73963856574774,29.35987663269043,10294800,0.0,0.0
2007-05-14 00:00:00-04:00,29.330892406378226,29.475807887064352,29.261333594794618,29.348283767700195,7406000,0.0,0.0
2007-05-15 00:00:00-04:00,29.42363618573457,30.07285908628918,29.348281733090854,29.71926498413086,9826300,0.0,0.0
2007-05-16 00:00:00-04:00,29.730854590159414,30.194583593176162,29.412041038787542,30.125024795532227,11052900,0.0,0.0
2007-05-17 00:00:00-04:00,29.91055974682157,30.298934455248762,29.858390075875683,30.293136596679688,13334500,0.0,0.0
2007-05-18 00:00:00-04:00,30.38589627375676,30.38589627375676,30.038099783182737,30.333728790283203,13455300,0.0,0.0
2007-05-21 00:00:00-04:00,30.333717364322975,30.333717364322975,30.136632170905166,30.29893684387207,11852000,0.0,0.0
2007-05-22 00:00:00-04:00,30.217778577970293,30.478626902079366,30.11343924832666,30.432252883911133,9919600,0.0,0.0
2007-05-23 00:00:00-04:00,30.345312803900086,30.43226301128372,29.765650651304206,29.893177032470703,7066400,0.0,0.0
2007-05-24 00:00:00-04:00,30.0206961077435,30.183000763376178,29.41205143788588,29.539575576782227,8137100,0.0,0.0
2007-05-25 00:00:00-04:00,29.52798941689621,29.730872498143473,29.40626089488924,29.504804611206055,4974500,0.0,0.0
2007-05-29 00:00:00-04:00,29.516396201672805,29.516396201672805,29.06426042330609,29.336702346801758,6444300,0.0,0.0
2007-05-30 00:00:00-04:00,29.23235549806739,29.284525167696746,28.861372163474208,29.116422653198242,8187000,0.0,0.0
2007-05-31 00:00:00-04:00,29.359885565175308,29.464224917642206,29.15700250816284,29.301918029785156,7874100,0.0,0.0
2007-06-01 00:00:00-04:00,29.307718890594952,29.696091466926323,29.30192103084444,29.53378677368164,3883200,0.0,0.0
2007-06-04 00:00:00-04:00,29.533783368647004,29.684494536250337,29.243952329133755,29.620731353759766,4921300,0.0,0.0
2007-06-05 00:00:00-04:00,29.620726500652104,29.67869402579847,29.232354032728892,29.475811004638672,6008300,0.0,0.0
2007-06-06 00:00:00-04:00,29.475802930761,29.49319428915864,29.255533029245097,29.354074478149414,7469600,0.0,0.0
2007-06-07 00:00:00-04:00,29.377256246339737,29.840985181668962,29.10481452941895,29.104814529418945,8293000,0.0,0.0
2007-06-08 00:00:00-04:00,29.556956236435084,29.840989280927,29.30770148484912,29.800413131713867,11979600,0.0,0.0
2007-06-11 00:00:00-04:00,29.83521568346428,29.922163691216223,29.551180217841715,29.70768928527832,6096600,0.0,0.0
2007-06-12 00:00:00-04:00,29.806219087100267,30.20038942543383,29.765642923851374,29.840999603271484,8642100,0.0,0.0
2007-06-13 00:00:00-04:00,29.7946377445284,30.269960568120354,29.707687530676008,30.2525691986084,7453100,0.0,0.0
2007-06-14 00:00:00-04:00,30.200386174037913,30.449640985009033,30.00909888377799,30.287336349487305,5096100,0.0,0.0
2007-06-15 00:00:00-04:00,30.426472193585575,30.49023318305668,30.217793431720928,30.240978240966797,6414900,0.0,0.0
2007-06-18 00:00:00-04:00,30.18300473066538,30.438055253217307,29.96273251818599,30.37429428100586,5850500,0.0,0.0
2007-06-19 00:00:00-04:00,30.287332333768276,30.652519926507704,30.252551825953013,30.420654296875,6007300,0.0,0.0
2007-06-20 00:00:00-04:00,30.38009280198962,30.41487332658674,29.73666746997427,29.754058837890625,7595500,0.0,0.0
2007-06-21 00:00:00-04:00,29.748253741961307,29.77723639979113,29.35408340401759,29.60333824157715,4973700,0.0,0.0
2007-06-22 00:00:00-04:00,29.539570930948628,29.614927599741407,28.9946895218529,29.226552963256836,10489500,0.0,0.0
2007-06-25 00:00:00-04:00,29.330894282195306,30.055471731965298,29.093232967120144,29.736658096313477,10828900,0.0,0.0
2007-06-26 00:00:00-04:00,29.852604889063446,30.107655474594974,29.67870666205395,29.997520446777344,8576900,0.0,0.0
2007-06-27 00:00:00-04:00,29.881578047378042,29.94534122627478,29.672899356892433,29.759849548339844,8439800,0.0,0.0
2007-06-28 00:00:00-04:00,29.77143985479767,29.835203026841178,29.441032700785836,29.475811004638672,5495800,0.0,0.0
2007-06-29 00:00:00-04:00,29.690287396833906,29.777235367308574,29.255540910755634,29.423641204833984,6572000,0.0,0.0
2007-07-02 00:00:00-04:00,29.672903779951014,29.79463450836968,29.452633761591727,29.78304100036621,11794500,0.0,0.0
2007-07-03 00:00:00-04:00,29.81782821379169,30.17722043547155,29.759862867707177,29.79464340209961,4829700,0.0,0.0
2007-07-05 00:00:00-04:00,29.794625483563376,30.067065099798416,29.62072512742137,29.68448829650879,6198900,0.0,0.0
2007-07-06 00:00:00-04:00,29.765645322845348,29.922154341377247,29.562764490249492,29.81201934814453,5881800,0.0,0.0
2007-07-09 00:00:00-04:00,29.817805664981652,29.823603521947376,29.452620280584394,29.64390754699707,5002700,0.0,0.0
2007-07-10 00:00:00-04:00,29.49321296933826,29.626535008245945,29.12802516896934,29.180194854736328,6506400,0.0,0.0
2007-07-11 00:00:00-04:00,29.11642769569009,29.49320895395842,29.11642769569009,29.400463104248047,4307600,0.0,0.0
2007-07-12 00:00:00-04:00,29.562757824412852,29.94533460192645,29.27292686534998,29.939538955688477,6588100,0.0,0.0
2007-07-13 00:00:00-04:00,29.98591639553137,30.43225642173165,29.794629076437047,30.090255737304688,6972200,0.0,0.0
2007-07-16 00:00:00-04:00,30.47282979003122,30.47282979003122,30.038083309620387,30.200387954711914,6155500,0.0,0.0
2007-07-17 00:00:00-04:00,30.154010427830404,30.374282555275634,30.142416925203335,30.23516273498535,5487100,0.0,0.0
2007-07-18 00:00:00-04:00,30.275754788559166,30.629349065061902,30.09605872031996,30.258365631103516,5086900,0.0,0.0
2007-07-19 00:00:00-04:00,30.542385740065406,30.565572747539964,30.235165630349112,30.530792236328125,3352500,0.0,0.0
2007-07-20 00:00:00-04:00,30.565563237351018,30.84959846245259,30.11342778844856,30.194580078125,7519200,0.0,0.0
2007-07-23 00:00:00-04:00,30.51920306235912,30.646727189851976,30.078658734700486,30.432252883911133,5430000,0.0,0.0
2007-07-24 00:00:00-04:00,29.968519073546833,30.594552742308426,29.846790611736875,29.881568908691406,7149500,0.0,0.0
2007-07-25 00:00:00-04:00,29.916356768769614,30.142424599468008,29.441034096215272,29.539575576782227,8704500,0.0,0.0
2007-07-26 00:00:00-04:00,29.35988193105893,29.58594976300979,28.322286393978477,28.693269729614258,17238600,0.0,0.0
2007-07-27 00:00:00-04:00,28.51936923969649,28.710656539105518,28.09621626882236,28.26431655883789,11279000,0.0,0.0
2007-07-30 00:00:00-04:00,28.293307787417653,28.357068760732844,27.852763354832778,28.049848556518555,8493700,0.0,0.0
2007-07-31 00:00:00-04:00,28.084639266829576,28.345487747695234,27.742638416635987,27.74843406677246,8498400,0.0,0.0
2007-08-01 00:00:00-04:00,27.63828685230444,28.038252872661385,27.53394750590954,27.980287551879883,12486900,0.0,0.0
2007-08-02 00:00:00-04:00,27.870153551944785,28.565746271073458,27.864355692918696,28.397645950317383,12158900,0.0,0.0
2007-08-03 00:00:00-04:00,28.426628630029875,28.641102978191352,28.090423565830772,28.12520408630371,7738200,0.0,0.0
2007-08-06 00:00:00-04:00,27.980285105852055,28.7106582555321,27.974487247539603,28.670082092285156,9994700,0.0,0.0
2007-08-07 00:00:00-04:00,28.403438489751135,29.156998660497514,28.403438489751135,28.82659149169922,7281700,0.0,0.0
2007-08-08 00:00:00-04:00,28.84397134884589,29.562752982540992,28.00925911950087,29.151193618774414,10242300,0.0,0.0
2007-08-09 00:00:00-04:00,28.6932729002166,30.072869266888063,28.40923750866484,28.942527770996094,13259000,0.0,0.0
2007-08-10 00:00:00-04:00,28.780219785658947,28.942524441453973,28.165777256779776,28.64109992980957,8513100,0.0,0.0
2007-08-13 00:00:00-04:00,28.803410651915947,28.977311061161753,28.171578837198116,28.235342025756836,6793800,0.0,0.0
2007-08-14 00:00:00-04:00,28.177362695678312,28.235327995800617,27.464378890248554,27.823768615722656,10058200,0.0,0.0
2007-08-15 00:00:00-04:00,27.939710846095615,28.258524526714066,27.53394697474704,27.568727493286133,8208200,0.0,0.0
2007-08-16 00:00:00-04:00,27.157166665470328,28.026659756717855,27.03543816339214,27.864355087280273,10930100,0.0,0.0
2007-08-17 00:00:00-04:00,28.49617880216896,28.519365808773024,27.435398679231657,27.57451629638672,12152000,0.0,0.0
2007-08-20 00:00:00-04:00,27.667266993490493,28.241133346409825,27.626690830391,27.991878509521484,5143600,0.0,0.0
2007-08-21 00:00:00-04:00,28.125187401940526,28.310678978621972,27.858543536865206,28.09620475769043,5581100,0.0,0.0
2007-08-22 00:00:00-04:00,28.18316689799634,28.664287437777276,28.148388591857568,28.612117767333984,6384800,0.0,0.0
2007-08-23 00:00:00-04:00,28.791813149759037,29.000491842916745,28.6932716620097,28.89615249633789,6666200,0.0,0.0
2007-08-24 00:00:00-04:00,28.919337988393668,29.249745164773053,28.76862683528041,29.05265998840332,5848300,0.0,0.0
2007-08-27 00:00:00-04:00,28.9831025185792,29.307714062831973,28.629508314054895,28.67588233947754,4535200,0.0,0.0
2007-08-28 00:00:00-04:00,28.745446490383628,28.745446490383628,28.113614650006227,28.194766998291016,5773500,0.0,0.0
2007-08-29 00:00:00-04:00,28.2295320006667,28.583126076243186,27.922309722366865,28.513565063476562,6750400,0.0,0.0
2007-08-30 00:00:00-04:00,28.270109171318317,28.525159593617687,28.188956864733722,28.304889678955078,4129700,0.0,0.0
2007-08-31 00:00:00-04:00,28.56574425591997,28.716457622671772,28.47299841916316,28.548355102539062,4083600,0.0,0.0
2007-09-04 00:00:00-04:00,28.478798181396087,28.86137505999502,28.444017661074252,28.78601837158203,5795100,0.0,0.0
2007-09-05 00:00:00-04:00,28.61790931534357,28.983096956136638,28.391841512883275,28.54255485534668,4145500,0.0,0.0
2007-09-06 00:00:00-04:00,28.519365819498347,28.907738229706492,28.293298033110364,28.843975067138672,5867600,0.0,0.0
2007-09-07 00:00:00-04:00,28.693265986575273,28.7396400030978,28.403435017013905,28.54255485534668,5818900,0.0,0.0
2007-09-10 00:00:00-04:00,28.687478112905012,29.342494689499215,28.687478112905012,29.07005500793457,8932700,0.0,0.0
2007-09-11 00:00:00-04:00,29.568557036804567,30.455441382140396,29.52218522760384,30.00330352783203,17275900,0.0,0.0
2007-09-12 00:00:00-04:00,30.072871824760885,30.113447996828754,29.65551438493647,29.678701400756836,7697100,0.0,0.0
2007-09-13 00:00:00-04:00,30.54238522231003,31.695913395415108,30.524996072616265,31.47564125061035,20106400,0.0,0.0
2007-09-14 00:00:00-04:00,31.24378575896167,32.177039813358796,30.785852203203437,32.14226150512695,15606300,0.0,0.0
2007-09-17 00:00:00-04:00,32.055300510422086,32.13645281726423,31.382892839285642,31.6727237701416,11722300,0.0,0.0
2007-09-18 00:00:00-04:00,31.864013183568588,31.991537289256282,31.65533455996298,31.892995834350586,11114400,0.0,0.0
2007-09-19 00:00:00-04:00,31.794456661904622,32.30455979045476,31.736491352148054,32.11906814575195,11841900,0.0,0.0
2007-09-20 00:00:00-04:00,32.11327359795068,32.24659558393995,31.759679447127674,31.80605125427246,8232600,0.0,0.0
2007-09-21 00:00:00-04:00,32.159650414186494,32.159650414186494,31.707514720735684,31.765480041503906,10275600,0.0,0.0
2007-09-24 00:00:00-04:00,31.811847342163865,32.1132718111558,31.713303664207476,31.858219146728516,4712800,0.0,0.0
2007-09-25 00:00:00-04:00,31.76548334659325,31.823450884628038,31.23799091227178,31.388704299926758,13574500,0.0,0.0
2007-09-26 00:00:00-04:00,31.50463167557642,31.835038868672818,31.41768369442409,31.765480041503906,7709300,0.0,0.0
2007-09-27 00:00:00-04:00,31.782872780594335,31.852431610770054,31.336532715432394,31.62636375427246,6750300,0.0,0.0
2007-09-28 00:00:00-04:00,31.56839800242041,31.82345074619303,31.365517148269884,31.574195861816406,7248000,0.0,0.0
2007-10-01 00:00:00-04:00,31.736488711022545,32.58859240318755,31.690114698088696,32.466861724853516,8244300,0.0,0.0
2007-10-02 00:00:00-04:00,32.6697444159094,32.716116217184656,32.27557415451389,32.43208312988281,7950600,0.0,0.0
2007-10-03 00:00:00-04:00,32.432091655730034,32.60019417841772,32.194430307226305,32.524837493896484,5764200,0.0,0.0
2007-10-04 00:00:00-04:00,32.588584593153996,32.68712603017047,32.37410815158737,32.48424530029297,4871400,0.0,0.0
2007-10-05 00:00:00-04:00,32.501650383831915,32.78568575618254,32.42049805208465,32.6755485534668,6022800,0.0,0.0
2007-10-08 00:00:00-04:00,32.524835654055614,33.01175182969477,32.472665984835885,32.96537780761719,4218900,0.0,0.0
2007-10-09 00:00:00-04:00,33.05233052345591,33.30738103070072,32.86683884341691,33.261009216308594,6463400,0.0,0.0
2007-10-10 00:00:00-04:00,33.13928451997399,33.34796325070526,32.62338555301926,33.05813217163086,6543900,0.0,0.0
2007-10-11 00:00:00-04:00,33.22044561212572,33.284206604622305,32.43210456822378,32.60600280761719,7967400,0.0,0.0
2007-10-12 00:00:00-04:00,32.95379012308296,33.249419037959946,32.56541757013866,33.05233383178711,12560300,0.0,0.0
2007-10-15 00:00:00-04:00,33.20885407666461,33.24363239987032,32.420512985870545,32.571224212646484,9406200,0.0,0.0
2007-10-16 00:00:00-04:00,32.60599147175798,33.06972068599814,32.484262967626556,32.93060302734375,9601700,0.0,0.0
2007-10-17 00:00:00-04:00,33.168276296974994,33.208852479587755,32.721936076998524,33.01756286621094,5481800,0.0,0.0
2007-10-18 00:00:00-04:00,32.97697166463599,33.0987001570345,32.84944531379844,32.91900634765625,3710400,0.0,0.0
2007-10-19 00:00:00-04:00,32.66397550548995,33.081333143002055,32.64658634100581,32.704551696777344,8936500,0.0,0.0
2007-10-22 00:00:00-04:00,32.47845952616092,32.611781514137085,32.23500255974398,32.47266387939453,11976700,0.0,0.0
2007-10-23 00:00:00-04:00,32.57700969019261,33.02334976196289,32.28138078790699,33.02334976196289,8997200,0.0,0.0
2007-10-24 00:00:00-04:00,32.97118033176538,33.185654686136864,32.59439908838932,33.127689361572266,8250200,0.0,0.0
2007-10-25 00:00:00-04:00,33.12769211828439,33.782708743065875,33.005961388592326,33.660980224609375,7870900,0.0,0.0
2007-10-26 00:00:00-04:00,33.69574856532895,33.94500337179695,33.388526239197006,33.8928337097168,5832200,0.0,0.0
2007-10-29 00:00:00-04:00,33.86384945584749,34.50727456271142,33.86384945584749,34.30439376831055,6293800,0.0,0.0
2007-10-30 00:00:00-04:00,34.10151297390968,34.495681058569254,33.979782286034336,34.30439376831055,4553700,0.0,0.0
2007-10-31 00:00:00-04:00,34.33337170996403,34.692761444097,34.101508292654,34.634796142578125,7662000,0.0,0.0
2007-11-01 00:00:00-04:00,34.402938798805934,34.61161747250224,34.107312151892856,34.20005798339844,6922800,0.0,0.0
2007-11-02 00:00:00-04:00,34.31598635695247,34.46090183801119,33.910222567741094,34.211647033691406,7664700,0.0,0.0
2007-11-05 00:00:00-05:00,34.20005226908966,34.71595100884279,34.06093243945858,34.58842468261719,7026200,0.0,0.0
2007-11-06 00:00:00-05:00,34.611617882988526,34.733346373676696,34.42612621777748,34.62900924682617,7524500,0.0,0.0
2007-11-07 00:00:00-05:00,34.530464699299635,34.69856720773815,33.76531104647573,33.840667724609375,9703100,0.0,0.0
2007-11-08 00:00:00-05:00,34.32180489994935,34.542077197251984,34.08994130231584,34.41455078125,17443800,0.0,0.0
2007-11-09 00:00:00-05:00,34.200064478915046,34.35657351391257,33.67836769558995,33.80009841918945,10049800,0.0,0.0
2007-11-12 00:00:00-05:00,34.3449700930085,34.3449700930085,33.91601928261663,33.93341064453125,16654300,0.0,0.0
2007-11-13 00:00:00-05:00,34.80196559797686,34.80196559797686,33.77277953723456,33.96909713745117,16885600,1.5,0.0
2007-11-14 00:00:00-05:00,34.24275919694975,34.32604559849727,33.65975211673291,33.73114013671875,8255100,0.0,0.0
2007-11-15 00:00:00-05:00,33.665706366826306,34.08808877774911,33.45749032464877,34.016700744628906,8701800,0.0,0.0
2007-11-16 00:00:00-05:00,34.20111663438425,34.706785378578296,34.20111663438425,34.58185577392578,12450900,0.0,0.0
2007-11-19 00:00:00-05:00,34.433127451721504,35.069676090029695,34.433127451721504,34.86145782470703,10722600,0.0,0.0
2007-11-20 00:00:00-05:00,34.86145759687848,34.986389463009274,34.44502560772295,34.790069580078125,9414700,0.0,0.0
2007-11-21 00:00:00-05:00,34.5699635835124,34.74248674619809,34.099987631114,34.10593795776367,9121100,0.0,0.0
2007-11-23 00:00:00-05:00,34.39742602666145,34.5045091676981,34.08807498248707,34.33793640136719,4688500,0.0,0.0
2007-11-26 00:00:00-05:00,34.409316696014315,34.409316696014315,33.76086994030623,33.802513122558594,10468900,0.0,0.0
2007-11-27 00:00:00-05:00,33.9095983786275,34.37362373550077,33.844158439707755,34.18325424194336,7532200,0.0,0.0
2007-11-28 00:00:00-05:00,34.266569947301335,34.62351475533935,34.15948673182846,34.48668670654297,10942200,0.0,0.0
2007-11-29 00:00:00-05:00,34.308190769641264,34.74247367630594,34.24870114183221,34.71272659301758,6500000,0.0,0.0
2007-11-30 00:00:00-05:00,35.099417780781806,35.4563601046972,34.623493925766645,34.78411865234375,11931700,0.0,0.0
2007-12-03 00:00:00-05:00,34.77221919663217,35.90253803365428,34.564000956302706,35.59318923950195,10450500,0.0,0.0
2007-12-04 00:00:00-05:00,35.45041966744883,35.97393715515827,35.36713325859641,35.71217727661133,9330500,0.0,0.0
2007-12-05 00:00:00-05:00,35.361192630100774,35.61105419456481,35.13513010675838,35.402835845947266,9485400,0.0,0.0
2007-12-06 00:00:00-05:00,35.58131199199153,35.926356130110634,35.14703108796331,35.86091613769531,6427700,0.0,0.0
2007-12-07 00:00:00-05:00,35.962035763541685,36.15240533052846,35.658632705954844,35.789512634277344,6121900,0.0,0.0
2007-12-10 00:00:00-05:00,36.289245253228714,36.96743734240057,36.110774009139014,36.82466125488281,8786700,0.0,0.0
2007-12-11 00:00:00-05:00,36.79490445325237,37.77055138446736,36.73541481070539,37.5563850402832,12972200,0.0,0.0
2007-12-12 00:00:00-05:00,37.836008857029405,37.88955047105688,36.34874432225017,36.68189239501953,10201300,0.0,0.0
2007-12-13 00:00:00-05:00,36.574797295371674,37.03287489572531,36.34873252403427,36.59264373779297,7731800,0.0,0.0
2007-12-14 00:00:00-05:00,36.41417476064657,36.884150774849466,36.354685102634676,36.384429931640625,6799200,0.0,0.0
2007-12-17 00:00:00-05:00,36.289239534078376,36.289239534078376,35.52181080911522,35.55155563354492,7289000,0.0,0.0
2007-12-18 00:00:00-05:00,35.87279321914547,35.9858266914164,35.414715813681305,35.59318923950195,7369900,0.0,0.0
2007-12-19 00:00:00-05:00,35.67053454881332,35.753820958778604,34.9506994119597,35.010189056396484,6180600,0.0,0.0
2007-12-20 00:00:00-05:00,35.19461317263935,35.19461317263935,34.64135081504099,34.9744987487793,6540100,0.0,0.0
2007-12-21 00:00:00-05:00,35.21840688010727,35.8430572158848,35.09942532343906,35.71217727661133,9803500,0.0,0.0
2007-12-24 00:00:00-05:00,35.78952453445163,35.985844492212635,35.69433971930888,35.878761291503906,2926200,0.0,0.0
2007-12-26 00:00:00-05:00,35.70027996334786,35.991784672447274,35.58130067250027,35.62294387817383,3314100,0.0,0.0
2007-12-27 00:00:00-05:00,35.48018289704732,35.64675580117326,35.1946283745233,35.21247482299805,4189400,0.0,0.0
2007-12-28 00:00:00-05:00,35.55155938319171,35.569408095239744,35.20056497137857,35.39688491821289,5471700,0.0,0.0
2007-12-31 00:00:00-05:00,35.52776518862322,35.65864288492127,34.9982995374657,35.04589080810547,4346000,0.0,0.0
2008-01-02 00:00:00-05:00,35.384984797828146,35.384984797828146,34.4390848035298,34.56401443481445,7858300,0.0,0.0
2008-01-03 00:00:00-05:00,34.74250090215698,34.980461869254405,34.34986315052991,34.462894439697266,6514700,0.0,0.0
2008-01-04 00:00:00-05:00,34.105940504823565,34.18922692906147,33.57052453560151,33.93936538696289,9687500,0.0,0.0
2008-01-07 00:00:00-05:00,34.123783743511076,34.653249335928436,33.83227901666243,34.522369384765625,10784500,0.0,0.0
2008-01-08 00:00:00-05:00,34.76628410374017,34.88526568328695,33.885824046109754,33.95721435546875,10080800,0.0,0.0
2008-01-09 00:00:00-05:00,33.94531304732115,34.22491712538494,33.37420196855569,34.18922424316406,11600400,0.0,0.0
2008-01-10 00:00:00-05:00,34.32010505415353,34.79603137472134,33.88582421561256,34.60565948486328,10767000,0.0,0.0
2008-01-11 00:00:00-05:00,33.85012688686766,33.85012688686766,31.720363916979096,32.315269470214844,33215200,0.0,0.0
2008-01-14 00:00:00-05:00,32.654352140613014,32.90421355118186,31.958314016411144,32.69599533081055,12932700,0.0,0.0
2008-01-15 00:00:00-05:00,32.356909706117236,32.832833651125725,31.791749028563988,31.982118606567383,10107000,0.0,0.0
2008-01-16 00:00:00-05:00,31.773896706196354,32.02375814942389,31.06596011092226,31.178991317749023,13246000,0.0,0.0
2008-01-17 00:00:00-05:00,31.3336750944129,31.553791787947883,30.887495919592546,30.92319107055664,12878400,0.0,0.0
2008-01-18 00:00:00-05:00,31.202796657831012,31.702517412311284,31.089763150539248,31.173051834106445,11754400,0.0,0.0
2008-01-22 00:00:00-05:00,29.37049391151886,31.303937445599814,29.37049391151886,31.202804565429688,16883500,0.0,0.0
2008-01-23 00:00:00-05:00,30.720935119290584,31.559752205706744,30.274755769720596,31.53595542907715,19158300,0.0,0.0
2008-01-24 00:00:00-05:00,32.0059154492852,32.23792823120662,31.524043446643596,32.12489700317383,10305400,0.0,0.0
2008-01-25 00:00:00-05:00,32.3985689142175,32.5710921386914,32.11896473493051,32.18440246582031,12779800,0.0,0.0
2008-01-28 00:00:00-05:00,30.399672841138244,30.59599276287209,29.36453845009396,30.381826400756836,49724500,0.0,0.0
2008-01-29 00:00:00-05:00,30.595993718514023,30.595993718514023,29.786921778312145,30.191457748413086,20685000,0.0,0.0
2008-01-30 00:00:00-05:00,30.245008925303473,30.80421952265315,30.22121215025403,30.346141815185547,13593900,0.0,0.0
2008-01-31 00:00:00-05:00,29.894005297431036,31.875041961669922,29.81071887960442,31.875041961669922,18338600,0.0,0.0
2008-02-01 00:00:00-05:00,31.92857562621172,32.34500991092259,31.440753320214053,32.255775451660156,11656900,0.0,0.0
2008-02-04 00:00:00-05:00,32.261736292813666,32.29743145229479,31.708473802474725,32.05352020263672,6079100,0.0,0.0
2008-02-05 00:00:00-05:00,31.750117705918527,32.4223618063215,31.45861517337797,32.02972412109375,13425000,0.0,0.0
2008-02-06 00:00:00-05:00,32.23792367743235,32.23792367743235,31.845286193631015,31.96426773071289,11636200,0.0,0.0
2008-02-07 00:00:00-05:00,31.750119829435622,32.63653041186338,31.708476607716065,32.39856719970703,11229000,0.0,0.0
2008-02-08 00:00:00-05:00,32.660333965657934,33.55864085269163,32.60679234527938,33.100563049316406,12940600,0.0,0.0
2008-02-11 00:00:00-05:00,33.154084289250456,33.51697701880741,32.83283476445731,33.30281066894531,5904900,0.0,0.0
2008-02-12 00:00:00-05:00,33.52292598831217,33.80253231595534,33.26711642672044,33.53482437133789,9506600,0.0,0.0
2008-02-13 00:00:00-05:00,33.951270926912386,33.951270926912386,33.22548518665046,33.69546127319336,7739000,0.0,0.0
2008-02-14 00:00:00-05:00,33.77279829365284,33.77279829365284,33.01726775028408,33.06486129760742,5610900,0.0,0.0
2008-02-15 00:00:00-05:00,32.92802210708077,32.99941240882055,32.62462126753294,32.898277282714844,6972300,0.0,0.0
2008-02-19 00:00:00-05:00,33.20762204020248,33.30875714679065,33.017252477737436,33.118385314941406,7853300,0.0,0.0
2008-02-20 00:00:00-05:00,32.880419324960265,33.55266301320982,32.72574266142059,33.43368148803711,8007600,0.0,0.0
2008-02-21 00:00:00-05:00,33.481298135748716,33.522941360742585,32.79120748949741,32.85664749145508,5764400,0.0,0.0
2008-02-22 00:00:00-05:00,32.928019205407594,33.130287170410156,32.35691045812427,33.130287170410156,5963300,0.0,0.0
2008-02-25 00:00:00-05:00,33.082713232229814,33.40991098151796,32.79120837997109,33.3444709777832,5236600,0.0,0.0
2008-02-26 00:00:00-05:00,33.1243390188378,33.80253093796523,33.1243390188378,33.58241653442383,9346700,0.0,0.0
2008-02-27 00:00:00-05:00,33.445580216824595,33.9096056735226,32.779284576651634,32.916114807128906,13814900,0.0,0.0
2008-02-28 00:00:00-05:00,32.94308823565359,33.00298384576999,32.523812110225606,32.71548080444336,6969500,0.375,0.0
2008-02-29 00:00:00-05:00,32.52379855846609,32.799321905992336,32.30817079609942,32.409996032714844,7461200,0.0,0.0
2008-03-03 00:00:00-05:00,32.33212779229295,32.787342434742,31.54748288365074,31.84097671508789,7495800,0.0,0.0
2008-03-04 00:00:00-05:00,31.685249565982883,32.122493743896484,31.51753781146645,32.122493743896484,7887800,0.0,0.0
2008-03-05 00:00:00-05:00,32.242293703686094,32.44593965225678,31.906872411879633,32.30817794799805,7087700,0.0,0.0
2008-03-06 00:00:00-05:00,32.12848401724892,32.4639052584149,31.74514676155654,31.769105911254883,6526200,0.0,0.0
2008-03-07 00:00:00-05:00,31.4756127718442,31.613374458509014,31.146182452874402,31.307903289794922,8053000,0.0,0.0
2008-03-10 00:00:00-04:00,32.73343337505095,32.78134937990837,31.70321299461361,32.22431182861328,17599500,0.0,0.0
2008-03-11 00:00:00-04:00,32.82329255565362,32.82329255565362,32.0146904483055,32.49386215209961,9330900,0.0,0.0
2008-03-12 00:00:00-04:00,32.62562827690951,32.721462597251794,32.104527017982285,32.164424896240234,7407900,0.0,0.0
2008-03-13 00:00:00-04:00,31.984740456785083,33.0149589782355,31.984740456785083,32.877197265625,11973500,0.0,0.0
2008-03-14 00:00:00-04:00,33.050892943137505,33.050892943137505,32.1943727051232,32.81130599975586,10275000,0.0,0.0
2008-03-17 00:00:00-04:00,31.96675989928658,32.82327999159167,31.751132143899277,32.511817932128906,10530900,0.0,0.0
2008-03-18 00:00:00-04:00,32.85323715209961,33.23058583163752,32.35010634100596,32.85323715209961,10415700,0.0,0.0
2008-03-19 00:00:00-04:00,32.9490627829217,33.23656798608815,32.09853360190374,32.14046096801758,8740500,0.0,0.0
2008-03-20 00:00:00-04:00,32.314168188419416,32.79932846590708,32.16442691070188,32.595680236816406,13075600,0.0,0.0
2008-03-24 00:00:00-04:00,32.69151401852021,33.54204330560308,32.58370012510542,33.40428161621094,7874100,0.0,0.0
2008-03-25 00:00:00-04:00,33.34437792248204,33.8475085756901,33.15870024889154,33.66183090209961,7557800,0.0,0.0
2008-03-26 00:00:00-04:00,33.44022370491235,33.7217357572516,33.06287504001603,33.302459716796875,5240900,0.0,0.0
2008-03-27 00:00:00-04:00,33.44022719029887,33.673823245577296,33.194649272331375,33.21261978149414,8198700,0.0,0.0
2008-03-28 00:00:00-04:00,33.35636148334184,33.506102739877555,33.08083811968499,33.2305793762207,4778800,0.0,0.0
2008-03-31 00:00:00-04:00,33.27849950218382,33.54204330560308,33.27849950218382,33.40428161621094,6452300,0.0,0.0
2008-04-01 00:00:00-04:00,33.56600578410966,34.170959548361495,33.54204663100428,34.08710479736328,13339900,0.0,0.0
2008-04-02 00:00:00-04:00,34.17095485471586,34.284759673899124,33.7636584473522,33.93735885620117,8375000,0.0,0.0
2008-04-03 00:00:00-04:00,33.80558983860131,34.05116544123685,33.40428431338713,33.68579864501953,6786400,0.0,0.0
2008-04-04 00:00:00-04:00,33.673822642855946,33.739709177241515,33.18267138545365,33.37434005737305,7419700,0.0,0.0
2008-04-07 00:00:00-04:00,33.554036873616134,33.68580997271275,33.212626830385204,33.332420349121094,6744800,0.0,0.0
2008-04-08 00:00:00-04:00,33.19463766876705,33.56000666745629,33.18266038000646,33.46417236328125,4893900,0.0,0.0
2008-04-09 00:00:00-04:00,33.41626218896106,33.60193990048487,33.17667524425044,33.386314392089844,7686800,0.0,0.0
2008-04-10 00:00:00-04:00,33.2964719136563,33.66782965723128,33.2964719136563,33.45220184326172,6762800,0.0,0.0
2008-04-11 00:00:00-04:00,33.18865542409953,33.4521992401821,33.02693457620665,33.18266677856445,5331500,0.0,0.0
2008-04-14 00:00:00-04:00,33.236581279031626,33.428249967886934,33.08084904129231,33.26652908325195,3883200,0.0,0.0
2008-04-15 00:00:00-04:00,33.41627011863207,33.62590703134781,33.34439264724011,33.51809310913086,6655700,0.0,0.0
2008-04-16 00:00:00-04:00,33.72771855550493,34.26079701752876,33.362349555276445,34.248817443847656,7441300,0.0,0.0
2008-04-17 00:00:00-04:00,34.20689197561431,34.39256966579452,34.0571507236005,34.33866500854492,5394100,0.0,0.0
2008-04-18 00:00:00-04:00,34.47642961154398,35.02148772372772,34.470438681427794,34.91966247558594,6762700,0.0,0.0
2008-04-21 00:00:00-04:00,35.09336129882878,35.147268243076795,34.769919633340706,35.14127731323242,6179000,0.0,0.0
2008-04-22 00:00:00-04:00,34.7040322833975,35.20117434454562,34.39257020018487,34.949607849121094,10915900,0.0,0.0
2008-04-23 00:00:00-04:00,34.98554978822675,35.60248308165322,34.79986979322548,35.15325927734375,8813400,0.0,0.0
2008-04-24 00:00:00-04:00,35.12930638360165,35.866033231798646,34.91367856756923,35.686344146728516,7197200,0.0,0.0
2008-04-25 00:00:00-04:00,35.788156483400094,35.9259181504907,35.49466264664531,35.740238189697266,7969600,0.0,0.0
2008-04-28 00:00:00-04:00,35.788182853374344,35.931935555534785,35.458752338476614,35.69234848022461,7705100,0.0,0.0
2008-04-29 00:00:00-04:00,35.42879193247821,36.23739402571524,35.42879193247821,36.05770492553711,7821800,0.0,0.0
2008-04-30 00:00:00-04:00,35.93790840885256,36.29728657899281,35.66238499275365,35.686344146728516,8486600,0.0,0.0
2008-05-01 00:00:00-04:00,35.66238990398575,36.49495119786738,35.54858504936789,36.48896026611328,6954300,0.0,0.0
2008-05-02 00:00:00-04:00,36.47696063093298,36.68060877329287,36.41706277443325,36.50690841674805,7353400,0.0,0.0
2008-05-05 00:00:00-04:00,36.5129180372663,36.53088854697538,36.11760109673005,36.45901107788086,5311900,0.0,0.0
2008-05-06 00:00:00-04:00,36.30326706310904,36.357174001604605,35.99180500567574,36.23139190673828,5146500,0.0,0.0
2008-05-07 00:00:00-04:00,36.17749593502324,36.3511940918346,35.48868509931607,35.566551208496094,6222700,0.0,0.0
2008-05-08 00:00:00-04:00,35.776188855402694,35.81811623395693,35.21316242562381,35.800148010253906,7987700,0.0,0.0
2008-05-09 00:00:00-04:00,35.374886426392614,35.68634861242942,35.374886426392614,35.48270034790039,5219400,0.0,0.0
2008-05-12 00:00:00-04:00,35.51863589683445,36.56083634999598,35.51863589683445,36.45901107788086,6268300,0.0,0.0
2008-05-13 00:00:00-04:00,36.47697619381119,36.99208427026182,36.39311915893402,36.638694763183594,6601200,0.0,0.0
2008-05-14 00:00:00-04:00,36.74650850543199,36.836354185686766,36.0996273761575,36.20145034790039,8562500,0.0,0.0
2008-05-15 00:00:00-04:00,36.17749477696164,36.464997765264684,35.73425957528362,36.45301818847656,6108400,0.0,0.0
2008-05-16 00:00:00-04:00,36.459007891217865,36.5069261997593,36.09962971663997,36.2553596496582,5691000,0.0,0.0
2008-05-19 00:00:00-04:00,36.39313247151172,36.459019023438316,36.17750687184933,36.207454681396484,4924600,0.0,0.0
2008-05-20 00:00:00-04:00,36.105616868197714,36.20744212719789,35.42279699384227,35.746238708496094,8618600,0.0,0.0
2008-05-21 00:00:00-04:00,35.80015280367023,35.913955377144795,34.98555970862623,35.207176208496094,7842600,0.0,0.0
2008-05-22 00:00:00-04:00,35.189191847275495,35.494662975415416,34.99153231122553,35.05741882324219,5111000,0.0,0.0
2008-05-23 00:00:00-04:00,34.96160742331533,34.96160742331533,34.3267056040353,34.578269958496094,5778800,0.0,0.0
2008-05-27 00:00:00-04:00,34.66212499276936,35.015514649106244,34.47045625898036,34.805877685546875,5896100,0.0,0.0
2008-05-28 00:00:00-04:00,34.96159063696135,35.36888706899156,34.94961106132864,35.15325927734375,5481600,0.0,0.0
2008-05-29 00:00:00-04:00,35.159261227898384,35.842081258892314,35.11134291034807,35.6264533996582,4506500,0.0,0.0
2008-05-30 00:00:00-04:00,35.662382182466395,35.72227777781295,35.21914700834218,35.530609130859375,5132200,0.0,0.0
2008-06-02 00:00:00-04:00,35.41081451121066,35.45274188357272,34.781901640909325,35.06940460205078,4930300,0.0,0.0
2008-06-03 00:00:00-04:00,35.15923321374404,35.285015269786335,34.26677468186683,34.47641372680664,9189000,0.0,0.0
2008-06-04 00:00:00-04:00,34.39856647243202,35.11133413124157,34.39856647243202,34.727996826171875,7601500,0.0,0.0
2008-06-05 00:00:00-04:00,34.94201896919147,35.267566286855114,34.82747556471505,34.99627685546875,7715900,0.375,0.0
2008-06-06 00:00:00-04:00,34.785270477212556,34.85761354909115,34.26680681263559,34.33312225341797,7365800,0.0,0.0
2008-06-09 00:00:00-04:00,35.189188352480656,35.906598337350154,34.96612920664268,35.755882263183594,11668400,0.0,0.0
2008-06-10 00:00:00-04:00,35.57502115669204,36.41903209245187,35.57502115669204,36.033199310302734,9083100,0.0,0.0
2008-06-11 00:00:00-04:00,36.033195723525864,36.033195723525864,35.35195849174832,35.41827392578125,6613400,0.0,0.0
2008-06-12 00:00:00-04:00,35.55692485175782,36.08141598234835,35.52075217733142,35.773956298828125,6261300,0.0,0.0
2008-06-13 00:00:00-04:00,35.93673445900138,36.3707974083997,35.81013353200832,36.14170837402344,5033700,0.0,0.0
2008-06-16 00:00:00-04:00,35.8342566028123,36.35272031852419,35.80411384486871,36.13568878173828,4520700,0.0,0.0
2008-06-17 00:00:00-04:00,36.334651190897716,36.37082389627262,35.61121318162191,35.695613861083984,5305400,0.0,0.0
2008-06-18 00:00:00-04:00,35.538852084016554,35.810141487660694,34.99627327672826,35.09273147583008,6248700,0.0,0.0
2008-06-19 00:00:00-04:00,35.00831447118365,35.55089302479301,34.88774120374337,35.32180404663086,6060400,0.0,0.0
2008-06-20 00:00:00-04:00,35.122877322001315,35.26756578325635,34.57427083514046,34.60441589355469,10426900,0.0,0.0
2008-06-23 00:00:00-04:00,34.81540994881909,34.99626876133157,34.32708908526527,34.36928939819336,7033900,0.0,0.0
2008-06-24 00:00:00-04:00,34.69484930741259,34.85159535529633,33.80864011262919,34.37533187866211,9697500,0.0,0.0
2008-06-25 00:00:00-04:00,34.568243696917534,35.20125083698899,34.230638815665046,34.99627685546875,8294300,0.0,0.0
2008-06-26 00:00:00-04:00,34.65263427150993,35.02640943515694,34.00756975531894,34.03168487548828,10465900,0.0,0.0
2008-06-27 00:00:00-04:00,34.140216900129495,34.4778195445465,33.26003299208885,34.06184387207031,14277700,0.0,0.0
2008-06-30 00:00:00-04:00,34.18240281808587,34.622493436674546,33.47102283194402,33.893028259277344,12268500,0.0,0.0
2008-07-01 00:00:00-04:00,33.6820176924535,34.5742563128122,33.57953189607678,34.5380859375,12089100,0.0,0.0
2008-07-02 00:00:00-04:00,34.604419990594586,35.22536963172864,34.471789077053195,34.62250518798828,9864800,0.0,0.0
2008-07-03 00:00:00-04:00,34.72498034512889,34.89378390121579,33.91714214732078,34.477806091308594,5833800,0.0,0.0
2008-07-07 00:00:00-04:00,34.61647740386795,34.97216753973743,34.14624384448797,34.58030700683594,8011800,0.0,0.0
2008-07-08 00:00:00-04:00,34.78527631529483,35.3640255869458,34.56221713138157,35.279624938964844,9710800,0.0,0.0
2008-07-09 00:00:00-04:00,35.38813638446935,35.87042738516119,35.13493217176557,35.71971130371094,10559700,0.0,0.0
2008-07-10 00:00:00-04:00,35.65337811118174,35.74983626330194,35.05051408549454,35.23137283325195,8735000,0.0,0.0
2008-07-11 00:00:00-04:00,34.89378000668231,35.18315454229077,34.47780224320285,34.556175231933594,9801500,0.0,0.0
2008-07-14 00:00:00-04:00,34.911862383216175,35.26755231910806,34.67071580643571,35.02037811279297,7040200,0.0,0.0
2008-07-15 00:00:00-04:00,34.67674316818071,35.84629868955815,34.5621998175503,35.3037223815918,9576300,0.0,0.0
2008-07-16 00:00:00-04:00,35.27962103824559,36.37683394017411,35.08670463569189,36.26831817626953,10214600,0.0,0.0
2008-07-17 00:00:00-04:00,36.05129163054743,36.762671825677316,35.57502818978763,36.39492416381836,9482400,0.0,0.0
2008-07-18 00:00:00-04:00,36.41902571105483,36.774715675976175,36.1175936153501,36.437110900878906,7258000,0.0,0.0
2008-07-21 00:00:00-04:00,36.38888092701047,36.71442812410959,35.68352866662904,36.02113342285156,8614800,0.0,0.0
2008-07-22 00:00:00-04:00,35.87043020737753,36.53358009803606,35.87043020737753,36.244205474853516,9622000,0.0,0.0
2008-07-23 00:00:00-04:00,36.895304027944256,36.901331660430166,35.27962715177137,35.96689224243164,15047600,0.0,0.0
2008-07-24 00:00:00-04:00,35.388143914004914,35.71971890379571,34.966138336205084,35.1891975402832,8440300,0.0,0.0
2008-07-25 00:00:00-04:00,35.32181758087709,36.16582847661456,35.177129144559785,35.35799026489258,7949000,0.0,0.0
2008-07-28 00:00:00-04:00,35.388137405136305,35.617226499476665,34.78527306194742,34.83953094482422,7273300,0.0,0.0
2008-07-29 00:00:00-04:00,35.146982692827436,36.171852301313535,34.94803870103732,35.99099349975586,10151700,0.0,0.0
2008-07-30 00:00:00-04:00,36.202002912382184,36.642093601638464,36.111574641840306,36.44314956665039,7740100,0.0,0.0
2008-07-31 00:00:00-04:00,36.292416479507786,36.762649705304966,35.984954524375894,36.04524230957031,6960100,0.0,0.0
2008-08-01 00:00:00-04:00,36.06937199603351,36.47931760225838,35.83425298840064,36.033199310302734,7167600,0.0,0.0
2008-08-04 00:00:00-04:00,36.07540389266315,36.7506113412605,36.033203570859875,36.50343704223633,6068600,0.0,0.0
2008-08-05 00:00:00-04:00,36.648122663987195,37.62476222110351,36.58180722064842,37.576534271240234,13334700,0.0,0.0
2008-08-06 00:00:00-04:00,37.31730420024301,37.63079163859633,37.02792728834843,37.46199035644531,9689800,0.0,0.0
2008-08-07 00:00:00-04:00,37.31731276331827,38.01663547808721,36.961622623063214,37.29319763183594,12579200,0.0,0.0
2008-08-08 00:00:00-04:00,37.61270144968867,39.933727970052765,37.10629537073264,39.59009552001953,27536700,0.0,0.0
2008-08-11 00:00:00-04:00,39.21029179237536,40.39190518310663,39.04751586741602,39.75889587402344,14801100,0.0,0.0
2008-08-12 00:00:00-04:00,39.31276439427418,39.44539522202118,38.354210456793275,38.54712677001953,13159200,0.0,0.0
2008-08-13 00:00:00-04:00,38.58934539992826,38.63757104865243,37.341414174461626,37.84782028198242,12390700,0.0,0.0
2008-08-14 00:00:00-04:00,37.769447680218164,38.758144721467715,37.377584982280254,38.342166900634766,9297900,0.0,0.0
2008-08-15 00:00:00-04:00,38.661697580458444,38.794328502436265,38.11912092642694,38.360267639160156,5169800,0.0,0.0
2008-08-18 00:00:00-04:00,38.517002568073835,38.72197883675728,38.004568795600115,38.1552848815918,6953500,0.0,0.0
2008-08-19 00:00:00-04:00,37.98045453162956,37.99251209475186,37.528306263395876,37.6549072265625,5645300,0.0,0.0
2008-08-20 00:00:00-04:00,37.763418881505416,37.781504074346415,37.3534709789812,37.636817932128906,4626500,0.0,0.0
2008-08-21 00:00:00-04:00,37.335394514143346,37.8900286885435,37.317309317074525,37.564483642578125,5135300,0.0,0.0
2008-08-22 00:00:00-04:00,37.79356334514221,38.52303091922668,37.79356334514221,38.2336540222168,5611000,0.0,0.0
2008-08-25 00:00:00-04:00,38.10705833068916,38.10705833068916,37.31730743523859,37.42582321166992,5997600,0.0,0.0
2008-08-26 00:00:00-04:00,37.419798067473195,37.540371423350926,36.90133424702077,37.455970764160156,5547000,0.0,0.0
2008-08-27 00:00:00-04:00,37.7332830450619,37.7332830450619,36.997787738081804,37.42582321166992,4890800,0.0,0.0
2008-08-28 00:00:00-04:00,37.810964125818785,38.18094665931695,37.42885075194283,38.144554138183594,5762500,0.375,0.0
2008-08-29 00:00:00-04:00,38.06570045556803,38.17487569269325,37.489500643066066,37.604740142822266,5955700,0.0,0.0
2008-09-02 00:00:00-04:00,37.84128618451572,38.99369045114774,37.84128618451572,38.156681060791016,9658900,0.0,0.0
2008-09-03 00:00:00-04:00,38.29011813087352,38.30224897005434,37.119518757715475,37.434913635253906,10104800,0.0,0.0
2008-09-04 00:00:00-04:00,37.30754569055326,37.3257431084823,36.367427515705,36.4038200378418,7760100,0.0,0.0
2008-09-05 00:00:00-04:00,36.26432199307599,36.676761358265566,36.12482078333855,36.57365036010742,8913000,0.0,0.0
2008-09-08 00:00:00-04:00,37.15590932814073,37.908005168725495,36.95575626398479,37.85948181152344,10431000,0.0,0.0
2008-09-09 00:00:00-04:00,38.21124905289076,39.21202078690677,38.20518479330003,38.32648849487305,14469800,0.0,0.0
2008-09-10 00:00:00-04:00,38.44175199585752,38.67829758693898,37.9625942369524,38.332576751708984,8683800,0.0,0.0
2008-09-11 00:00:00-04:00,37.94440147165329,39.20597880637829,37.762441177715715,39.15745544433594,13363300,0.0,0.0
2008-09-12 00:00:00-04:00,38.89057038807528,39.3454663104341,38.5569781940359,38.85417556762695,9374700,0.0,0.0
2008-09-15 00:00:00-04:00,38.6540287394356,39.34547259539583,38.259786931981466,38.64796447753906,11333200,0.0,0.0
2008-09-16 00:00:00-04:00,38.5084684935455,39.472848225188024,38.27798717724098,38.993690490722656,15780900,0.0,0.0
2008-09-17 00:00:00-04:00,38.73894357612265,39.31514565171738,37.8412823937493,37.92013168334961,13401200,0.0,0.0
2008-09-18 00:00:00-04:00,38.44174826112124,38.957298489228926,37.65932652531181,38.79353332519531,13208400,0.0,0.0
2008-09-19 00:00:00-04:00,39.21809021117687,39.70937625393313,38.57516758927172,38.80564880371094,13907400,0.0,0.0
2008-09-22 00:00:00-04:00,38.56304925429699,39.278752440488994,37.738170848942104,37.95045471191406,12146400,0.0,0.0
2008-09-23 00:00:00-04:00,37.986863862600735,39.12107100993031,37.186246780518495,37.4713134765625,11455600,0.0,0.0
2008-09-24 00:00:00-04:00,37.60474259456295,37.99898678918794,36.81625651903408,37.2590217590332,8890200,0.0,0.0
2008-09-25 00:00:00-04:00,37.47736810054483,38.02930852371341,37.47736810054483,37.76850128173828,8920800,0.0,0.0
2008-09-26 00:00:00-04:00,37.63506850450678,38.417490316330934,37.63506850450678,38.332576751708984,8277400,0.0,0.0
2008-09-29 00:00:00-04:00,38.2658509491722,38.50239649487613,36.30676582078137,36.48872375488281,12665100,0.0,0.0
2008-09-30 00:00:00-04:00,37.17408753162587,37.44095891714956,36.31888346955515,37.42276382446289,12966800,0.0,0.0
2008-10-01 00:00:00-04:00,37.10739410628232,38.829931910218725,36.91330527446635,38.6115837097168,12381800,0.0,0.0
2008-10-02 00:00:00-04:00,38.599444050104154,38.75714263600276,37.10131905267169,37.53195571899414,10905400,0.0,0.0
2008-10-03 00:00:00-04:00,38.1506202738637,38.18701048085483,36.403818612932405,36.53118896484375,11059100,0.0,0.0
2008-10-06 00:00:00-04:00,35.779093928440965,36.29464189215142,33.631983881660716,34.663082122802734,16078600,0.0,0.0
2008-10-07 00:00:00-04:00,35.74876175479784,35.74876175479784,31.982223191158894,33.34084701538086,15343700,0.0,0.0
2008-10-08 00:00:00-04:00,32.303680822639656,33.862459938317556,32.29761656057151,32.39466094970703,20739700,0.0,0.0
2008-10-09 00:00:00-04:00,33.35903694279273,33.789671228034045,31.58797645568848,31.587976455688477,17219700,0.0,0.0
2008-10-10 00:00:00-04:00,30.35065890699186,35.04518390311793,27.772915142109355,32.3582649230957,33087500,0.0,0.0
2008-10-13 00:00:00-04:00,33.55313632096211,34.94815057195498,33.207415468307566,34.72373580932617,14492500,0.0,0.0
2008-10-14 00:00:00-04:00,35.97925336132116,36.29464830930048,33.14070114322883,33.97771072387695,17389100,0.0,0.0
2008-10-15 00:00:00-04:00,33.34689663887198,34.014078576543135,31.127005085104713,31.26650619506836,13075100,0.0,0.0
2008-10-16 00:00:00-04:00,31.551596708165775,33.522813324836044,30.811631576286384,33.031524658203125,17272200,0.0,0.0
2008-10-17 00:00:00-04:00,32.44924477856214,34.0444139080416,31.903368707266363,32.631202697753906,11572900,0.0,0.0
2008-10-20 00:00:00-04:00,33.280190970226734,34.48718271762336,32.922339354902974,34.47505187988281,8881100,0.0,0.0
2008-10-21 00:00:00-04:00,34.20818773756895,35.13010846664254,33.213479652698936,33.437896728515625,10833400,0.0,0.0
2008-10-22 00:00:00-04:00,33.4560916269108,34.074750598426974,32.50990690922938,32.8616943359375,17950300,0.0,0.0
2008-10-23 00:00:00-04:00,33.595596479597745,34.15360362427126,31.885187148240924,33.710838317871094,13355600,0.0,0.0
2008-10-24 00:00:00-04:00,31.788151571643308,33.086121904774835,31.357516987047727,32.182395935058594,13436300,0.0,0.0
2008-10-27 00:00:00-04:00,32.43106297073741,32.94054674148883,31.32111527549554,31.393898010253906,12073500,0.0,0.0
2008-10-28 00:00:00-04:00,32.00041182896355,34.408328395786825,31.67895277388572,34.341609954833984,13517600,0.0,0.0
2008-10-29 00:00:00-04:00,34.34161031521656,36.355282832297554,33.971627912392094,34.68126678466797,17848100,0.0,0.0
2008-10-30 00:00:00-04:00,35.76090454114114,36.088430346639115,34.481129582182504,35.099788665771484,11118200,0.0,0.0
2008-10-31 00:00:00-04:00,35.105843494431745,35.354519897513555,34.23244163875252,35.13616943359375,11162900,0.0,0.0
2008-11-03 00:00:00-05:00,35.42730714650659,35.742702044326194,34.32342616099855,34.59029769897461,7761600,0.0,0.0
2008-11-04 00:00:00-05:00,35.03910938538484,35.32417817633147,34.20210041888864,35.04517364501953,10601300,0.0,0.0
2008-11-05 00:00:00-05:00,34.887495313090504,35.215021030399186,33.813940337726045,33.965572357177734,8465100,0.0,0.0
2008-11-06 00:00:00-05:00,33.6622890719518,34.48110058334924,32.41284111309883,32.85560607910156,11095900,0.0,0.0
2008-11-07 00:00:00-05:00,32.710043046971855,33.87457526282428,32.710043046971855,33.64409637451172,8600900,0.0,0.0
2008-11-10 00:00:00-05:00,34.66308126113586,35.23928109552848,33.90492114880761,34.25670623779297,8925000,0.0,0.0
2008-11-11 00:00:00-05:00,34.20211993392863,34.57816671627924,33.735093009107494,34.1414680480957,9076000,0.0,0.0
2008-11-12 00:00:00-05:00,33.607718218541635,34.117201858849285,32.60088177623376,32.764644622802734,10940200,0.0,0.0
2008-11-13 00:00:00-05:00,32.84348743671862,34.147521062321026,31.53945149739583,34.11719512939453,15680700,0.0,0.0
2008-11-14 00:00:00-05:00,33.55921518442018,35.36060283572835,33.134644870750705,34.044437408447266,12851700,0.0,0.0
2008-11-17 00:00:00-05:00,33.90491665779081,34.63881499401994,33.66230452849355,33.72902297973633,11272300,0.0,0.0
2008-11-18 00:00:00-05:00,33.37116190261433,34.711587868426186,33.237725037951044,34.27488708496094,12905200,0.0,0.0
2008-11-19 00:00:00-05:00,34.117192488018695,35.14222374938612,33.51672888219268,33.62590408325195,16144600,0.0,0.0
2008-11-20 00:00:00-05:00,33.195273158859386,34.1475218189164,31.89123950436393,32.091392517089844,15883200,0.0,0.0
2008-11-21 00:00:00-05:00,32.55842665675804,33.48641385417732,31.023911395410646,33.45002365112305,20692500,0.0,0.0
2008-11-24 00:00:00-05:00,33.6865590735822,34.26882528417983,33.35903346247594,33.66836166381836,13472900,0.0,0.0
2008-11-25 00:00:00-05:00,34.26882367725661,34.638806037595664,33.25592327384195,34.45684814453125,14759300,0.0,0.0
2008-11-26 00:00:00-05:00,34.05911431183509,35.52158758960023,33.83882502017307,35.42980194091797,9377800,0.5,0.0
2008-11-28 00:00:00-05:00,35.264581881647565,36.09066431871838,34.91579131183853,35.94992446899414,3916400,0.0,0.0
2008-12-01 00:00:00-05:00,35.5338220599057,35.94380537989289,34.26104300382472,34.371185302734375,11077100,0.0,0.0
2008-12-02 00:00:00-05:00,34.79952714438258,35.338011787113814,33.92449047529378,34.909671783447266,10215700,0.0,0.0
2008-12-03 00:00:00-05:00,34.73221731710121,36.610794346877334,34.57312079714683,36.439456939697266,13454300,0.0,0.0
2008-12-04 00:00:00-05:00,36.24976747468261,37.98760242138207,35.96216729776536,37.22882843017578,16996200,0.0,0.0
2008-12-05 00:00:00-05:00,36.77599654392299,38.46487893327843,35.8275311856457,38.37921142578125,17843400,0.0,0.0
2008-12-08 00:00:00-05:00,38.76474485666346,39.15637171572397,36.95960070858176,37.277793884277344,16959100,0.0,0.0
2008-12-09 00:00:00-05:00,37.09422215489443,37.30839343310145,36.12127890306951,36.51902389526367,13459500,0.0,0.0
2008-12-10 00:00:00-05:00,36.84943984107883,37.89581159654655,36.5679577949799,37.730594635009766,11410900,0.0,0.0
2008-12-11 00:00:00-05:00,37.38792844770425,38.21401339433409,37.09421013365775,37.247188568115234,11650300,0.0,0.0
2008-12-12 00:00:00-05:00,36.48228689298378,37.436872915685214,36.421096468845825,37.075843811035156,9827700,0.0,0.0
2008-12-15 00:00:00-05:00,37.13703918457031,37.4674731211896,36.71481959951146,37.13703918457031,7964700,0.0,0.0
2008-12-16 00:00:00-05:00,37.41240413722134,38.550564019861646,37.27166426297498,38.501609802246094,13487700,0.0,0.0
2008-12-17 00:00:00-05:00,38.31192297356261,38.91159821090923,38.04879985569158,38.324161529541016,10869400,0.0,0.0
2008-12-18 00:00:00-05:00,38.562810649515775,38.562810649515775,37.265553956503865,37.50419998168945,11393600,0.0,0.0
2008-12-19 00:00:00-05:00,37.80402259503628,38.04266853271248,36.81272318689467,36.91062927246094,15966600,0.0,0.0
2008-12-22 00:00:00-05:00,36.91062351624624,37.57149124145508,36.757645135514366,37.57149124145508,9064900,0.0,0.0
2008-12-23 00:00:00-05:00,37.68164397245963,38.048791231530494,37.02689421448321,37.11256408691406,7178800,0.0,0.0
2008-12-24 00:00:00-05:00,37.467466922704105,37.73058993971169,37.17374869461156,37.49806213378906,2574800,0.0,0.0
2008-12-26 00:00:00-05:00,37.632694110203765,37.675527884238356,37.222713034653914,37.36345291137695,2410100,0.0,0.0
2008-12-29 00:00:00-05:00,37.32061342244184,37.553138921804276,36.586316597588485,36.94734573364258,5785900,0.0,0.0
2008-12-30 00:00:00-05:00,37.247185865757714,37.78567056957433,36.95958801714408,37.7795524597168,5801000,0.0,0.0
2008-12-31 00:00:00-05:00,37.718364276375304,38.17729960225774,37.52255205740673,38.05491638183594,6230500,0.0,0.0
2009-01-02 00:00:00-05:00,38.1711662778761,39.24201261053163,38.0610216568231,39.00948715209961,8652700,0.0,0.0
2009-01-05 00:00:00-05:00,38.709654485241764,39.064565504474146,38.483247099955875,38.89323043823242,7692900,0.0,0.0
2009-01-06 00:00:00-05:00,39.15634870794442,39.44394648632653,37.83461554626462,38.02430725097656,10855700,0.0,0.0
2009-01-07 00:00:00-05:00,37.89580268995243,38.28742695076775,37.228816891293604,37.47358322143555,7910400,0.0,0.0
2009-01-08 00:00:00-05:00,37.22271412026379,37.22271412026379,36.531250936835555,37.03302001953125,9382300,0.0,0.0
2009-01-09 00:00:00-05:00,37.14928049539388,37.29614081176982,36.62303433525629,36.75765609741211,7150700,0.0,0.0
2009-01-12 00:00:00-05:00,36.77599035336345,37.4674530727542,36.56182162067185,36.812705993652344,8682900,0.0,0.0
2009-01-13 00:00:00-05:00,36.90450916045258,37.204345509985366,35.992756891509345,36.29871368408203,9082600,0.0,0.0
2009-01-14 00:00:00-05:00,35.80306094109156,35.870371805370375,34.518043414138624,35.08100509643555,15340200,0.0,0.0
2009-01-15 00:00:00-05:00,35.00146024979165,35.852019825579916,34.603715454915786,35.47875213623047,12166300,0.0,0.0
2009-01-16 00:00:00-05:00,35.9437972397666,36.702568613949495,35.82141408236997,36.512874603271484,12445800,0.0,0.0
2009-01-20 00:00:00-05:00,36.46393588373352,36.59243719489724,34.82400705261953,34.921913146972656,11930300,0.0,0.0
2009-01-21 00:00:00-05:00,35.47874826785002,36.06618473084207,34.976979330594524,35.91932678222656,10261400,0.0,0.0
2009-01-22 00:00:00-05:00,35.53381959064472,36.390499492636216,35.3012917885159,35.93156433105469,10969400,0.0,0.0
2009-01-23 00:00:00-05:00,35.025935374440934,35.93156721931338,34.72609668436273,35.50322723388672,10266100,0.0,0.0
2009-01-26 00:00:00-05:00,35.01982699445026,35.900982038709486,34.542534970593096,35.73576736450195,14106700,0.0,0.0
2009-01-27 00:00:00-05:00,35.980523926251855,36.23752888573492,35.67456708617443,35.80918884277344,9992800,0.0,0.0
2009-01-28 00:00:00-05:00,36.53124136788192,36.53124136788192,35.68068186108912,36.225284576416016,11110700,0.0,0.0
2009-01-29 00:00:00-05:00,35.96828067219178,36.13961806754522,35.503227363124196,35.576656341552734,9559400,0.0,0.0
2009-01-30 00:00:00-05:00,35.79694548079683,35.93768532821635,35.10548246150515,35.50322723388672,9660800,0.0,0.0
2009-02-02 00:00:00-05:00,35.25846452836675,35.76023354414562,35.154440326340456,35.42980194091797,7652100,0.0,0.0
2009-02-03 00:00:00-05:00,35.668443244430634,36.19468929827705,34.99533690387111,36.02947235107422,8104300,0.0,0.0
2009-02-04 00:00:00-05:00,36.20692839046182,36.574077969262405,35.18503374813716,35.40532302856445,9266600,0.0,0.0
2009-02-05 00:00:00-05:00,35.185034712698915,35.84590257209783,34.921911657671416,35.711280822753906,11066500,0.0,0.0
2009-02-06 00:00:00-05:00,35.5644216416215,36.304838952091465,35.5644216416215,35.7724723815918,10788700,0.0,0.0
2009-02-09 00:00:00-05:00,36.121253300818786,36.36601963549222,35.521578348560105,36.115135192871094,12359600,0.0,0.0
2009-02-10 00:00:00-05:00,36.10291125074655,36.11514980585869,34.805654754314126,35.050418853759766,13322500,0.0,0.0
2009-02-11 00:00:00-05:00,35.17890873787061,35.399195640819016,34.65266274547568,34.92802429199219,9579700,0.0,0.0
2009-02-12 00:00:00-05:00,34.75058621471164,34.909682779995364,34.04076628062664,34.854610443115234,12798000,0.0,0.0
2009-02-13 00:00:00-05:00,34.91579580449212,35.24010931148796,34.68938605973514,34.7628173828125,6976700,0.0,0.0
2009-02-17 00:00:00-05:00,34.205971839240384,34.51804675423566,33.81434516683792,34.07135009765625,9744100,0.0,0.0
2009-02-18 00:00:00-05:00,34.267155267105565,34.60982766011192,33.991793731141954,34.51803970336914,9489500,0.0,0.0
2009-02-19 00:00:00-05:00,34.218236354278815,34.9464156485482,33.844970703125,33.844970703125,9524500,0.0,0.0
2009-02-20 00:00:00-05:00,33.581822064245166,33.79599090994369,33.07393260978103,33.392127990722656,13541100,0.0,0.0
2009-02-23 00:00:00-05:00,33.50227561177669,33.89390001256885,32.8536462390487,32.96379089355469,10856700,0.0,0.0
2009-02-24 00:00:00-05:00,33.17796071841741,33.618536983928514,32.99438474566687,33.508392333984375,10903500,0.0,0.0
2009-02-25 00:00:00-05:00,33.28811320174169,33.747048573084086,32.99439250992847,33.220802307128906,11531100,0.0,0.0
2009-02-26 00:00:00-05:00,33.671627428656215,33.776618532108515,32.15232860342293,32.238792419433594,10170800,0.5,0.0
2009-02-27 00:00:00-05:00,31.849714558317583,32.68347578207878,31.80648263447593,32.269683837890625,13381500,0.0,0.0
2009-03-02 00:00:00-05:00,31.991756810170855,32.50436717932508,31.670603751657858,32.02263641357422,13245200,0.0,0.0
2009-03-03 00:00:00-05:00,32.201754305199245,33.08492498073962,32.201754305199245,32.380859375,14878300,0.0,0.0
2009-03-04 00:00:00-05:00,32.79465284747126,33.165215320821915,32.29439692459534,32.82553482055664,11618400,0.0,0.0
2009-03-05 00:00:00-05:00,32.33762696024854,32.42409082549568,31.151830413529325,31.411224365234375,15550300,0.0,0.0
2009-03-06 00:00:00-05:00,31.64591192333248,32.232631649458895,31.43592725256231,32.18939971923828,18185800,0.0,0.0
2009-03-09 00:00:00-04:00,31.923826130979027,33.016981255115624,31.689139217249906,32.31291580200195,17924500,0.0,0.0
2009-03-10 00:00:00-04:00,32.62788260748921,33.0416744084717,32.15850423113276,32.48583221435547,17334300,0.0,0.0
2009-03-11 00:00:00-04:00,32.430264614848305,32.6958335374738,31.306229695999555,31.51621437072754,16622700,0.0,0.0
2009-03-12 00:00:00-04:00,31.73855863481318,32.380865123035726,31.195068348166092,32.22028732299805,15302200,0.0,0.0
2009-03-13 00:00:00-04:00,32.52907060503554,32.71435294396887,32.03498986512656,32.34996795654297,11354900,0.0,0.0
2009-03-16 00:00:00-04:00,32.51673332199282,32.689661059371986,31.83736997835631,31.9238338470459,9883400,0.0,0.0
2009-03-17 00:00:00-04:00,31.930008306825613,33.16521170472244,31.720023634944614,33.12815475463867,13657500,0.0,0.0
2009-03-18 00:00:00-04:00,33.00461616091608,34.307755420525766,32.99226385087686,34.22746658325195,12896800,0.0,0.0
2009-03-19 00:00:00-04:00,34.32629747044022,34.48687284706385,33.535765833936594,33.78898239135742,10356000,0.0,0.0
2009-03-20 00:00:00-04:00,33.64694431045657,34.11014564020839,32.69583701460152,32.856414794921875,13789400,0.0,0.0
2009-03-23 00:00:00-04:00,33.33197580996547,34.07309621660162,32.794660452400656,34.06692123413086,10846700,0.0,0.0
2009-03-24 00:00:00-04:00,33.96809236581236,33.96809236581236,32.96757830488911,33.0787467956543,9836100,0.0,0.0
2009-03-25 00:00:00-04:00,33.38753511749189,33.99278425364354,32.88727709660824,33.9742546081543,10880900,0.0,0.0
2009-03-26 00:00:00-04:00,34.27070902495744,34.64126899071793,33.832210159786726,34.62274169921875,11095700,0.0,0.0
2009-03-27 00:00:00-04:00,34.25217573086744,34.52392187572587,33.869263492886304,33.9742546081543,6636500,0.0,0.0
2009-03-30 00:00:00-04:00,33.35049569841931,33.45548686882949,32.75142122548373,33.30108642578125,8702800,0.0,0.0
2009-03-31 00:00:00-04:00,33.53576575168665,34.18424694778727,33.51723845795789,33.702518463134766,9044500,0.0,0.0
2009-04-01 00:00:00-04:00,33.53577066355196,34.17190199431404,33.2702017533817,34.11631774902344,8279200,0.0,0.0
2009-04-02 00:00:00-04:00,34.548636589340546,35.24035215638832,34.35718157935911,34.80185317993164,8797600,0.0,0.0
2009-04-03 00:00:00-04:00,34.7092169388315,34.980960845947266,34.31395221722182,34.980960845947266,7175700,0.0,0.0
2009-04-06 00:00:00-04:00,34.875956332527885,34.96242016278134,34.33864134858823,34.54862594604492,6494800,0.0,0.0
2009-04-07 00:00:00-04:00,34.36335674934772,34.4436456266023,33.721050443237964,34.21513366699219,7128900,0.0,0.0
2009-04-08 00:00:00-04:00,34.252199427963596,34.480713818047136,33.99898275340858,34.313961029052734,5825800,0.0,0.0
2009-04-09 00:00:00-04:00,34.76480186998104,35.37005128132223,34.6845129855894,34.999488830566406,7291800,0.0,0.0
2009-04-13 00:00:00-04:00,34.79566207983905,34.99329433430477,34.52391831893926,34.65361404418945,5506400,0.0,0.0
2009-04-14 00:00:00-04:00,34.46217148188921,34.52393306025766,33.67164212647946,33.8569221496582,8601200,0.0,0.0
2009-04-15 00:00:00-04:00,33.3813774639056,33.461666359127086,32.75142333301601,33.319618225097656,12180300,0.0,0.0
2009-04-16 00:00:00-04:00,33.443122227370395,33.87544139337562,33.226960288405024,33.78280258178711,8563500,0.0,0.0
2009-04-17 00:00:00-04:00,34.02367190459155,34.83890582012006,33.844566876916765,34.641273498535156,11687400,0.0,0.0
2009-04-20 00:00:00-04:00,34.28305252812245,34.45598252142399,34.05454067078676,34.1718864440918,7181800,0.0,0.0
2009-04-21 00:00:00-04:00,34.30777609383942,34.678338550424264,33.93721599321824,34.35718536376953,8925900,0.0,0.0
2009-04-22 00:00:00-04:00,34.44981631641555,34.90066519937471,33.47400701854916,33.504886627197266,12701000,0.0,0.0
2009-04-23 00:00:00-04:00,33.81370458294149,34.27690601558452,33.35667813277606,34.153385162353516,9877400,0.0,0.0
2009-04-24 00:00:00-04:00,34.07307797525255,34.2460080193903,33.38136486659071,33.54194259643555,9941100,0.0,0.0
2009-04-27 00:00:00-04:00,33.288725484497284,33.900149717972305,33.20843662092273,33.65311050415039,8146900,0.0,0.0
2009-04-28 00:00:00-04:00,33.38135465509479,34.171886036273094,33.35047505679023,33.67780303955078,7438000,0.0,0.0
2009-04-29 00:00:00-04:00,34.02369112829778,34.07927539739686,33.47402577607596,33.603721618652344,8888000,0.0,0.0
2009-04-30 00:00:00-04:00,33.788988211241396,34.11631871206529,32.794649104065286,32.91199493408203,11167400,0.0,0.0
2009-05-01 00:00:00-04:00,32.862575659716434,32.862575659716434,31.967053002347146,32.36231994628906,11163900,0.0,0.0
2009-05-04 00:00:00-04:00,32.664950924391114,33.331961837924204,32.424086657603056,32.59083938598633,12988600,0.0,0.0
2009-05-05 00:00:00-04:00,32.73289082079498,33.13433287702034,32.71436352329532,32.83170700073242,12381900,0.0,0.0
2009-05-06 00:00:00-04:00,33.072563257664484,33.72104442821418,32.97374710173275,33.159027099609375,12329300,0.0,0.0
2009-05-07 00:00:00-04:00,33.36283689992287,33.57899650577947,32.695826077343035,32.97374725341797,11227100,0.0,0.0
2009-05-08 00:00:00-04:00,34.02983527706937,34.24599717479936,33.66545036668789,33.91866683959961,13643700,0.0,0.0
2009-05-11 00:00:00-04:00,33.86311079485106,33.86311079485106,33.375204764627576,33.59754180908203,9664600,0.0,0.0
2009-05-12 00:00:00-04:00,33.80752775717495,33.85075970005402,32.8872999245401,33.331974029541016,8466800,0.0,0.0
2009-05-13 00:00:00-04:00,33.054045944833035,33.30108523127064,32.81935662014816,33.035518646240234,8666900,0.0,0.0
2009-05-14 00:00:00-04:00,32.95523839854133,33.42461481499811,32.88112682877749,33.08493423461914,8224700,0.0,0.0
2009-05-15 00:00:00-04:00,33.02315655254067,33.6839900409766,32.75758769016402,33.0169792175293,8267800,0.0,0.0
2009-05-18 00:00:00-04:00,33.047860047869314,33.51723857565968,32.75758890259266,33.47400665283203,8250700,0.0,0.0
2009-05-19 00:00:00-04:00,33.560480035140834,33.634591587339,33.17756760015924,33.270206451416016,6328800,0.0,0.0
2009-05-20 00:00:00-04:00,34.07925590408034,35.203290608723954,33.980439743978586,34.740089416503906,15246900,0.0,0.0
2009-05-21 00:00:00-04:00,34.388054909964744,34.74008760926155,34.10395875894678,34.394229888916016,10264600,0.0,0.0
2009-05-22 00:00:00-04:00,34.53627320654482,35.629428095433624,34.39422515060505,35.25269317626953,10726600,0.0,0.0
2009-05-26 00:00:00-04:00,35.184746871348,36.38906752351026,35.06740111634409,36.33966064453125,12256200,0.0,0.0
2009-05-27 00:00:00-04:00,36.24087379506029,36.40762656369582,35.678856251568945,35.70973587036133,10434900,0.0,0.0
2009-05-28 00:00:00-04:00,35.752947254596776,36.19144371487661,35.45032386605085,35.90117263793945,8402400,0.0,0.0
2009-05-29 00:00:00-04:00,35.99383578706196,36.45703718386581,35.629450594004375,36.432334899902344,8060100,0.0,0.0
2009-06-01 00:00:00-04:00,36.54968211474061,37.04994052220298,36.38910429487963,36.96347427368164,7746100,0.0,0.0
2009-06-02 00:00:00-04:00,36.79053234274636,37.53165483907701,36.73494809662247,37.29079055786133,9332000,0.0,0.0
2009-06-03 00:00:00-04:00,36.96346211775474,37.679880021005964,36.90170288794278,37.66753005981445,10424500,0.0,0.0
2009-06-04 00:00:00-04:00,37.76716575440116,37.76716575440116,37.23786358579815,37.51185607910156,10236900,0.5,0.0
2009-06-05 00:00:00-04:00,37.6114845208209,37.667528217185385,36.95764060475605,37.28144836425781,10285700,0.0,0.0
2009-06-08 00:00:00-04:00,36.4781481601464,36.85177111253163,35.961300621395466,36.56532669067383,14756100,0.0,0.0
2009-06-09 00:00:00-04:00,36.752153188290166,37.08218701030386,36.58402207836684,36.78951644897461,7947200,0.0,0.0
2009-06-10 00:00:00-04:00,37.11333030542482,37.12578472848265,36.036047653024596,36.3411750793457,9999800,0.0,0.0
2009-06-11 00:00:00-04:00,36.31625938242782,36.559114647646865,35.88659255745858,35.9114990234375,9316200,0.0,0.0
2009-06-12 00:00:00-04:00,35.94264304324832,36.41589924225439,35.805646765050476,36.3411750793457,7063000,0.0,0.0
2009-06-15 00:00:00-04:00,36.17925786429787,36.21039509925586,35.64373210440812,35.9799919128418,7538200,0.0,0.0
2009-06-16 00:00:00-04:00,36.06093831249378,36.06093831249378,35.3821880385057,35.537864685058594,8714200,0.0,0.0
2009-06-17 00:00:00-04:00,35.625037467487736,36.19170027430927,35.625037467487736,35.72467041015625,7216600,0.0,0.0
2009-06-18 00:00:00-04:00,35.83676993372329,36.62760772388769,35.6250495617467,36.21662139892578,6944300,0.0,0.0
2009-06-19 00:00:00-04:00,36.37227848334182,36.63381639042129,36.1169689701222,36.22282791137695,9602400,0.0,0.0
2009-06-22 00:00:00-04:00,35.9924470779943,36.12944331324985,35.575234725807015,35.61882400512695,7651100,0.0,0.0
2009-06-23 00:00:00-04:00,35.830546244553425,35.87413552614182,35.27010923064871,35.34483337402344,7329300,0.0,0.0
2009-06-24 00:00:00-04:00,35.53787608123995,35.556556524676814,34.896488851903754,35.05839157104492,7297500,0.0,0.0
2009-06-25 00:00:00-04:00,35.002347721984684,35.93018187436848,34.96498683526393,35.780731201171875,7841400,0.0,0.0
2009-06-26 00:00:00-04:00,35.737133160033345,35.74336155658596,35.33860129640813,35.49427795410156,8195100,0.0,0.0
2009-06-29 00:00:00-04:00,35.61259192720598,35.71222489470254,35.24519491416796,35.63750076293945,6641600,0.0,0.0
2009-06-30 00:00:00-04:00,35.68109216989904,36.20416587437183,35.62504847386847,35.799407958984375,7334500,0.0,0.0
2009-07-01 00:00:00-04:00,35.89903993740234,36.45947450673669,35.89903993740234,36.25398254394531,5733500,0.0,0.0
2009-07-02 00:00:00-04:00,35.92394242291786,36.011123341130094,35.64995237770509,35.77449417114258,6970800,0.0,0.0
2009-07-06 00:00:00-04:00,35.54409677773963,36.26643639785063,35.36973730016983,36.11075973510742,7533100,0.0,0.0
2009-07-07 00:00:00-04:00,36.11698024530787,36.11698024530787,35.33859705036589,35.36973190307617,8192600,0.0,0.0
2009-07-08 00:00:00-04:00,35.556556443428974,35.61260014904937,35.145570060692044,35.519195556640625,10771500,0.0,0.0
2009-07-09 00:00:00-04:00,35.649961732075475,35.674870572386354,35.04593541944433,35.3510627746582,7793600,0.0,0.0
2009-07-10 00:00:00-04:00,35.22028480638138,35.94262433978362,35.22028480638138,35.52540969848633,6739400,0.0,0.0
2009-07-13 00:00:00-04:00,35.537876531632676,35.82432108667157,35.22029711199181,35.662418365478516,7057400,0.0,0.0
2009-07-14 00:00:00-04:00,35.64373732413268,35.81809446333049,35.40710808133717,35.780731201171875,6670400,0.0,0.0
2009-07-15 00:00:00-04:00,35.79316377766692,35.79939217194449,35.31367956205968,35.54408264160156,11899500,0.0,0.0
2009-07-16 00:00:00-04:00,35.61259998764911,35.699780932448505,35.44446887154992,35.631282806396484,10080300,0.0,0.0
2009-07-17 00:00:00-04:00,35.70598838487299,36.14810939980129,35.65617072803997,36.01734161376953,9767400,0.0,0.0
2009-07-20 00:00:00-04:00,36.25397899856136,36.42833608635616,36.10452836942498,36.29133987426758,8093200,0.0,0.0
2009-07-21 00:00:00-04:00,36.44079068146281,36.53419524662192,36.06093927367908,36.5092887878418,7748400,0.0,0.0
2009-07-22 00:00:00-04:00,36.44701993728424,37.10708985000653,36.415885079467714,36.62760543823242,9146200,0.0,0.0
2009-07-23 00:00:00-04:00,35.4880453031615,35.61258470570015,34.63493566806337,34.927608489990234,34243500,0.0,0.0
2009-07-24 00:00:00-04:00,35.11443574878507,35.164253432536825,34.71590378052268,34.9213981628418,12337100,0.0,0.0
2009-07-27 00:00:00-04:00,35.0085781636652,35.0646218724557,34.68477033236872,34.852901458740234,7792100,0.0,0.0
2009-07-28 00:00:00-04:00,34.80930677796772,35.30747168145326,34.74703468038351,35.164249420166016,8744700,0.0,0.0
2009-07-29 00:00:00-04:00,35.0272286613131,35.46934955520016,34.99609382203469,35.126861572265625,8002500,0.0,0.0
2009-07-30 00:00:00-04:00,35.251433209592086,35.301248519610084,34.59136312992826,34.61627197265625,13845700,0.0,0.0
2009-07-31 00:00:00-04:00,34.56022977973207,34.74081533427185,34.19905867065251,34.28623962402344,13519700,0.0,0.0
2009-08-03 00:00:00-04:00,34.31737193399835,34.49172907687219,34.04960782147757,34.32982635498047,10607000,0.0,0.0
2009-08-04 00:00:00-04:00,34.44812486990559,34.55398621468067,34.1928152889546,34.25508499145508,11782200,0.0,0.0
2009-08-05 00:00:00-04:00,34.32981377057746,34.39831187315056,34.12431946285815,34.30490493774414,9426200,0.0,0.0
2009-08-06 00:00:00-04:00,34.37341723834481,34.40455210452827,34.04338100557365,34.14924240112305,10248700,0.0,0.0
2009-08-07 00:00:00-04:00,34.2986737154184,34.49793959698962,34.11808826792052,34.37339782714844,8137200,0.0,0.0
2009-08-10 00:00:00-04:00,34.74703805010044,35.176707251068486,34.71590318600774,35.039710998535156,11008600,0.0,0.0
2009-08-11 00:00:00-04:00,34.90893440894693,35.10197194328132,34.77816421177914,34.88402557373047,8713800,0.0,0.0
2009-08-12 00:00:00-04:00,34.815527598119196,35.2638771319858,34.72212065341789,35.03347396850586,7223000,0.0,0.0
2009-08-13 00:00:00-04:00,35.15178802120164,35.276329816204445,34.59757952764817,34.73457336425781,9925900,0.0,0.0
2009-08-14 00:00:00-04:00,34.67853933606314,34.74703746116882,34.143013506606884,34.4170036315918,7705200,0.0,0.0
2009-08-17 00:00:00-04:00,34.10563101899733,34.39830379748563,33.9375,33.9375,10440700,0.0,0.0
2009-08-18 00:00:00-04:00,33.98109612403268,34.41699118258805,33.893917587409,34.410762786865234,10305500,0.0,0.0
2009-08-19 00:00:00-04:00,34.37963683076256,34.86534967903741,34.31736711004306,34.653629302978516,7963800,0.0,0.0
2009-08-20 00:00:00-04:00,34.72211869254348,35.02724596929053,34.65362296245962,34.95874786376953,5522000,0.0,0.0
2009-08-21 00:00:00-04:00,35.18293327371188,35.25765742262194,34.90271474600183,35.039710998535156,7671200,0.0,0.0
2009-08-24 00:00:00-04:00,35.10819406311014,35.10819406311014,34.68475344188272,34.815521240234375,6638900,0.0,0.0
2009-08-25 00:00:00-04:00,34.983655743081925,35.33859830251718,34.964975305881254,35.15178680419922,7442300,0.0,0.0
2009-08-26 00:00:00-04:00,35.164244199931424,35.631274173011704,35.05838283747251,35.49427795410156,8253300,0.0,0.0
2009-08-27 00:00:00-04:00,35.53165573770667,35.60637989883538,35.23898274141505,35.59392547607422,8462900,0.0,0.0
2009-08-28 00:00:00-04:00,35.82007417036925,35.838919461333965,35.0285384002489,35.22328186035156,8683600,0.5,0.0
2009-08-31 00:00:00-04:00,35.02225812028898,35.330078125,34.959438884911336,35.330078125,7888500,0.0,0.0
2009-09-01 00:00:00-04:00,35.210714374015964,35.43058646660444,34.84007517444106,34.95315170288086,7785000,0.0,0.0
2009-09-02 00:00:00-04:00,34.95314212042715,34.99083508504016,34.35635002758406,34.78352737426758,6959000,0.0,0.0
2009-09-03 00:00:00-04:00,34.89660773517678,34.928017344298716,34.588790210822395,34.90917205810547,5680000,0.0,0.0
2009-09-04 00:00:00-04:00,34.928020500505404,35.330071681355356,34.80238205266457,35.267250061035156,4877700,0.0,0.0
2009-09-08 00:00:00-04:00,35.430596702709835,35.56879952464166,35.17931492326908,35.31752014160156,7479600,0.0,0.0
2009-09-09 00:00:00-04:00,34.62648078424069,34.877762450022814,34.35635383226475,34.607635498046875,17822200,0.0,0.0
2009-09-10 00:00:00-04:00,34.708141207508554,34.79608905519874,34.39404038210123,34.45685958862305,12450400,0.0,0.0
2009-09-11 00:00:00-04:00,34.62021780433807,34.626498770865446,34.06739929029732,34.167911529541016,12205600,0.0,0.0
2009-09-14 00:00:00-04:00,33.98570829763488,34.13647774801142,33.84750556422208,34.06737518310547,10273400,0.0,0.0
2009-09-15 00:00:00-04:00,34.29353016802785,34.7332718279364,34.029684213523026,34.53852844238281,14272000,0.0,0.0
2009-09-16 00:00:00-04:00,34.73328513276627,35.58135677599316,34.55110599872785,35.47456359863281,17384000,0.0,0.0
2009-09-17 00:00:00-04:00,35.43685974070525,35.63788410399595,35.21070673290336,35.46826934814453,9719900,0.0,0.0
2009-09-18 00:00:00-04:00,35.55622485492086,35.8075065612793,35.367764773352015,35.8075065612793,14364400,0.0,0.0
2009-09-21 00:00:00-04:00,35.5185317495164,35.65045355758915,35.07250902904198,35.267250061035156,9820100,0.0,0.0
2009-09-22 00:00:00-04:00,35.493406404275746,35.493406404275746,34.915461821947154,35.0599479675293,8013300,0.0,0.0
2009-09-23 00:00:00-04:00,35.10391231672527,35.34891060083602,34.86519499531508,34.890323638916016,8589400,0.0,0.0
2009-09-24 00:00:00-04:00,34.97828408771434,35.424306888407344,34.89033619984814,35.25469207763672,9271400,0.0,0.0
2009-09-25 00:00:00-04:00,35.48082935381506,36.09646669104453,35.44313639163398,35.776084899902344,11279900,0.0,0.0
2009-09-28 00:00:00-04:00,35.958263887799625,36.22838839552253,35.85775171857276,35.91428756713867,7784200,0.0,0.0
2009-09-29 00:00:00-04:00,35.920570925689866,36.222107433370475,35.83890403931831,35.91428756713867,7542100,0.0,0.0
2009-09-30 00:00:00-04:00,35.78237218395504,36.01480856387227,35.31750421691971,35.85147476196289,9826300,0.0,0.0
2009-10-01 00:00:00-04:00,35.80123078799711,35.89545964424427,35.46828211933633,35.64418029785156,10006000,0.0,0.0
2009-10-02 00:00:00-04:00,35.34891631418031,35.92057986830152,35.235839796099214,35.62532424926758,8862000,0.0,0.0
2009-10-05 00:00:00-04:00,35.74469057792054,35.80750981201312,35.36148701931532,35.5625114440918,8040800,0.0,0.0
2009-10-06 00:00:00-04:00,35.63159691153283,36.209541255850695,35.63159691153283,36.083900451660156,7164800,0.0,0.0
2009-10-07 00:00:00-04:00,35.95199649150292,36.15930428055002,35.631614558721274,35.89545822143555,7284400,0.0,0.0
2009-10-08 00:00:00-04:00,36.10275639164826,36.19698521905509,35.688143320419364,35.725833892822266,8713600,0.0,0.0
2009-10-09 00:00:00-04:00,35.51852164595561,35.66300773699204,35.19813746445817,35.61903381347656,10227800,0.0,0.0
2009-10-12 00:00:00-04:00,35.763514774987186,36.14671810757308,35.53736183140215,35.60646438598633,8550100,0.0,0.0
2009-10-13 00:00:00-04:00,35.62533183544841,35.99597107999503,35.60648654388849,35.83892059326172,6164500,0.0,0.0
2009-10-14 00:00:00-04:00,36.05878950358804,36.391735738985055,36.05250614269374,36.12160873413086,7580200,0.0,0.0
2009-10-15 00:00:00-04:00,35.97711629847484,36.59275375650997,35.97711629847484,36.561344146728516,8141000,0.0,0.0
2009-10-16 00:00:00-04:00,36.48597310504306,37.208403963139205,36.47340877754568,36.92571258544922,9980400,0.0,0.0
2009-10-19 00:00:00-04:00,37.045069872201175,37.34660652155988,36.950838620851464,37.239810943603516,7560600,0.0,0.0
2009-10-20 00:00:00-04:00,37.44083026218721,37.47224227261316,36.82519272095768,37.01365280151367,7608600,0.0,0.0
2009-10-21 00:00:00-04:00,36.93825084209786,37.13299418625765,36.435690078909886,36.64299774169922,9619500,0.0,0.0
2009-10-22 00:00:00-04:00,37.6104399694977,38.0690269822063,37.12044334700899,37.37800598144531,24641000,0.0,0.0
2009-10-23 00:00:00-04:00,37.377996443723944,37.44709900544711,37.07645995325842,37.334022521972656,7629500,0.0,0.0
2009-10-26 00:00:00-04:00,37.38429335901791,37.66698468834068,37.13929500573818,37.189552307128906,9020300,0.0,0.0
2009-10-27 00:00:00-04:00,37.20210260168348,37.23979316711148,36.71210368352735,37.07646179199219,8336600,0.0,0.0
2009-10-28 00:00:00-04:00,36.844040471251915,37.26493457202007,36.81262846077075,36.8377571105957,8752500,0.0,0.0
2009-10-29 00:00:00-04:00,37.05135468594837,37.20212422448877,36.81263724842628,37.1518669128418,6950800,0.0,0.0
2009-10-30 00:00:00-04:00,37.12044527447182,37.378007922281974,36.78749907999521,36.81890869140625,9878800,0.0,0.0
2009-11-02 00:00:00-05:00,36.963389094581125,37.403130775409394,36.81261962820595,37.16441345214844,7583300,0.0,0.0
2009-11-03 00:00:00-05:00,36.95083747495802,37.403143633169606,36.95083747495802,37.214683532714844,6562000,0.0,0.0
2009-11-04 00:00:00-05:00,37.37800289560131,38.22607427164762,37.18954285607984,37.87428283691406,12294800,0.0,0.0
2009-11-05 00:00:00-05:00,37.981082891967205,38.63441338449959,37.87428972881857,38.621849060058594,11000400,0.0,0.0
2009-11-06 00:00:00-05:00,38.35172464521065,39.06159344709003,38.33916031992783,38.772621154785156,10795100,0.0,0.0
2009-11-09 00:00:00-05:00,39.11812903847385,39.501332546003376,39.03018116390639,39.350563049316406,10517300,0.0,0.0
2009-11-10 00:00:00-05:00,39.25633675341703,39.425949153126076,38.93595245085549,39.124412536621094,7408400,0.0,0.0
2009-11-11 00:00:00-05:00,39.375686075838914,39.63952966186794,39.231199960194516,39.46991729736328,6643100,0.0,0.0
2009-11-12 00:00:00-05:00,39.40081454604773,39.45735279943126,38.9422275558922,39.055301666259766,6417500,0.0,0.0
2009-11-13 00:00:00-05:00,39.09299297713366,40.07926949160171,39.05530001100898,39.94106674194336,9692300,0.0,0.0
2009-11-16 00:00:00-05:00,40.15464983654855,40.67605837604202,40.022728060194495,40.5378532409668,12109900,0.0,0.0
2009-11-17 00:00:00-05:00,40.418497160646304,40.50644981255415,39.85940039865337,39.934783935546875,8589300,0.0,0.0
2009-11-18 00:00:00-05:00,39.95991449907389,40.19234848022461,39.714916195104266,40.19234848022461,6986500,0.0,0.0
2009-11-19 00:00:00-05:00,40.1672281576792,40.1672281576792,39.608128856584266,39.83428192138672,5848400,0.0,0.0
2009-11-20 00:00:00-05:00,39.80287356779036,40.324282305547015,39.73377097397682,40.18607711791992,8850700,0.0,0.0
2009-11-23 00:00:00-05:00,40.39339002574531,40.39339002574531,40.003903065074994,40.198646545410156,6871700,0.0,0.0
2009-11-24 00:00:00-05:00,40.21119877139352,40.38709450947039,39.74632838253361,40.34312057495117,8274400,0.0,0.0
2009-11-25 00:00:00-05:00,40.462482193033864,40.581837281695584,40.37452952740999,40.487606048583984,7602400,0.0,0.0
2009-11-27 00:00:00-05:00,39.904698005182944,40.46227465050868,39.904698005182944,40.29753494262695,3557900,0.55,0.0
2009-11-30 00:00:00-05:00,40.39890318416936,40.39890318416936,39.936368968240224,40.07576370239258,6566200,0.0,0.0
2009-12-01 00:00:00-05:00,40.3228585012983,40.58264039650271,40.24048869103898,40.259498596191406,9614400,0.0,0.0
2009-12-02 00:00:00-05:00,40.23416818237305,40.455930347276386,39.594224208633186,39.60055923461914,10518400,0.0,0.0
2009-12-03 00:00:00-05:00,39.68291401093434,39.82230628294891,39.252059896652085,39.264732360839844,10761500,0.0,0.0
2009-12-04 00:00:00-05:00,39.575214482684615,39.72728169435208,38.73885086107942,39.02397537231445,9497500,0.0,0.0
2009-12-07 00:00:00-05:00,39.06831666892877,39.44848096419062,38.83388210075149,39.2393913269043,9036800,0.0,0.0
2009-12-08 00:00:00-05:00,38.30165308249729,38.58677753065995,38.0418735668437,38.40303039550781,14696700,0.0,0.0
2009-12-09 00:00:00-05:00,38.479056362367395,38.66913849045125,38.22561433059738,38.39668655395508,10911800,0.0,0.0
2009-12-10 00:00:00-05:00,38.637459868864546,38.87189442100518,38.453712758012884,38.68181228637695,8035900,0.0,0.0
2009-12-11 00:00:00-05:00,38.884585473431514,39.226734929534,38.770535654730686,39.06833267211914,5864400,0.0,0.0
2009-12-14 00:00:00-05:00,39.44214913931736,39.53719142935497,39.16969715270378,39.37245178222656,5632900,0.0,0.0
2009-12-15 00:00:00-05:00,39.43581581391669,39.55620062506275,39.21405126661487,39.283748626708984,4952700,0.0,0.0
2009-12-16 00:00:00-05:00,39.48650199193029,39.75261895670772,39.239394935582155,39.549861907958984,5647100,0.0,0.0
2009-12-17 00:00:00-05:00,39.43581982002339,39.58788460565273,39.233062744140625,39.233062744140625,5418500,0.0,0.0
2009-12-18 00:00:00-05:00,39.27740924752354,39.55619623996849,39.26473678190891,39.391456604003906,9854100,0.0,0.0
2009-12-21 00:00:00-05:00,39.435816439205325,39.968047977332375,39.3724541031033,39.70193099975586,4625700,0.0,0.0
2009-12-22 00:00:00-05:00,39.71460261673979,39.97438214663158,39.701930149790684,39.89834976196289,3418500,0.0,0.0
2009-12-23 00:00:00-05:00,39.898354941113496,40.34821669958591,39.644910403284,40.14546203613281,5889700,0.0,0.0
2009-12-24 00:00:00-05:00,40.13278041919438,40.3672149921798,40.07575553203299,40.183467864990234,2577300,0.0,0.0
2009-12-28 00:00:00-05:00,40.189809923268804,40.36088460440564,40.01240021706437,40.30385971069336,2389400,0.0,0.0
2009-12-29 00:00:00-05:00,40.34821218014987,40.50027695219367,40.27217979412797,40.29118728637695,2628900,0.0,0.0
2009-12-30 00:00:00-05:00,40.20248188971285,40.329204142720265,39.79697261370986,39.847660064697266,6776100,0.0,0.0
2009-12-31 00:00:00-05:00,39.898356348695195,39.96171627687473,39.53086199758015,39.56254196166992,4495300,0.0,0.0
2010-01-04 00:00:00-05:00,39.68294468979521,39.961731866379935,39.48018994009226,39.777984619140625,5839300,0.0,0.0
2010-01-05 00:00:00-05:00,39.70191924102386,39.75894411811332,39.40412239210942,39.473819732666016,7099000,0.0,0.0
2010-01-06 00:00:00-05:00,39.41046350570434,39.54352075897326,38.688149939929694,38.93525695800781,10551300,0.0,0.0
2010-01-07 00:00:00-05:00,38.80855113364296,39.49918503825334,38.719846260633155,39.22039794921875,7517700,0.0,0.0
2010-01-08 00:00:00-05:00,39.45482889854535,39.54353376322938,39.03030965280946,39.182376861572266,6107300,0.0,0.0
2010-01-11 00:00:00-05:00,39.29642142821608,39.55620096176159,39.188706666146686,39.48650360107422,6081300,0.0,0.0
2010-01-12 00:00:00-05:00,39.302756741904076,39.70193099975586,39.28374924958646,39.70193099975586,7199400,0.0,0.0
2010-01-13 00:00:00-05:00,39.82865985432559,40.10111190214314,39.63857764857592,39.65758514404297,8623000,0.0,0.0
2010-01-14 00:00:00-05:00,39.63857370454135,39.74628605750579,39.34077674771425,39.69559860229492,7095600,0.0,0.0
2010-01-15 00:00:00-05:00,39.7082734965658,39.90469314990242,39.31543660691901,39.46116638183594,9429100,0.0,0.0
2010-01-19 00:00:00-05:00,39.854000861407506,40.43691989047231,39.77163102746535,40.221492767333984,8551500,0.0,0.0
2010-01-20 00:00:00-05:00,40.22782900108542,40.297523947837156,39.75895736468767,39.9236946105957,6996800,0.0,0.0
2010-01-21 00:00:00-05:00,39.89835288581582,40.297524749349165,39.79063811682785,40.04408264160156,11724100,0.0,0.0
2010-01-22 00:00:00-05:00,40.06309333799816,41.04518672021783,39.79697874103371,40.16447067260742,15645900,0.0,0.0
2010-01-25 00:00:00-05:00,40.13277886812358,40.29751608187537,39.86666193264688,39.9743766784668,6382200,0.0,0.0
2010-01-26 00:00:00-05:00,39.75896516609357,40.550976424382284,39.75896516609357,40.43059158325195,9292700,0.0,0.0
2010-01-27 00:00:00-05:00,40.341873041968945,40.55096511602085,40.10743845165919,40.37989044189453,8080800,0.0,0.0
2010-01-28 00:00:00-05:00,40.45592552920295,40.46859799669196,39.758956736489246,39.80964660644531,8560100,0.0,0.0
2010-01-29 00:00:00-05:00,39.803316684366536,40.05676124797897,39.530864624442444,39.556209564208984,7589600,0.0,0.0
2010-02-01 00:00:00-05:00,39.809653491920606,40.5319673445437,39.809653491920606,40.48127746582031,8062700,0.0,0.0
2010-02-02 00:00:00-05:00,40.46861470069861,40.58266695517648,40.139137661065845,40.56999206542969,7271400,0.0,0.0
2010-02-03 00:00:00-05:00,40.95013270954122,41.65977626604252,40.93746266123372,41.317626953125,13695300,0.0,0.0
2010-02-04 00:00:00-05:00,41.304962727020836,41.355647761446484,40.56363669417919,40.58898162841797,10868400,0.0,0.0
2010-02-05 00:00:00-05:00,40.59532113724913,40.76639340950552,39.682925211435325,40.15179443359375,14007600,0.0,0.0
2010-02-08 00:00:00-05:00,40.2214905363736,40.424245180195726,39.866668701171875,39.866668701171875,6975100,0.0,0.0
2010-02-09 00:00:00-05:00,40.01240030218775,40.45592456864241,39.771628259665235,40.27851486206055,10131500,0.0,0.0
2010-02-10 00:00:00-05:00,40.25951086704319,40.44325803169381,39.898353980399534,40.07576370239258,6161300,0.0,0.0
2010-02-11 00:00:00-05:00,40.07575458526126,40.449583855148674,39.62589293996345,40.417903900146484,7478900,0.0,0.0
2010-02-12 00:00:00-05:00,40.05041524411063,40.48126945994469,40.037742776935985,40.29118728637695,6749800,0.0,0.0
2010-02-16 00:00:00-05:00,40.23416629528843,40.66502055291503,40.094771559872115,40.557308197021484,7090200,0.0,0.0
2010-02-17 00:00:00-05:00,40.68401968387472,40.772724527441135,40.40523268737662,40.715702056884766,5424600,0.0,0.0
2010-02-18 00:00:00-05:00,40.62065034295085,40.94379210324949,40.5509530057482,40.85508728027344,4975800,0.0,0.0
2010-02-19 00:00:00-05:00,40.842422919439656,41.1148748984796,40.74104802452213,41.019832611083984,5622600,0.0,0.0
2010-02-22 00:00:00-05:00,41.14022862759989,41.14022862759989,40.9501440121635,41.038848876953125,4274900,0.0,0.0
2010-02-23 00:00:00-05:00,41.045183683945524,41.21626079366216,40.99449381187746,41.102210998535156,7485700,0.0,0.0
2010-02-24 00:00:00-05:00,41.15923105129361,41.53306279317973,41.03884382074608,41.34931564331055,7579700,0.0,0.0
2010-02-25 00:00:00-05:00,41.08093966717845,41.30458667284368,40.742271067438814,41.13844680786133,8500000,0.55,0.0
2010-02-26 00:00:00-05:00,41.189553276419126,41.362084389099046,40.799766540527344,40.799766540527344,8288400,0.0,0.0
2010-03-01 00:00:00-05:00,40.882835388183594,40.98507432958223,40.68474637278745,40.882835388183594,6320300,0.0,0.0
2010-03-02 00:00:00-05:00,41.164004197812005,41.164004197812005,40.83811823622888,40.94035720825195,6271700,0.0,0.0
2010-03-03 00:00:00-05:00,41.05537060265921,41.11287773114142,40.544175814186595,40.65919494628906,6396100,0.0,0.0
2010-03-04 00:00:00-05:00,40.76142554613877,40.76142554613877,40.44831743126734,40.53138732910156,5958200,0.0,0.0
2010-03-05 00:00:00-05:00,40.71670889090638,40.742266804901675,40.4163808539458,40.684757232666016,8154600,0.0,0.0
2010-03-08 00:00:00-05:00,41.15761238078021,41.87967395977811,41.04259324760781,41.611297607421875,11825600,0.0,0.0
2010-03-09 00:00:00-05:00,41.52822862476408,41.854117007725606,41.43237852681793,41.59851837158203,7126900,0.0,0.0
2010-03-10 00:00:00-05:00,41.54741559282157,41.68799514710329,41.36211149869451,41.496299743652344,6900200,0.0,0.0
2010-03-11 00:00:00-05:00,41.40682291667548,41.66880798339844,41.323750556993325,41.66880798339844,4350400,0.0,0.0
2010-03-12 00:00:00-05:00,41.82856923587813,42.16084902533422,41.764670776410405,41.87329864501953,6601700,0.0,0.0
2010-03-15 00:00:00-04:00,41.9819239704098,42.295034690571676,41.97553753744789,42.1288948059082,5715100,0.0,0.0
2010-03-16 00:00:00-04:00,42.314199568303046,42.32697730810688,42.04582315616977,42.21834945678711,5705600,0.0,0.0
2010-03-17 00:00:00-04:00,42.32059761944432,42.454785846893486,42.09055926520577,42.41644287109375,4818800,0.0,0.0
2010-03-18 00:00:00-04:00,42.47394702082347,42.646473316939,42.4036572658885,42.60813522338867,6206700,0.0,0.0
2010-03-19 00:00:00-04:00,42.51228332519531,42.755104241165476,42.17361717938309,42.51228332519531,10230100,0.0,0.0
2010-03-22 00:00:00-04:00,42.218344170645224,42.97235747828082,42.109716332926695,42.819000244140625,7386400,0.0,0.0
2010-03-23 00:00:00-04:00,42.902070499583104,43.036258697509766,42.70398385623503,43.036258697509766,8057700,0.0,0.0
2010-03-24 00:00:00-04:00,42.80621238477435,42.93401412684418,42.544227345022634,42.68480682373047,6363700,0.0,0.0
2010-03-25 00:00:00-04:00,42.895672732449405,43.093764221103974,42.710363856037404,42.74870681762695,5705600,0.0,0.0
2010-03-26 00:00:00-04:00,42.87011560984743,43.10015389614662,42.76787907990253,42.9787483215332,5984100,0.0,0.0
2010-03-29 00:00:00-04:00,43.10654911997135,43.119331734337635,42.55062239837315,42.85734176635742,6522600,0.0,0.0
2010-03-30 00:00:00-04:00,42.88290540120959,43.12572146621986,42.761494931134784,42.965972900390625,5093500,0.0,0.0
2010-03-31 00:00:00-04:00,42.908461395371724,43.061818637940924,42.57618168214313,42.63369369506836,5765600,0.0,0.0
2010-04-01 00:00:00-04:00,42.85095162315601,43.26629884884116,42.85095162315601,43.183231353759766,5474200,0.0,0.0
2010-04-05 00:00:00-04:00,43.29825311106352,43.57940727483902,43.29825311106352,43.47077941894531,4875200,0.0,0.0
2010-04-06 00:00:00-04:00,43.304643651761864,43.426054134654436,43.22796745215801,43.330204010009766,3318300,0.0,0.0
2010-04-07 00:00:00-04:00,43.32379098928516,43.53465528392961,42.97873367740761,43.2598876953125,6623700,0.0,0.0
2010-04-08 00:00:00-04:00,43.38770899003051,44.109770711518784,43.36853994324201,43.9372444152832,7141000,0.0,0.0
2010-04-09 00:00:00-04:00,43.873326849828814,43.94361169904705,43.541047266488555,43.886104583740234,5622100,0.0,0.0
2010-04-12 00:00:00-04:00,43.94362134592673,43.99474204306875,43.68802761049264,43.79026412963867,4025000,0.0,0.0
2010-04-13 00:00:00-04:00,43.88612106179866,44.12255066659692,43.6496914570004,44.03947830200195,5652600,0.0,0.0
2010-04-14 00:00:00-04:00,44.205617219831744,44.429264206045545,44.12254973213481,44.35897445678711,6193000,0.0,0.0
2010-04-15 00:00:00-04:00,44.28868580468166,44.40370495403219,44.07143011987443,44.192840576171875,4767200,0.0,0.0
2010-04-16 00:00:00-04:00,44.16088861877136,44.26951646044243,43.66247393332644,44.10976791381836,7876100,0.0,0.0
2010-04-19 00:00:00-04:00,44.09059338839621,44.71041845228417,44.084202082286744,44.678466796875,7157900,0.0,0.0
2010-04-20 00:00:00-04:00,44.71681260026052,45.10659454522276,44.69763868071358,44.94684600830078,7340300,0.0,0.0
2010-04-21 00:00:00-04:00,45.12576507509847,45.48999151691577,44.76153863328117,44.959625244140625,10738100,0.0,0.0
2010-04-22 00:00:00-04:00,44.88933411592899,45.66890767348036,44.80626664058618,45.38774871826172,7139600,0.0,0.0
2010-04-23 00:00:00-04:00,45.509164973703484,45.59223245966987,45.208836937699424,45.46443557739258,5923700,0.0,0.0
2010-04-26 00:00:00-04:00,45.56027388502179,45.63695004448786,45.196047502146065,45.381351470947266,6035600,0.0,0.0
2010-04-27 00:00:00-04:00,45.183279343996325,45.579457503458535,44.98519270183465,45.068260192871094,8154400,0.0,0.0
2010-04-28 00:00:00-04:00,45.03630967410447,45.19605821102645,44.57623310774703,44.94684600830078,7589400,0.0,0.0
2010-04-29 00:00:00-04:00,45.10020788908513,45.815878210840374,45.10020788908513,45.70085906982422,7357400,0.0,0.0
2010-04-30 00:00:00-04:00,45.707261734930576,45.822280904529926,44.97880861918128,45.106605529785156,6966600,0.0,0.0
2010-05-03 00:00:00-04:00,45.29190545048717,45.90533927457487,45.144939520050244,45.636962890625,5990600,0.0,0.0
2010-05-04 00:00:00-04:00,45.464442053291144,45.56029216622117,44.92129791354002,45.138553619384766,7240200,0.0,0.0
2010-05-05 00:00:00-04:00,44.98519299692304,45.40692663705608,44.81266183153401,45.15133285522461,9577700,0.0,0.0
2010-05-06 00:00:00-04:00,45.017137676990004,45.681692203981484,43.125715504078265,44.35897445678711,16489600,0.0,0.0
2010-05-07 00:00:00-04:00,44.103376992309194,44.295077199988754,43.080987260008754,43.4579963684082,15280700,0.0,0.0
2010-05-10 00:00:00-04:00,44.77432747515814,45.40054399322871,44.56984950754843,45.100215911865234,10903300,0.0,0.0
2010-05-11 00:00:00-04:00,44.83822818754619,45.43249307262658,44.81266783091333,45.036319732666016,6709900,0.0,0.0
2010-05-12 00:00:00-04:00,45.19606162529925,45.33024982143416,44.82544382160924,45.157718658447266,5655500,0.0,0.0
2010-05-13 00:00:00-04:00,45.183268058626474,45.560277077925875,45.01712824291127,45.04907989501953,5734000,0.0,0.0
2010-05-14 00:00:00-04:00,44.90852086930392,45.01714873570157,44.15450736259934,44.467613220214844,9111400,0.0,0.0
2010-05-17 00:00:00-04:00,44.61457949431468,44.88934722392936,44.31425140902197,44.81905746459961,7467000,0.0,0.0
2010-05-18 00:00:00-04:00,45.06826284673405,45.247180453433636,44.627355262267834,44.742374420166016,6897800,0.0,0.0
2010-05-19 00:00:00-04:00,44.512327407892386,44.69763139037632,44.02669056981985,44.346187591552734,7814300,0.0,0.0
2010-05-20 00:00:00-04:00,43.79666141706488,44.32063644648711,43.215174376718714,43.23434829711914,13571000,0.0,0.0
2010-05-21 00:00:00-04:00,42.857357345783974,43.47718273911447,41.88608793184783,43.36216354370117,12614800,0.0,0.0
2010-05-24 00:00:00-04:00,43.34936256868968,43.77749237180313,42.978749651638836,43.23434829711914,6733300,0.0,0.0
2010-05-25 00:00:00-04:00,42.55061872068481,43.349361419677734,42.3014113886101,43.349361419677734,9257900,0.0,0.0
2010-05-26 00:00:00-04:00,43.38131133587442,43.489939168542655,42.173612813498934,42.18000411987305,11525200,0.0,0.0
2010-05-27 00:00:00-04:00,42.7921583143234,43.30120086669922,42.540852167925664,43.30120086669922,9728000,0.55,0.0
2010-05-28 00:00:00-04:00,43.3269732110032,43.578274425227505,43.01123667038039,43.08856201171875,7164800,0.0,0.0
2010-06-01 00:00:00-04:00,42.676187078981144,43.37209576474506,42.553756468624435,42.759952545166016,5367700,0.0,0.0
2010-06-02 00:00:00-04:00,42.86947114716888,43.68781493965347,42.65683016964771,43.668479919433594,5750400,0.0,0.0
2010-06-03 00:00:00-04:00,43.68781272371765,43.977774103012,43.45584165384238,43.720027923583984,4402500,0.0,0.0
2010-06-04 00:00:00-04:00,43.056333046402465,43.87467184738148,42.86302219081409,42.979007720947266,7558000,0.0,0.0
2010-06-07 00:00:00-04:00,42.940357761923224,43.700706437305975,42.689056539356926,43.01123809814453,9808400,0.0,0.0
2010-06-08 00:00:00-04:00,43.27541624547156,44.10664008953393,42.40552236700344,44.0615348815918,13565800,0.0,0.0
2010-06-09 00:00:00-04:00,44.25484603224761,44.39660666279306,43.842454152169395,43.984214782714844,8921800,0.0,0.0
2010-06-10 00:00:00-04:00,44.448161714976486,44.72523800044787,44.27418095269704,44.699462890625,6743600,0.0,0.0
2010-06-11 00:00:00-04:00,44.370831125067966,44.815443113626664,44.29995081048328,44.808998107910156,5367100,0.0,0.0
2010-06-14 00:00:00-04:00,45.073201479117394,45.09253650361515,44.65436935424804,44.65436935424805,4525300,0.0,0.0
2010-06-15 00:00:00-04:00,45.06675655981203,45.42115331336408,45.008761324732426,45.363162994384766,6419900,0.0,0.0
2010-06-16 00:00:00-04:00,45.14409544204885,45.42761689368701,45.111880223700524,45.292301177978516,4548500,0.0,0.0
2010-06-17 00:00:00-04:00,45.459823490894586,45.47915359936783,44.7059148477322,45.13764190673828,7014900,0.0,0.0
2010-06-18 00:00:00-04:00,45.26648837177818,45.38247387670567,44.98296715615583,45.028072357177734,8817900,0.0,0.0
2010-06-21 00:00:00-04:00,45.27937810954086,45.427583737299166,44.95719666459547,45.05385208129883,5203100,0.0,0.0
2010-06-22 00:00:00-04:00,45.11184380194365,45.34381481761628,44.17107464553726,44.22906494140625,5487700,0.0,0.0
2010-06-23 00:00:00-04:00,44.34506391172788,44.6543603318885,44.119537832496086,44.222633361816406,5443200,0.0,0.0
2010-06-24 00:00:00-04:00,44.09377922548629,44.16465957921827,43.56540153518529,43.64272689819336,5942800,0.0,0.0
2010-06-25 00:00:00-04:00,43.62981705768871,44.00354876828097,43.410736002851515,43.44295120239258,8041700,0.0,0.0
2010-06-28 00:00:00-04:00,43.54606623334028,43.74581725217635,43.33342519748834,43.38497543334961,4427700,0.0,0.0
2010-06-29 00:00:00-04:00,42.921026786791906,43.03701234225338,42.58595521941418,42.824371337890625,8715200,0.0,0.0
2010-06-30 00:00:00-04:00,42.71483376599434,43.06923054852331,42.39909719927926,42.4442024230957,7204900,0.0,0.0
2010-07-01 00:00:00-04:00,42.99189956574698,43.10788510082397,42.083345388293935,42.98545455932617,10924400,0.0,0.0
2010-07-02 00:00:00-04:00,43.01123354529685,43.17232430763878,42.50218614636434,42.61817169189453,5280600,0.0,0.0
2010-07-06 00:00:00-04:00,42.86303659784007,43.23676842234254,42.28955376056256,42.59885025024414,5940700,0.0,0.0
2010-07-07 00:00:00-04:00,42.58595044128352,43.41073925207977,42.527960128109456,43.372074127197266,6623200,0.0,0.0
2010-07-08 00:00:00-04:00,43.68781165913165,44.55770069191671,43.526720915427035,44.47393035888672,7871200,0.0,0.0
2010-07-09 00:00:00-04:00,44.51259947472407,44.67369023288439,44.29995849408849,44.60280990600586,4513000,0.0,0.0
2010-07-12 00:00:00-04:00,44.43527543400384,45.105413597382665,44.43527543400384,45.06675338745117,5420800,0.0,0.0
2010-07-13 00:00:00-04:00,45.38893382834681,45.7948807712251,45.18273785347373,45.64667510986328,6072100,0.0,0.0
2010-07-14 00:00:00-04:00,45.42760226643588,45.73689874282359,45.208521154240984,45.68534851074219,4476100,0.0,0.0
2010-07-15 00:00:00-04:00,45.68534887739821,46.04619067266261,45.38249740661527,45.962425231933594,5470100,0.0,0.0
2010-07-16 00:00:00-04:00,45.852877096724406,45.930197516587384,45.01520316347589,45.06675338745117,5981000,0.0,0.0
2010-07-19 00:00:00-04:00,45.086065437369655,45.350251626272765,44.75099403181209,45.04740524291992,5072700,0.0,0.0
2010-07-20 00:00:00-04:00,44.763913761530745,45.724013584571594,44.74458365147173,45.66602325439453,5474300,0.0,0.0
2010-07-21 00:00:00-04:00,45.7046776259331,45.74978284899936,44.87989359494978,45.176300048828125,5734400,0.0,0.0
2010-07-22 00:00:00-04:00,45.4340398639175,46.09773301638607,45.4340398639175,46.00752258300781,6717900,0.0,0.0
2010-07-23 00:00:00-04:00,45.59513008570066,45.85931637572174,44.422389549575705,45.040977478027344,12238900,0.0,0.0
2010-07-26 00:00:00-04:00,45.13120060095585,45.66602325439453,45.0409901432796,45.66602325439453,5525400,0.0,0.0
2010-07-27 00:00:00-04:00,45.76910997554084,45.76910997554084,45.09897176498933,45.363162994384766,6214900,0.0,0.0
2010-07-28 00:00:00-04:00,45.24073187298471,45.35027241821246,44.69946923814153,44.957210540771484,6708400,0.0,0.0
2010-07-29 00:00:00-04:00,45.23430270901029,45.26652284117432,44.3966333498668,44.70592498779297,5131700,0.0,0.0
2010-07-30 00:00:00-04:00,44.409497252844304,45.09252538306235,44.19685628071699,44.931434631347656,5990300,0.0,0.0
2010-08-02 00:00:00-04:00,45.427604620991225,45.427604620991225,45.06031780155066,45.26651382446289,5873100,0.0,0.0
2010-08-03 00:00:00-04:00,45.240728544674795,45.646675490942116,45.144073105249284,45.3953742980957,4946000,0.0,0.0
2010-08-04 00:00:00-04:00,45.35028144380934,45.71756828086457,45.240740876780855,45.5500373840332,4567100,0.0,0.0
2010-08-05 00:00:00-04:00,45.42759441660416,45.42759441660416,45.002312449571846,45.3953742980957,5441500,0.0,0.0
2010-08-06 00:00:00-04:00,45.208514565004876,46.265269588145806,45.11829921396114,46.22660446166992,6775300,0.0,0.0
2010-08-09 00:00:00-04:00,46.65833589830469,47.25758888069711,46.61967076814032,46.98695755004883,8921200,0.0,0.0
2010-08-10 00:00:00-04:00,46.71632843434845,47.02562490982569,46.3748167509907,46.93540954589844,5689700,0.0,0.0
2010-08-11 00:00:00-04:00,46.40057140538459,46.60032232090063,46.071944966875506,46.11705017089844,5478000,0.0,0.0
2010-08-12 00:00:00-04:00,45.77555213821423,46.49079552444414,45.77555213821423,46.43280029296875,5641400,0.0,0.0
2010-08-13 00:00:00-04:00,46.19438300372111,46.69698533495585,46.19438300372111,46.3232536315918,5937300,0.0,0.0
2010-08-16 00:00:00-04:00,46.23950472939282,46.471475875287354,46.097744038446045,46.25883483886719,4935700,0.0,0.0
2010-08-17 00:00:00-04:00,46.44569754288748,47.45090249479512,46.2266115131046,47.18027114868164,7392900,0.0,0.0
2010-08-18 00:00:00-04:00,47.186703678984564,47.5668754814087,46.90962739806041,47.199588775634766,6030800,0.0,0.0
2010-08-19 00:00:00-04:00,47.13515439029813,47.29624514015144,46.68409734104914,47.019168853759766,6950500,0.0,0.0
2010-08-20 00:00:00-04:00,46.95474551328577,47.167381621091316,46.83231493901834,47.09006118774414,5566300,0.0,0.0
2010-08-23 00:00:00-04:00,47.37999887221326,47.64418999652774,47.251128270561225,47.257568359375,5404300,0.0,0.0
2010-08-24 00:00:00-04:00,46.8774081062945,47.10293417238323,46.51656640055254,46.85807800292969,5846200,0.0,0.0
2010-08-25 00:00:00-04:00,46.58745924850381,47.328472962571574,46.58745924850381,47.16094207763672,6704600,0.0,0.0
2010-08-26 00:00:00-04:00,47.48312086596699,47.52822608865391,47.10938906878935,47.14160919189453,5215600,0.0,0.0
2010-08-27 00:00:00-04:00,47.34134033465038,47.72795706925898,46.948278594903734,47.67640686035156,6592900,0.0,0.0
2010-08-30 00:00:00-04:00,47.59203760418545,47.695910207616244,47.22200012207031,47.22200012207031,4192900,0.55,0.0
2010-08-31 00:00:00-04:00,47.10513886861123,47.598523755217215,47.098650546556776,47.42973327636719,5598100,0.0,0.0
2010-09-01 00:00:00-04:00,47.9880459596061,48.42949464339449,47.858210150870114,48.39054489135742,6746800,0.0,0.0
2010-09-02 00:00:00-04:00,48.52686961616374,48.728116587497624,48.228243320568296,48.7021484375,5885200,0.0,0.0
2010-09-03 00:00:00-04:00,48.624238985843846,48.91637194590351,48.31262620258533,48.747581481933594,7328100,0.0,0.0
2010-09-07 00:00:00-04:00,48.6696608405497,49.325342588157746,48.64369270715864,49.20848846435547,7188700,0.0,0.0
2010-09-08 00:00:00-04:00,49.29939184008686,49.507132027559464,49.17604440120987,49.39027786254883,6808700,0.0,0.0
2010-09-09 00:00:00-04:00,48.26069824350709,49.39029044399573,47.81925456647872,48.28017807006836,14615200,0.0,0.0
2010-09-10 00:00:00-04:00,48.163313631025915,48.77354767136327,48.1568203568866,48.695648193359375,7483900,0.0,0.0
2010-09-13 00:00:00-04:00,48.8514483495513,48.90987295356609,48.04645577020922,48.40999984741211,7851500,0.0,0.0
2010-09-14 00:00:00-04:00,48.34508393264035,48.4100018129314,47.91661700746918,48.001014709472656,6543500,0.0,0.0
2010-09-15 00:00:00-04:00,47.858200904819384,48.57880089579929,47.85170762976148,48.50089645385742,4549400,0.0,0.0
2010-09-16 00:00:00-04:00,48.442464374029086,48.624236424305266,48.26718064489355,48.55931854248047,5073300,0.0,0.0
2010-09-17 00:00:00-04:00,48.429479423214744,48.55282686979193,48.124359920366174,48.24770736694336,7933500,0.0,0.0
2010-09-20 00:00:00-04:00,48.24771078648455,48.91637444926721,48.23472918993812,48.76057052612305,4211200,0.0,0.0
2010-09-21 00:00:00-04:00,48.89688573390062,49.17603703332856,48.61124116157918,49.020233154296875,5297300,0.0,0.0
2010-09-22 00:00:00-04:00,48.92285223618882,49.195510253603416,48.689143949000346,48.773536682128906,5141600,0.0,0.0
2010-09-23 00:00:00-04:00,48.793021393440995,48.96830014995252,48.41649078710797,48.455440521240234,5921600,0.0,0.0
2010-09-24 00:00:00-04:00,48.94884419250346,48.974812342928935,48.65021789198783,48.754085540771484,5843400,0.0,0.0
2010-09-27 00:00:00-04:00,48.83846372304354,48.94233133026005,48.52685099556146,48.53334426879883,5957400,0.0,0.0
2010-09-28 00:00:00-04:00,48.66317752140118,48.66317752140118,48.182779337704645,48.448944091796875,7047500,0.0,0.0
2010-09-29 00:00:00-04:00,48.41002345095772,48.52687766887914,48.234744600535095,48.33211898803711,4668100,0.0,0.0
2010-09-30 00:00:00-04:00,48.3775515549058,48.669689512974124,47.95558275922587,48.371063232421875,7237700,0.0,0.0
2010-10-01 00:00:00-04:00,48.715142010049014,48.81900967209132,48.390547517673625,48.637237548828125,7192400,0.0,0.0
2010-10-04 00:00:00-04:00,48.630733127353,48.77355049627094,48.299645467909336,48.65669631958008,3900300,0.0,0.0
2010-10-05 00:00:00-04:00,48.9423376026495,49.3123749779426,48.85145157734361,49.22148895263672,5680000,0.0,0.0
2010-10-06 00:00:00-04:00,49.20202328614521,49.30589092610079,48.948840032163574,49.05270767211914,4732700,0.0,0.0
2010-10-07 00:00:00-04:00,49.02024433767268,49.33185216682561,49.02024433767268,49.247459411621094,4477200,0.0,0.0
2010-10-08 00:00:00-04:00,49.27992440217959,49.53959596098788,49.10464065177474,49.40326690673828,4118200,0.0,0.0
2010-10-11 00:00:00-04:00,49.34485244859398,49.50065640653178,48.864449069498114,49.07218933105469,3653400,0.0,0.0
2010-10-12 00:00:00-04:00,49.15008948761888,49.22150066061916,48.61126152876883,49.065696716308594,4703500,0.0,0.0
2010-10-13 00:00:00-04:00,49.266930486689546,49.383784651849645,48.955322681540444,49.17604446411133,4370700,0.0,0.0
2010-10-14 00:00:00-04:00,49.18903150700824,50.0459604954549,49.12411361982175,50.01350402832031,6616400,0.0,0.0
2010-10-15 00:00:00-04:00,50.292655284991426,50.48740894610225,49.94209275149119,50.29914855957031,6259200,0.0,0.0
2010-10-18 00:00:00-04:00,50.33810049718682,50.59777700958016,50.091410534517784,50.19527816772461,5375200,0.0,0.0
2010-10-19 00:00:00-04:00,50.039466699009814,50.390029194962935,49.779790225757495,49.98103713989258,5226000,0.0,0.0
2010-10-20 00:00:00-04:00,50.16281308835533,50.72760909015594,50.09789520322032,50.25370407104492,6420300,0.0,0.0
2010-10-21 00:00:00-04:00,50.92237854003906,51.59753558560431,50.812012663603376,50.92237854003906,7697000,0.0,0.0
2010-10-22 00:00:00-04:00,50.66919901583411,51.12362929506728,50.53935825539708,50.99379348754883,4224000,0.0,0.0
2010-10-25 00:00:00-04:00,51.279409863836094,51.44820029895207,51.04570155457285,51.09114456176758,4103000,0.0,0.0
2010-10-26 00:00:00-04:00,51.01973441382372,51.285904141833115,51.0132460933233,51.13010025024414,4030200,0.0,0.0
2010-10-27 00:00:00-04:00,50.93535078661655,51.0392233682095,49.98753576770878,50.29914855957031,8459200,0.0,0.0
2010-10-28 00:00:00-04:00,50.454952479042426,50.48740894610225,50.065440203903485,50.29914855957031,5346300,0.0,0.0
2010-10-29 00:00:00-04:00,50.377042977471085,51.87017899377344,50.247207216452104,50.487403869628906,4335000,0.0,0.0
2010-11-01 00:00:00-04:00,50.675665344961246,51.045702683996005,50.227728536392696,50.55881118774414,4957800,0.0,0.0
2010-11-02 00:00:00-04:00,50.88993769084171,51.130139462312655,50.812033208843516,50.89643096923828,3701400,0.0,0.0
2010-11-03 00:00:00-04:00,50.90287911592964,51.09763271887164,50.519855276853505,50.9613037109375,4060500,0.0,0.0
2010-11-04 00:00:00-04:00,51.36380981638418,51.59102486234874,51.18203282669601,51.40275955200195,5607000,0.0,0.0
2010-11-05 00:00:00-04:00,51.53908408319284,51.53908408319284,51.15606517525611,51.48065948486328,5243200,0.0,0.0
2010-11-08 00:00:00-05:00,51.24696685103415,51.54559311280776,51.09115796869501,51.48716354370117,4865700,0.0,0.0
2010-11-09 00:00:00-05:00,51.409240547026585,51.44819027334163,51.09762787776019,51.35081100463867,4534300,0.0,0.0
2010-11-10 00:00:00-05:00,51.33136038587842,51.6624480746789,51.06519554215396,51.610511779785156,4009900,0.0,0.0
2010-11-11 00:00:00-05:00,51.51962698665592,51.83772813297032,51.49365883858077,51.74034881591797,4438900,0.0,0.0
2010-11-12 00:00:00-05:00,51.48067937562394,51.57805374379607,50.72761790897273,51.188541412353516,4946900,0.0,0.0
2010-11-15 00:00:00-05:00,51.27293143645344,51.53260298314555,51.13659743564763,51.331356048583984,3741600,0.0,0.0
2010-11-16 00:00:00-05:00,51.026247428499715,51.05221557929728,50.06545061358126,50.26020431518555,6751400,0.0,0.0
2010-11-17 00:00:00-05:00,50.26669115352189,50.974304598688775,50.26669115352189,50.876930236816406,5272800,0.0,0.0
2010-11-18 00:00:00-05:00,51.04571734968955,51.59753183298058,51.04571734968955,51.29890060424805,11083200,0.0,0.0
2010-11-19 00:00:00-05:00,51.36382851647224,51.71439112341152,51.130120111846054,51.7014045715332,10866000,0.0,0.0
2010-11-22 00:00:00-05:00,51.526099795636476,51.62996739376285,51.32484796622115,51.62347412109375,10939500,0.0,0.0
2010-11-23 00:00:00-05:00,51.31837613560634,51.41575049235103,50.92237057511984,51.29240798950195,5460400,0.0,0.0
2010-11-24 00:00:00-05:00,51.52612300690594,51.720876698468146,51.448218558530215,51.5975341796875,4465100,0.0,0.0
2010-11-26 00:00:00-05:00,51.44171191445064,51.46118678325399,50.987281799316406,50.987281799316406,2576700,0.0,0.0
2010-11-29 00:00:00-05:00,50.993819775789746,51.34058217489502,50.47694573104749,51.20318603515625,4977600,0.61,0.0
2010-11-30 00:00:00-05:00,50.87604837759123,51.510691223206855,50.705936740531804,51.22935485839844,5558300,0.0,0.0
2010-12-01 00:00:00-05:00,51.77896033742841,52.06684091788904,51.75278892177861,51.87710189819336,5323300,0.0,0.0
2010-12-02 00:00:00-05:00,51.99486104320833,52.11262989575129,51.83129346977012,51.93597412109375,4994400,0.0,0.0
2010-12-03 00:00:00-05:00,51.89018378469854,52.204235772786866,51.72007707485075,52.184608459472656,3611200,0.0,0.0
2010-12-06 00:00:00-05:00,52.13882273080095,52.302390371450535,51.949083668644846,52.06685256958008,3113700,0.0,0.0
2010-12-07 00:00:00-05:00,52.315443153725596,52.95663012842724,52.2761885401449,52.564064025878906,7729000,0.0,0.0
2010-12-08 00:00:00-05:00,51.57612553572539,51.65463477185354,51.11159425245215,51.51723861694336,9359700,0.0,0.0
2010-12-09 00:00:00-05:00,51.818191607296285,51.824735706180675,50.673218895087345,50.77790451049805,10593300,0.0,0.0
2010-12-10 00:00:00-05:00,50.804091850598525,50.928399818285605,50.58818144485075,50.74520492553711,5321100,0.0,0.0
2010-12-13 00:00:00-05:00,50.86297895587009,50.87606715907523,50.43116309215269,50.45079040527344,6926500,0.0,0.0
2010-12-14 00:00:00-05:00,50.41153577903194,50.62090210513154,50.31993832334379,50.45079040527344,6040400,0.0,0.0
2010-12-15 00:00:00-05:00,50.52928638067072,50.67322162207902,50.3199201302671,50.365718841552734,6125800,0.0,0.0
2010-12-16 00:00:00-05:00,50.50312358023022,50.50312358023022,50.071302807375396,50.18907165527344,6483700,0.0,0.0
2010-12-17 00:00:00-05:00,50.189060070628436,50.35262759986071,50.13017815611355,50.254486083984375,8998800,0.0,0.0
2010-12-20 00:00:00-05:00,50.346096731382836,50.418066862492736,50.261043390837585,50.32646942138672,4759200,0.0,0.0
2010-12-21 00:00:00-05:00,50.47040341659326,50.47040341659326,50.05821498279847,50.287208557128906,4286100,0.0,0.0
2010-12-22 00:00:00-05:00,50.40497658092393,50.62088694396004,50.31992325231219,50.38534927368164,3518100,0.0,0.0
2010-12-23 00:00:00-05:00,50.38534993688972,50.45077595912036,50.22178238547037,50.35263442993164,2862600,0.0,0.0
2010-12-27 00:00:00-05:00,50.20216919143989,50.21525240288993,49.875033996632794,50.00588607788086,2612600,0.0,0.0
2010-12-28 00:00:00-05:00,50.012430179449346,50.123654947678894,49.68529498464225,50.00588607788086,2962900,0.0,0.0
2010-12-29 00:00:00-05:00,50.21524140062964,50.705944085326344,50.13672717407126,50.37226486206055,3583900,0.0,0.0
2010-12-30 00:00:00-05:00,50.287231624947125,50.4115446187596,50.06477705663469,50.221805572509766,2565000,0.0,0.0
2010-12-31 00:00:00-05:00,50.18909005044716,50.287231624947125,49.9470081655723,50.221805572509766,2485100,0.0,0.0
2011-01-03 00:00:00-05:00,50.44423488441916,50.76482590675427,50.11709976196289,50.11709976196289,8019700,0.0,0.0
2011-01-04 00:00:00-05:00,49.55443461438529,49.66566436690062,48.48797574728297,48.61882781982422,36471600,0.0,0.0
2011-01-05 00:00:00-05:00,48.86089585947613,49.004836093672786,48.618814102719476,48.84781265258789,17904000,0.0,0.0
2011-01-06 00:00:00-05:00,49.00484238434351,49.031013793164774,48.468340982722225,48.55339431762695,11717100,0.0,0.0
2011-01-07 00:00:00-05:00,48.64499666780877,48.79548103581469,48.147749833334025,48.658084869384766,11271900,0.0,0.0
2011-01-10 00:00:00-05:00,48.57958006643257,48.71697625953718,48.10196044990839,48.12813186645508,11338600,0.0,0.0
2011-01-11 00:00:00-05:00,48.31131488242156,48.73659156102665,48.13466410388293,48.3505744934082,8658800,0.0,0.0
2011-01-12 00:00:00-05:00,48.658095550243615,48.658095550243615,48.0627070400015,48.15430450439453,10378500,0.0,0.0
2011-01-13 00:00:00-05:00,48.04958994598172,48.12156004464038,47.40840315566381,47.545799255371094,14512600,0.0,0.0
2011-01-14 00:00:00-05:00,47.3691787584971,48.49452466417635,47.19906705395121,48.455265045166016,10570000,0.0,0.0
2011-01-18 00:00:00-05:00,48.84126975755009,49.305800984656905,48.618815301483465,48.860897064208984,11228500,0.0,0.0
2011-01-19 00:00:00-05:00,49.1356954357941,49.35814991945487,48.90670184355943,49.29926300048828,10696700,0.0,0.0
2011-01-20 00:00:00-05:00,49.32543664638828,49.554430249006124,48.86090534059604,49.174957275390625,8290300,0.0,0.0
2011-01-21 00:00:00-05:00,49.56096747809206,49.56096747809206,48.83472715927627,49.07680892944336,9825900,0.0,0.0
2011-01-24 00:00:00-05:00,48.57956603287766,49.626397433902156,48.51414000625472,49.31888961791992,16395500,0.0,0.0
2011-01-25 00:00:00-05:00,49.42357773972817,49.51517517994453,49.070271188171006,49.38432312011719,6959800,0.0,0.0
2011-01-26 00:00:00-05:00,49.45628414962382,49.53479837400831,49.16840864358541,49.18149185180664,6669000,0.0,0.0
2011-01-27 00:00:00-05:00,49.35161751743911,49.364700729374064,48.63846017064991,48.64500427246094,7610900,0.0,0.0
2011-01-28 00:00:00-05:00,48.6580767017747,48.89361437374254,47.7944402351211,47.94491958618164,9083500,0.0,0.0
2011-01-31 00:00:00-05:00,48.28516211454484,48.40293099742666,47.99073741149656,48.200103759765625,6372400,0.0,0.0
2011-02-01 00:00:00-05:00,48.55994330354527,48.58611471499973,47.892584790672316,48.06924057006836,8468900,0.0,0.0
2011-02-02 00:00:00-05:00,48.08230892474167,48.25896464955925,47.81406077566079,48.180450439453125,5841900,0.0,0.0
2011-02-03 00:00:00-05:00,48.31132579236498,48.592662274819595,48.29169847828234,48.304786682128906,11126100,0.0,0.0
2011-02-04 00:00:00-05:00,48.23936411728902,48.7431501845994,48.1804771791066,48.44873046875,9699700,0.0,0.0
2011-02-07 00:00:00-05:00,48.501048654846585,48.64498889907688,47.95800817663985,48.05614471435547,11618600,0.0,0.0
2011-02-08 00:00:00-05:00,48.658082837253076,49.70491429372819,48.546853095247805,49.305809020996094,11855200,0.0,0.0
2011-02-09 00:00:00-05:00,49.39739366198577,49.71798462053088,49.18802742494011,49.67873001098633,5845000,0.0,0.0
2011-02-10 00:00:00-05:00,49.71145658286591,49.93390607539861,49.41703197066645,49.5675163269043,5437100,0.0,0.0
2011-02-11 00:00:00-05:00,49.59368592209903,49.875022323454225,49.40394695451661,49.81613540649414,4597900,0.0,0.0
2011-02-14 00:00:00-05:00,49.77034034363072,50.018961254740624,49.613316873018476,49.88156509399414,4512800,0.0,0.0
2011-02-15 00:00:00-05:00,49.63950555574925,49.947008503453844,49.593706819564495,49.82270050048828,3823000,0.0,0.0
2011-02-16 00:00:00-05:00,49.90772148372987,49.946976091647,49.567503234517254,49.73760986328125,4058200,0.0,0.0
2011-02-17 00:00:00-05:00,49.665665202893656,49.80960048843717,49.52826403521997,49.711463928222656,4338400,0.0,0.0
2011-02-18 00:00:00-05:00,49.77687887043483,49.93390232346454,49.312347619444644,49.80958938598633,5446900,0.0,0.0
2011-02-22 00:00:00-05:00,49.69183067819925,50.01242674108375,49.410494230339616,49.528263092041016,7034000,0.0,0.0
2011-02-23 00:00:00-05:00,49.70491391195375,50.018960850641086,48.802017731933965,49.194583892822266,7034000,0.0,0.0
2011-02-24 00:00:00-05:00,49.057181325823706,49.28617489530895,48.775844942831704,49.20766067504883,7297100,0.0,0.0
2011-02-25 00:00:00-05:00,49.40557094090696,49.69580050640256,49.08895092195192,49.10214614868164,6499000,0.61,0.0
2011-02-28 00:00:00-05:00,49.14831225430347,50.04539630674239,49.14831225430347,49.920066833496094,11324600,0.0,0.0
2011-03-01 00:00:00-05:00,49.9398446606896,50.07177171998676,49.28022446171206,49.398956298828125,9067200,0.0,0.0
2011-03-02 00:00:00-05:00,49.247241010019216,49.33958742503515,48.57442566347208,49.26702880859375,7835300,0.0,0.0
2011-03-03 00:00:00-05:00,49.64303403747276,50.54671078877821,49.58366558298671,50.289459228515625,7390100,0.0,0.0
2011-03-04 00:00:00-05:00,50.203703145610014,50.52691569451811,49.840909955251355,50.15093231201172,5416400,0.0,0.0
2011-03-07 00:00:00-05:00,50.38178924489663,50.94906302153029,50.09155977795815,50.322425842285156,7954100,0.0,0.0
2011-03-08 00:00:00-05:00,49.95303099450971,50.164109219324345,49.451718323386764,49.827701568603516,8950300,0.0,0.0
2011-03-09 00:00:00-05:00,49.92004288080628,50.13112108407073,49.60342305965893,49.98600387573242,5337800,0.0,0.0
2011-03-10 00:00:00-05:00,49.89368325273532,50.95567242695238,49.662817134971604,50.579689025878906,8157900,0.0,0.0
2011-03-11 00:00:00-05:00,50.3685905794444,50.81713244287457,50.13112694395184,50.61265182495117,4448900,0.0,0.0
2011-03-14 00:00:00-04:00,50.197092831324014,50.40157850164807,49.77493633436826,49.913455963134766,7988500,0.0,0.0
2011-03-15 00:00:00-04:00,49.141726992404834,49.91348176555818,49.03618529735566,49.55069351196289,6933600,0.0,0.0
2011-03-16 00:00:00-04:00,49.29999959733925,49.30659720673487,48.2643963522905,48.402915954589844,10583900,0.0,0.0
2011-03-17 00:00:00-04:00,48.8976654677071,48.937246119498404,48.231452391364265,48.41614532470703,6126100,0.0,0.0
2011-03-18 00:00:00-04:00,48.46889317165483,48.67337381760646,48.07971464750199,48.14567565917969,9184100,0.0,0.0
2011-03-21 00:00:00-04:00,48.48207707777649,48.96360196237363,48.402920854520225,48.65357971191406,5353700,0.0,0.0
2011-03-22 00:00:00-04:00,48.81189933496098,49.00978742634724,48.501877006957336,48.72615051269531,4498800,0.0,0.0
2011-03-23 00:00:00-04:00,48.64699223169365,49.240651448479326,48.59422140520092,49.161495208740234,5057900,0.0,0.0
2011-03-24 00:00:00-04:00,49.20767807630201,49.47152722801891,49.13511943376726,49.42535400390625,4306800,0.0,0.0
2011-03-25 00:00:00-04:00,49.471523753828386,49.96623899136667,49.313216286917154,49.63642883300781,4652000,0.0,0.0
2011-03-28 00:00:00-04:00,49.8343010979821,49.88706688184175,49.47150802612305,49.47150802612305,3081600,0.0,0.0
2011-03-29 00:00:00-04:00,49.385762283239316,49.76833814430609,49.385762283239316,49.715572357177734,3008700,0.0,0.0
2011-03-30 00:00:00-04:00,49.80132911584764,50.15752465647064,49.774943701819666,50.00580978393555,3479500,0.0,0.0
2011-03-31 00:00:00-04:00,50.02559330287332,50.42796202546654,49.9728275118386,50.19049835205078,4505700,0.0,0.0
2011-04-01 00:00:00-04:00,50.32902793938943,50.46094997861982,50.04539102579117,50.124542236328125,3889000,0.0,0.0
2011-04-04 00:00:00-04:00,50.335618760551995,50.46094821619581,50.223484527872294,50.388389587402344,3283100,0.0,0.0
2011-04-05 00:00:00-04:00,50.302655601807224,50.61927059126925,50.11136507244268,50.52692413330078,4274100,0.0,0.0
2011-04-06 00:00:00-04:00,50.64565089842563,50.73140476681183,50.43457258259684,50.606075286865234,5657400,0.0,0.0
2011-04-07 00:00:00-04:00,50.3554196286199,50.61926879883165,49.90688258151557,50.13774871826172,5414400,0.0,0.0
2011-04-08 00:00:00-04:00,50.296039931411705,50.38178874516756,49.98601763417503,50.15752029418945,3693100,0.0,0.0
2011-04-11 00:00:00-04:00,50.236676179689404,50.460944629106365,50.13113453349129,50.29603958129883,3940500,0.0,0.0
2011-04-12 00:00:00-04:00,50.01900793800929,50.76437705608697,50.01900793800929,50.56649398803711,4769000,0.0,0.0
2011-04-13 00:00:00-04:00,50.770979148793465,51.094191711218436,50.46095677906785,50.71820831298828,4862700,0.0,0.0
2011-04-14 00:00:00-04:00,50.60607464669236,50.9358848255342,50.42797433191556,50.83694076538086,3488700,0.0,0.0
2011-04-15 00:00:00-04:00,50.98204132700284,51.14694636233439,50.56648244966815,51.041404724121094,4605700,0.0,0.0
2011-04-18 00:00:00-04:00,50.7181975998063,51.02821990404604,50.39498510565336,50.79075622558594,4937700,0.0,0.0
2011-04-19 00:00:00-04:00,50.71161704923772,50.79077331285548,50.414789867554006,50.52692413330078,4810600,0.0,0.0
2011-04-20 00:00:00-04:00,50.90948454766098,51.720819565097905,50.90288693690877,51.7142219543457,7964800,0.0,0.0
2011-04-21 00:00:00-04:00,51.05461591206136,51.24590641677077,50.46095659270523,50.73140335083008,9424100,0.0,0.0
2011-04-25 00:00:00-04:00,50.889705843980124,50.95566686578467,50.48733706871799,50.87651062011719,3831600,0.0,0.0
2011-04-26 00:00:00-04:00,50.92267636648148,51.01502278995805,50.49392727141283,50.75117874145508,4900000,0.0,0.0
2011-04-27 00:00:00-04:00,51.06121072814373,51.423998879961786,50.79736159704649,51.3646354675293,5745100,0.0,0.0
2011-04-28 00:00:00-04:00,51.45037745117403,51.74061196001748,51.133757529480896,51.47016525268555,3991900,0.0,0.0
2011-04-29 00:00:00-04:00,51.47674338330295,51.839531349561845,51.29864317209317,51.65483856201172,4500000,0.0,0.0
2011-05-02 00:00:00-04:00,51.714235861851755,52.06383383819879,51.68125283172308,51.87254333496094,4021700,0.0,0.0
2011-05-03 00:00:00-04:00,51.86593363090442,52.169358313836085,51.786782429054306,52.07041931152344,4446300,0.0,0.0
2011-05-04 00:00:00-04:00,52.05062946750258,52.31447350664775,51.9912610359432,52.156166076660156,5493400,0.0,0.0
2011-05-05 00:00:00-04:00,52.004453065473314,52.22872654568729,51.58229654889687,51.84614562988281,6407800,0.0,0.0
2011-05-06 00:00:00-04:00,51.997863224524096,52.3540587477322,51.87913138345473,51.912109375,6076200,0.0,0.0
2011-05-09 00:00:00-04:00,52.41342004885495,52.650883721465135,52.16276618665652,52.314476013183594,6284700,0.0,0.0
2011-05-10 00:00:00-04:00,52.45301294906007,52.67068889282577,52.28810784605654,52.57834243774414,4375800,0.0,0.0
2011-05-11 00:00:00-04:00,52.558541552454244,52.74983202824009,52.22213381693409,52.446407318115234,4304800,0.0,0.0
2011-05-12 00:00:00-04:00,52.30786487648434,53.23792640381479,52.182535473599025,53.20494842529297,6400000,0.0,0.0
2011-05-13 00:00:00-04:00,53.15878835698882,53.36987164764325,53.020268721873826,53.25773239135742,5220900,0.0,0.0
2011-05-16 00:00:00-04:00,53.05987033103081,53.59416128233631,53.05987033103081,53.521602630615234,6244100,0.0,0.0
2011-05-17 00:00:00-04:00,53.23134940607283,53.620527950325666,53.05985177335396,53.38306427001953,6471600,0.0,0.0
2011-05-18 00:00:00-04:00,53.36327354588504,53.7590446472168,53.25113932313319,53.7590446472168,4373100,0.0,0.0
2011-05-19 00:00:00-04:00,53.82501698975272,54.504425112691116,53.67330713468101,54.42527389526367,5909600,0.0,0.0
2011-05-20 00:00:00-04:00,54.609947002145894,54.64952259652722,54.082248925386295,54.306522369384766,4790700,0.0,0.0
2011-05-23 00:00:00-04:00,53.77884197609753,54.55059651531152,53.75245656033336,54.41867446899414,6550800,0.0,0.0
2011-05-24 00:00:00-04:00,54.51761445727838,54.801251364976984,54.35930700699405,54.511016845703125,6309900,0.0,0.0
2011-05-25 00:00:00-04:00,54.46483770542723,54.74187697141644,54.42526210528665,54.56378173828125,6589800,0.0,0.0
2011-05-26 00:00:00-04:00,54.66273591485404,54.72869693816286,54.22078649042757,54.372501373291016,7160900,0.0,0.0
2011-05-27 00:00:00-04:00,54.57849655913095,54.62501400989033,54.006993552646065,54.239585876464844,5443300,0.61,0.0
2011-05-31 00:00:00-04:00,54.57850304879976,54.65824943245034,54.01364677383669,54.18642807006836,7161400,0.0,0.0
2011-06-01 00:00:00-04:00,54.139934317801846,54.31935742204414,53.814311981201165,53.81431198120117,5700100,0.0,0.0
2011-06-02 00:00:00-04:00,53.79433589833054,54.00698780345345,53.46871377767825,53.66143035888672,4764400,0.0,0.0
2011-06-03 00:00:00-04:00,53.22947522816193,53.79433132783866,53.16966926149987,53.521873474121094,5752100,0.0,0.0
2011-06-06 00:00:00-04:00,53.561770622231066,54.139920602818215,53.44880036039946,53.62822341918945,6132800,0.0,0.0
2011-06-07 00:00:00-04:00,53.86082159132312,54.644976847606,53.80101051862814,53.92062759399414,7248900,0.0,0.0
2011-06-08 00:00:00-04:00,53.2826511235508,54.15984098330155,53.16303409403833,53.92725372314453,7867600,0.0,0.0
2011-06-09 00:00:00-04:00,53.92726280644655,54.23294969557336,53.57505845745312,54.000362396240234,4540200,0.0,0.0
2011-06-10 00:00:00-04:00,53.9671429471608,54.080113216680004,53.349122260347116,53.402286529541016,5466200,0.0,0.0
2011-06-13 00:00:00-04:00,53.44878038193144,54.040218672828864,53.42219825907946,53.64814376831055,4376000,0.0,0.0
2011-06-14 00:00:00-04:00,53.86742586510193,54.392411271371785,53.69464970862357,54.139888763427734,5246300,0.0,0.0
2011-06-15 00:00:00-04:00,53.97377201895343,54.41901121964619,53.90067244032959,53.987060546875,5353600,0.0,0.0
2011-06-16 00:00:00-04:00,54.080119785347975,54.44561784292035,53.761144271488796,54.36587142944336,5258800,0.0,0.0
2011-06-17 00:00:00-04:00,54.63830342802485,54.9705723566117,54.39242259566284,54.83766174316406,7279500,0.0,0.0
2011-06-20 00:00:00-04:00,54.704772172019446,55.136722919304326,54.56521978967011,54.950653076171875,4792800,0.0,0.0
2011-06-21 00:00:00-04:00,55.00380990567653,55.20317334048697,54.81774007053227,55.02375030517578,5818300,0.0,0.0
2011-06-22 00:00:00-04:00,55.05695490748126,55.216442557533284,54.81107916990544,54.924049377441406,4543200,0.0,0.0
2011-06-23 00:00:00-04:00,54.531979945220755,54.7180497511137,54.09338755561908,54.6848258972168,6677400,0.0,0.0
2011-06-24 00:00:00-04:00,54.6848177658153,54.92405178639657,54.30603141156517,54.385772705078125,6467700,0.0,0.0
2011-06-27 00:00:00-04:00,54.166491188182206,54.82438235685825,54.166491188182206,54.70476531982422,4528800,0.0,0.0
2011-06-28 00:00:00-04:00,54.79778826367987,56.09364006024707,54.77120614236338,56.05376434326172,8545100,0.0,0.0
2011-06-29 00:00:00-04:00,56.093627779907216,56.25976219924822,55.88761765231069,56.199951171875,7181000,0.0,0.0
2011-06-30 00:00:00-04:00,56.286362777210364,56.42592020942139,55.98067592622223,56.03384017944336,4968000,0.0,0.0
2011-07-01 00:00:00-04:00,55.92752991034293,57.010725207129184,55.92088310961984,56.91769027709961,5829700,0.0,0.0
2011-07-05 00:00:00-04:00,56.758196534799,57.14362474549319,56.705032274695355,56.91103744506836,5093000,0.0,0.0
2011-07-06 00:00:00-04:00,56.911047954593656,57.336351973916145,56.68510741246401,57.057247161865234,5810300,0.0,0.0
2011-07-07 00:00:00-04:00,57.150261488063535,57.342978094507316,56.92432102741896,57.19013214111328,6072300,0.0,0.0
2011-07-08 00:00:00-04:00,56.88444137573242,57.08380476725652,56.651854132302084,56.88444137573242,5200100,0.0,0.0
2011-07-11 00:00:00-04:00,56.698379796475045,57.05723091120227,56.552180630842955,56.71831512451172,5288300,0.0,0.0
2011-07-12 00:00:00-04:00,56.61863638850239,57.18349775266646,56.46579548551088,56.47908401489258,5498200,0.0,0.0
2011-07-13 00:00:00-04:00,56.65184972633947,56.99076543756341,56.35945146018382,56.45913314819336,6545200,0.0,0.0
2011-07-14 00:00:00-04:00,57.16356591379487,57.45596430420545,56.85787899201262,57.02401351928711,6764400,0.0,0.0
2011-07-15 00:00:00-04:00,57.0705253643266,57.18350068496624,56.43256945081559,56.80471420288086,5892000,0.0,0.0
2011-07-18 00:00:00-04:00,56.8047053897453,57.103745434987744,56.585406652555704,56.75154113769531,5408100,0.0,0.0
2011-07-19 00:00:00-04:00,56.950920986257024,57.32306582113113,56.85788604504451,57.28983688354492,4672200,0.0,0.0
2011-07-20 00:00:00-04:00,57.29646135656686,57.535695417890395,57.0838094209484,57.32968521118164,4114100,0.0,0.0
2011-07-21 00:00:00-04:00,57.59550523824948,57.8413861148983,57.163554539281506,57.509117126464844,6107200,0.0,0.0
2011-07-22 00:00:00-04:00,58.811619358848276,59.522674892928336,58.77174869694459,58.85149002075195,11408600,0.0,0.0
2011-07-25 00:00:00-04:00,58.45274591726636,59.143865857031976,58.333128907114215,58.55907440185547,5346000,0.0,0.0
2011-07-26 00:00:00-04:00,58.51920831570748,58.77837770201878,58.3663674314839,58.49262619018555,4729100,0.0,0.0
2011-07-27 00:00:00-04:00,58.42617864733899,58.598959943704585,57.867969171419745,57.874610900878906,6668100,0.0,0.0
2011-07-28 00:00:00-04:00,57.808154349633355,58.326493134935234,57.595502410278165,57.668601989746094,4864300,0.0,0.0
2011-07-29 00:00:00-04:00,57.24994716360853,57.715121714876695,57.03064841657253,57.46924591064453,5707000,0.0,0.0
2011-08-01 00:00:00-04:00,58.14043375747516,58.14043375747516,56.884457223030324,57.40944290161133,4400300,0.0,0.0
2011-08-02 00:00:00-04:00,57.17682674969031,57.53567773136445,56.50564222452087,56.525577545166016,5604800,0.0,0.0
2011-08-03 00:00:00-04:00,56.558830058812205,57.024004634695146,56.4857304725988,56.844581604003906,7635100,0.0,0.0
2011-08-04 00:00:00-04:00,56.74489305716212,57.45594843470036,55.987320227636225,56.00725555419922,10708800,0.0,0.0
2011-08-05 00:00:00-04:00,56.2930251607106,56.837946232029275,54.99053101633971,56.53890609741211,12502600,0.0,0.0
2011-08-08 00:00:00-04:00,55.575296061252175,56.445844053064405,54.49874803766847,54.56520080566406,14499500,0.0,0.0
2011-08-09 00:00:00-04:00,55.462338985927595,57.170201385060906,54.87090059163778,57.12368392944336,15364200,0.0,0.0
2011-08-10 00:00:00-04:00,56.439223152432966,56.791427547437905,55.562033030336764,55.874366760253906,13493400,0.0,0.0
2011-08-11 00:00:00-04:00,56.30631841987648,57.794882422947886,56.11360175228766,57.33634948730469,11112100,0.0,0.0
2011-08-12 00:00:00-04:00,57.542327026930785,57.774919318439004,57.004053018629186,57.482521057128906,6531200,0.0,0.0
2011-08-15 00:00:00-04:00,57.695178985595696,57.728407907861694,56.99077044974763,57.6951789855957,6470400,0.0,0.0
2011-08-16 00:00:00-04:00,57.44930179082586,57.94106350747581,56.93760981758115,57.59550094604492,5627300,0.0,0.0
2011-08-17 00:00:00-04:00,57.90783776578494,58.153718637623825,57.44266321908683,58.147071838378906,5407500,0.0,0.0
2011-08-18 00:00:00-04:00,57.52241094523104,57.99423234379483,56.273081259034925,56.8911018371582,11373500,0.0,0.0
2011-08-19 00:00:00-04:00,57.030650363333734,58.76509493087461,57.030650363333734,57.9676513671875,11686500,0.0,0.0
2011-08-22 00:00:00-04:00,58.618906303075605,59.07079242243709,58.0341145892057,58.31986618041992,7087900,0.0,0.0
2011-08-23 00:00:00-04:00,58.31984487768775,59.51601000140573,58.3131980793832,59.49607467651367,6617100,0.0,0.0
2011-08-24 00:00:00-04:00,59.183769324250974,59.9081185846457,58.83821169774892,59.89482498168945,8174400,0.0,0.0
2011-08-25 00:00:00-04:00,59.84829725996498,60.114113503293936,58.71858456334584,58.951171875,8671900,0.0,0.0
2011-08-26 00:00:00-04:00,58.9113053176602,60.13405302413608,58.36638426237882,59.76191329956055,5958600,0.0,0.0
2011-08-29 00:00:00-04:00,60.20716354116798,60.353362765199016,59.85495908510652,60.33342742919922,6261700,0.0,0.0
2011-08-30 00:00:00-04:00,60.37353526500272,61.02918983759005,60.279871055249764,60.73481369018555,6311800,0.61,0.0
2011-08-31 00:00:00-04:00,60.922149207699924,61.015813428365654,60.226354208242206,60.487281799316406,9168400,0.0,0.0
2011-09-01 00:00:00-04:00,60.39362362661619,60.942230636528585,60.23305709072719,60.25981903076172,5475400,0.0,0.0
2011-09-02 00:00:00-04:00,59.85170440950597,60.16615080366554,59.55064153663539,59.60416030883789,5250800,0.0,0.0
2011-09-06 00:00:00-04:00,58.48687553773656,59.510495419364666,58.25271496094545,59.42352294921875,7198400,0.0,0.0
2011-09-07 00:00:00-04:00,59.865086372170914,59.865086372170914,59.28971747535218,59.73796844482422,7065300,0.0,0.0
2011-09-08 00:00:00-04:00,59.651009437155324,60.21299493985426,59.28303909301757,59.28303909301758,7330000,0.0,0.0
2011-09-09 00:00:00-04:00,57.73086534648254,57.8445997455601,55.964618415649966,56.887882232666016,18444800,0.0,0.0
2011-09-12 00:00:00-04:00,56.49316289181492,57.670657603902065,56.30583441963369,57.663970947265625,8271000,0.0,0.0
2011-09-13 00:00:00-04:00,57.65058650453763,57.73756408260256,56.98155334068044,57.61713790893555,6598700,0.0,0.0
2011-09-14 00:00:00-04:00,57.73756473908007,58.73442273535255,57.162195803275495,58.03862762451172,7666600,0.0,0.0
2011-09-15 00:00:00-04:00,58.57384653973099,59.035475880944055,58.453420384562975,58.9217414855957,6755100,0.0,0.0
2011-09-16 00:00:00-04:00,59.0488652171683,59.38338178066229,58.90167711254011,59.06893539428711,7594500,0.0,0.0
2011-09-19 00:00:00-04:00,58.61399423799404,59.69113800971961,58.56716212201979,59.416831970214844,6471600,0.0,0.0
2011-09-20 00:00:00-04:00,59.70448779174088,60.5876109153546,59.54392134316985,59.751319885253906,7942200,0.0,0.0
2011-09-21 00:00:00-04:00,59.717900969292145,60.02565560871706,58.527022767594616,58.55377960205078,5777500,0.0,0.0
2011-09-22 00:00:00-04:00,57.42981061955317,58.18582144420003,56.934727453334546,57.53016662597656,10785600,0.0,0.0
2011-09-23 00:00:00-04:00,57.60371759499011,58.77452488393021,57.36955715806503,58.453392028808594,7614900,0.0,0.0
2011-09-26 00:00:00-04:00,58.848144342909706,59.85838564118046,58.02523657950844,59.77140808105469,7515500,0.0,0.0
2011-09-27 00:00:00-04:00,60.37356389304078,60.88203063303147,59.811578368039775,60.03904724121094,8043200,0.0,0.0
2011-09-28 00:00:00-04:00,60.03901567543832,60.46719635631715,58.86152135517972,58.89496994018555,7027800,0.0,0.0
2011-09-29 00:00:00-04:00,59.845025368406624,60.092569521688084,58.46012667108159,59.39677429199219,8145900,0.0,0.0
2011-09-30 00:00:00-04:00,58.86822430695767,60.32671675007621,58.74779813810136,58.75448989868164,8776100,0.0,0.0
2011-10-03 00:00:00-04:00,58.493563413602416,58.72772397484234,57.536845888264395,57.55022430419922,9185600,0.0,0.0
2011-10-04 00:00:00-04:00,56.90795554073238,57.93826715781358,56.02483202670816,57.85798645019531,10700000,0.0,0.0
2011-10-05 00:00:00-04:00,57.9851001557748,58.05200244791554,56.800913761498805,57.42311477661133,7730400,0.0,0.0
2011-10-06 00:00:00-04:00,57.8378929224178,58.373121291169255,57.58366225463467,58.279457092285156,5861000,0.0,0.0
2011-10-07 00:00:00-04:00,58.399906802459654,58.85484956831367,57.93158051460865,58.339691162109375,5509200,0.0,0.0
2011-10-10 00:00:00-04:00,58.908340493071954,59.22278162364288,58.61396442563552,59.216094970703125,5136400,0.0,0.0
2011-10-11 00:00:00-04:00,59.43020491296973,60.13937828700934,59.323157178758585,59.77140808105469,6868200,0.0,0.0
2011-10-12 00:00:00-04:00,60.09923244870413,60.09923244870413,58.894971070424035,59.115753173828125,7847900,0.0,0.0
2011-10-13 00:00:00-04:00,59.135810912135476,60.172813831186495,59.06221689314138,59.751319885253906,4990800,0.0,0.0
2011-10-14 00:00:00-04:00,60.199609688368255,60.199609688368255,59.637619145128845,60.172847747802734,3702300,0.0,0.0
2011-10-17 00:00:00-04:00,59.81827664986474,60.14610157517822,59.216145590081105,59.31650161743164,4321700,0.0,0.0
2011-10-18 00:00:00-04:00,59.51048018384374,60.212966838688345,59.01539721904535,59.97211456298828,4864000,0.0,0.0
2011-10-19 00:00:00-04:00,60.15947386718741,60.634486903640195,59.7513631407118,59.95876693725586,5681700,0.0,0.0
2011-10-20 00:00:00-04:00,60.212962187569616,60.31331814541211,59.12912703063959,59.550621032714844,6969800,0.0,0.0
2011-10-21 00:00:00-04:00,61.02918623915883,61.85209390551298,60.94220868929049,61.76512145996094,12081700,0.0,0.0
2011-10-24 00:00:00-04:00,61.59787961192912,61.758446132713274,61.149628643234635,61.5577392578125,6653900,0.0,0.0
2011-10-25 00:00:00-04:00,61.457386659323014,62.126419821210426,61.18308061287656,61.39717102050781,6465700,0.0,0.0
2011-10-26 00:00:00-04:00,61.80525783285773,61.99927798753216,60.79502182294335,61.403839111328125,7046500,0.0,0.0
2011-10-27 00:00:00-04:00,62.42748104954121,62.78206779926284,61.55774102470504,62.5612907409668,7004300,0.0,0.0
2011-10-28 00:00:00-04:00,62.54788993832254,62.65493766188682,61.87885697899501,62.414085388183594,4942400,0.0,0.0
2011-10-31 00:00:00-04:00,62.07288453573431,62.67501529163956,62.07288453573431,62.11971664428711,4544600,0.0,0.0
2011-11-01 00:00:00-04:00,61.75845392687018,62.481011018064876,61.35703502209035,61.4908447265625,6503500,0.0,0.0
2011-11-02 00:00:00-04:00,61.77182363411745,62.10634016400525,61.33025936459332,61.9056282043457,5421700,0.0,0.0
2011-11-03 00:00:00-04:00,62.10635834501716,62.32044878264549,61.738388012694095,62.2200927734375,5245400,0.0,0.0
2011-11-04 00:00:00-04:00,62.1130116089648,62.775357851052505,61.75173833695539,62.7619743347168,5612500,0.0,0.0
2011-11-07 00:00:00-05:00,62.835586888622274,63.3574318846301,62.3672657651069,63.30391311645508,4646700,0.0,0.0
2011-11-08 00:00:00-05:00,63.531387315505214,63.859212129816974,62.782068349903334,63.29053497314453,7195500,0.0,0.0
2011-11-09 00:00:00-05:00,62.4943904017725,62.86235557998501,61.78521177583359,61.985923767089844,6666000,0.0,0.0
2011-11-10 00:00:00-05:00,62.40740612592718,62.54790246300118,61.94577165817161,62.39402770996094,4189400,0.0,0.0
2011-11-11 00:00:00-05:00,62.84227670321463,63.52468819125544,62.795444592312975,63.39757537841797,4425500,0.0,0.0
2011-11-14 00:00:00-05:00,63.12328049163508,63.424348489897675,62.79545565755721,62.92926025390625,3232200,0.0,0.0
2011-11-15 00:00:00-05:00,62.802141023002825,63.49793608265918,62.68840151293921,63.20355987548828,5577300,0.0,0.0
2011-11-16 00:00:00-05:00,62.82888577455809,63.109878384005036,62.26689545134794,62.32041931152344,3915600,0.0,0.0
2011-11-17 00:00:00-05:00,62.31373703103345,62.58804302791843,61.36371133783979,61.745059967041016,5435000,0.0,0.0
2011-11-18 00:00:00-05:00,61.92570877358482,62.22008500267819,61.67816976668179,62.04613494873047,4791500,0.0,0.0
2011-11-21 00:00:00-05:00,61.571129747484065,61.965862022862694,61.02921444337846,61.73838806152344,5869400,0.0,0.0
2011-11-22 00:00:00-05:00,61.484148893267175,62.31374858877828,61.42393325416311,61.985923767089844,4695700,0.0,0.0
2011-11-23 00:00:00-05:00,61.76513986999527,61.8855660405171,61.35033748168279,61.46407699584961,4555800,0.0,0.0
2011-11-25 00:00:00-05:00,61.46406806716116,61.852103356413664,61.41723595789014,61.617942810058594,2452400,0.0,0.0
2011-11-28 00:00:00-05:00,62.34719747210684,62.8824209002447,62.26691166094325,62.728546142578125,6101200,0.0,0.0
2011-11-29 00:00:00-05:00,63.05211451616671,63.220630963405966,62.762266021206635,62.99818801879883,5648300,0.7,0.0
2011-11-30 00:00:00-05:00,63.935126511823455,64.40023346063181,63.79357334103675,64.38674926757812,7683300,0.0,0.0
2011-12-01 00:00:00-05:00,64.33282583501892,64.62941121730493,64.18453057251959,64.3732681274414,4860300,0.0,0.0
2011-12-02 00:00:00-05:00,64.95971509774405,65.0271206410042,64.25194403672924,64.50808715820312,4023100,0.0,0.0
2011-12-05 00:00:00-05:00,64.99339805353894,65.10798796094878,64.09015269953872,64.27214813232422,5906900,0.0,0.0
2011-12-06 00:00:00-05:00,64.35304496707715,64.89229437244572,63.914901289600344,64.717041015625,5346500,0.0,0.0
2011-12-07 00:00:00-05:00,64.5956859702561,65.14841937076206,64.37324316277292,65.01360321044922,5137800,0.0,0.0
2011-12-08 00:00:00-05:00,65.40457669589362,66.25390069252197,65.19561802999998,65.33042907714844,8123000,0.0,0.0
2011-12-09 00:00:00-05:00,65.83596459122923,66.34825572124008,65.80226440777331,66.07862854003906,5721200,0.0,0.0
2011-12-12 00:00:00-05:00,65.83598427656248,66.41568108952856,65.51917262962611,66.3819808959961,5804900,0.0,0.0
2011-12-13 00:00:00-05:00,66.55722529848394,66.69877843480268,65.89664399566317,66.05841827392578,6862400,0.0,0.0
2011-12-14 00:00:00-05:00,65.89668892429852,66.3685330337329,65.49225038153831,65.79557800292969,6347200,0.0,0.0
2011-12-15 00:00:00-05:00,66.4021770192728,66.58417239536377,65.96403352675192,66.15277099609375,5558600,0.0,0.0
2011-12-16 00:00:00-05:00,66.42243165421377,66.4763581419961,65.43829639439444,65.71466064453125,8867300,0.0,0.0
2011-12-19 00:00:00-05:00,66.00449206182269,66.30782462031763,65.37087399332013,65.54612731933594,5169500,0.0,0.0
2011-12-20 00:00:00-05:00,66.10560352282808,66.67855817052981,66.0112347640401,66.61115264892578,5981100,0.0,0.0
2011-12-21 00:00:00-05:00,66.71901944908204,67.06953131981915,66.5302767496099,66.8673095703125,5414500,0.0,0.0
2011-12-22 00:00:00-05:00,66.89426931332872,66.96841694142107,66.4291675421369,66.4628677368164,4752500,0.0,0.0
2011-12-23 00:00:00-05:00,66.6246532111761,67.50768280029297,66.57073186210711,67.50768280029297,3516800,0.0,0.0
2011-12-27 00:00:00-05:00,67.5211497549146,67.95929342240045,67.40655983744193,67.77729797363281,3052100,0.0,0.0
2011-12-28 00:00:00-05:00,67.8986508256746,67.91212987898545,67.04258437308667,67.12347412109375,3111600,0.0,0.0
2011-12-29 00:00:00-05:00,67.23805998970134,68.08064219508607,67.13694909651244,67.95256805419922,3986200,0.0,0.0
2011-12-30 00:00:00-05:00,67.69638041813302,67.95926548200092,67.44697439789743,67.62897491455078,2957200,0.0,0.0
2012-01-03 00:00:00-05:00,68.30306064318424,68.47831397631768,66.56397036052672,66.6246337890625,8895900,0.0,0.0
2012-01-04 00:00:00-05:00,66.8066466580604,67.60878642332798,66.57072471025016,66.9953842163086,6754700,0.0,0.0
2012-01-05 00:00:00-05:00,67.04931287660467,67.6761941540937,66.51680038129999,67.29197692871094,8163800,0.0,0.0
2012-01-06 00:00:00-05:00,67.46723730145385,67.9256022093661,67.31894715885548,67.8110122680664,6775300,0.0,0.0
2012-01-09 00:00:00-05:00,67.99974226528357,68.0334476055352,67.07627559785868,67.16390228271484,4433700,0.0,0.0
2012-01-10 00:00:00-05:00,67.56834945526589,67.70990264588166,66.96843134815992,67.20435333251953,5075400,0.0,0.0
2012-01-11 00:00:00-05:00,67.15041631157179,67.48070701260305,66.96841572131103,67.359375,4622500,0.0,0.0
2012-01-12 00:00:00-05:00,67.65596043279898,67.8446979620902,67.453738712723,67.790771484375,4022700,0.0,0.0
2012-01-13 00:00:00-05:00,67.52789664665482,67.69641305821638,67.14367943400299,67.64248657226562,4134800,0.0,0.0
2012-01-17 00:00:00-05:00,67.80425607198089,68.21543649840628,67.4402651744456,67.77729797363281,4555800,0.0,0.0
2012-01-18 00:00:00-05:00,68.01323391168464,68.66707849959954,67.90538092523072,68.45811462402344,4844500,0.0,0.0
2012-01-19 00:00:00-05:00,68.59966734283965,68.6198936346966,67.87841721467741,68.25589752197266,4763300,0.0,0.0
2012-01-20 00:00:00-05:00,68.34349249929768,68.90296803195935,68.26260279754904,68.57941436767578,5630400,0.0,0.0
2012-01-23 00:00:00-05:00,68.55919670252732,68.68052868994393,67.43350862870783,68.04690551757812,6059700,0.0,0.0
2012-01-24 00:00:00-05:00,68.09410680007731,68.09410680007731,66.33480025980197,66.56398010253906,11654100,0.0,0.0
2012-01-25 00:00:00-05:00,66.33480148128629,67.07627264981787,66.09213744173594,66.88753509521484,7544000,0.0,0.0
2012-01-26 00:00:00-05:00,67.09648480782461,67.21107471595286,66.52353012447134,66.85382080078125,4607100,0.0,0.0
2012-01-27 00:00:00-05:00,66.44264695756996,66.69205308459233,66.29435170056816,66.5235366821289,5135000,0.0,0.0
2012-01-30 00:00:00-05:00,66.08539300718151,66.60442126397535,65.85620802562076,66.5235366821289,6104900,0.0,0.0
2012-01-31 00:00:00-05:00,66.75947036613432,66.90776564923485,66.22695782350674,66.7662124633789,6574200,0.0,0.0
2012-02-01 00:00:00-05:00,67.04256422865646,67.06278537390385,66.30109309421523,66.32805633544922,6141300,0.0,0.0
2012-02-02 00:00:00-05:00,66.23366965537784,66.61114464517372,66.23366965537784,66.47633361816406,3984000,0.0,0.0
2012-02-03 00:00:00-05:00,66.85382389933777,67.58855290720268,66.75945513030396,67.41329956054688,5600900,0.0,0.0
2012-02-06 00:00:00-05:00,67.37958626368987,67.40654950061551,66.96166380540988,67.06277465820312,3486600,0.0,0.0
2012-02-07 00:00:00-05:00,67.11670796659682,68.20195393548502,67.10996587100095,68.01995849609375,6029900,0.0,0.0
2012-02-08 00:00:00-05:00,68.16151950070872,68.27610942548048,67.13693684599743,67.44026947021484,5433600,0.0,0.0
2012-02-09 00:00:00-05:00,67.44701044179877,67.71663774292769,67.20434638505405,67.39982604980469,3608800,0.0,0.0
2012-02-10 00:00:00-05:00,67.08300897259616,67.1773828917229,66.6920548171859,67.04930877685547,3874700,0.0,0.0
2012-02-13 00:00:00-05:00,67.2178234250585,67.35263448991941,66.92123291110953,67.17063903808594,2971100,0.0,0.0
2012-02-14 00:00:00-05:00,67.07624721696855,67.16387386474867,66.69876710817644,67.10321044921875,3520800,0.0,0.0
2012-02-15 00:00:00-05:00,67.17737537885155,67.238038810028,66.26738276950861,66.4696044921875,5260500,0.0,0.0
2012-02-16 00:00:00-05:00,66.30106268044912,67.02905443168362,66.30106268044912,66.90772247314453,3996300,0.0,0.0
2012-02-17 00:00:00-05:00,67.17738828338288,67.57508456694543,67.00887186301642,67.39982604980469,4931700,0.0,0.0
2012-02-21 00:00:00-05:00,67.48744595708247,67.91210541000689,67.40655623822023,67.73684692382812,4474800,0.0,0.0
2012-02-22 00:00:00-05:00,67.50767315149689,67.91211149663158,67.50767315149689,67.85144805908203,3918900,0.0,0.0
2012-02-23 00:00:00-05:00,67.95256805419922,68.10760544278402,67.67620376504414,67.95256805419922,4166500,0.0,0.0
2012-02-24 00:00:00-05:00,67.91884389531933,67.91884389531933,67.44025798859296,67.62225341796875,3661800,0.0,0.0
2012-02-27 00:00:00-05:00,67.42678044768675,67.91210849750038,67.06952650621626,67.64922332763672,4044500,0.0,0.0
2012-02-28 00:00:00-05:00,67.72387766378932,67.94788291974949,67.54060393180676,67.73066711425781,4365800,0.7,0.0
2012-02-29 00:00:00-05:00,67.78497112782104,67.7985448496779,67.37769214728378,67.39126586914062,5461000,0.0,0.0
2012-03-01 00:00:00-05:00,67.39127381913532,67.66279489780196,67.29624221842707,67.37091064453125,4086100,0.0,0.0
2012-03-02 00:00:00-05:00,67.38447735059992,67.63563522850701,67.17405099649305,67.54060363769531,4311700,0.0,0.0
2012-03-05 00:00:00-05:00,67.48628506655427,68.11756918305991,67.09257988016746,67.83926391601562,6313200,0.0,0.0
2012-03-06 00:00:00-05:00,67.32337343829698,68.01574704886033,67.26906820406357,67.8053207397461,6713900,0.0,0.0
2012-03-07 00:00:00-05:00,67.8799901879498,68.1786638020031,67.5677428545451,68.0021743774414,5873500,0.0,0.0
2012-03-08 00:00:00-05:00,65.84361991482871,66.2848410840455,65.4770671825025,65.81646728515625,16841200,0.0,0.0
2012-03-09 00:00:00-05:00,66.14908444945878,66.25090552604826,65.52458944200144,65.73501586914062,7808700,0.0,0.0
2012-03-12 00:00:00-04:00,65.87754746429799,66.16943169534508,65.55851060956822,65.6128158569336,4503100,0.0,0.0
2012-03-13 00:00:00-04:00,65.83682230633833,66.04046441423569,65.41596954564022,65.69427490234375,6350900,0.0,0.0
2012-03-14 00:00:00-04:00,65.63316451292067,66.14226444199059,65.62637506379338,66.04044342041016,7209100,0.0,0.0
2012-03-15 00:00:00-04:00,65.94545156964182,66.6514045179701,65.94545156964182,66.5495834350586,5768200,0.0,0.0
2012-03-16 00:00:00-04:00,66.80752574588587,66.89577310127271,66.2305465140195,66.29164123535156,7337000,0.0,0.0
2012-03-19 00:00:00-04:00,66.08800672391665,66.59031756502078,66.06085408671696,66.33916473388672,4634500,0.0,0.0
2012-03-20 00:00:00-04:00,66.15586974399524,66.420601419187,65.89113806880349,66.28484344482422,4757100,0.0,0.0
2012-03-21 00:00:00-04:00,66.20337564066816,66.40022829920495,65.65354919433594,65.65354919433594,6038600,0.0,0.0
2012-03-22 00:00:00-04:00,65.25304517951643,65.49062933366557,65.0086767538106,65.02904510498047,7721200,0.0,0.0
2012-03-23 00:00:00-04:00,65.10372822209105,65.12409139902532,64.57425972762788,64.85935974121094,6041500,0.0,0.0
2012-03-26 00:00:00-04:00,65.27341579996339,65.8639685335891,65.23268427504085,65.8232421875,5644100,0.0,0.0
2012-03-27 00:00:00-04:00,66.0404573309539,66.40700997855356,65.89112049169107,66.07439422607422,4877500,0.0,0.0
2012-03-28 00:00:00-04:00,66.19660256850848,66.41381845601363,65.88435505389702,65.89793395996094,5055400,0.0,0.0
2012-03-29 00:00:00-04:00,65.80968704860852,66.31878727388039,65.79611332128881,66.27806091308594,4103600,0.0,0.0
2012-03-30 00:00:00-04:00,66.44093418535,66.69209201967652,66.35948150954968,66.59027099609375,4429500,0.0,0.0
2012-04-02 00:00:00-04:00,66.40023195727544,67.07224267079604,66.30520034844766,66.76678466796875,4603000,0.0,0.0
2012-04-03 00:00:00-04:00,66.73287545341464,67.47956014598776,66.72609117718166,67.47277069091797,5422200,0.0,0.0
2012-04-04 00:00:00-04:00,66.6921150625046,66.90933090440977,65.94543592963271,66.16944122314453,7768300,0.0,0.0
2012-04-05 00:00:00-04:00,65.93186697130746,66.9704357127427,65.89114061319293,66.94328308105469,5469400,0.0,0.0
2012-04-09 00:00:00-04:00,66.34591174750653,67.54060121914458,66.27803278204789,67.11974334716797,6712700,0.0,0.0
2012-04-10 00:00:00-04:00,67.05186936278626,67.05186936278626,66.05403244203525,66.29840087890625,7581600,0.0,0.0
2012-04-11 00:00:00-04:00,66.7192683497397,67.01794207737508,66.1830156018645,66.90254211425781,6366600,0.0,0.0
2012-04-12 00:00:00-04:00,67.01116648039789,67.03152966079512,66.08120820452058,66.27806091308594,5763900,0.0,0.0
2012-04-13 00:00:00-04:00,66.19657911059478,66.3866474762886,65.816452736874,65.8232421875,5223700,0.0,0.0
2012-04-16 00:00:00-04:00,65.90471713115056,66.45454888316083,65.3820431908136,65.55853271484375,6236300,0.0,0.0
2012-04-17 00:00:00-04:00,65.78928502883693,66.23729544842959,65.78250075859988,65.91825866699219,7592700,0.0,0.0
2012-04-18 00:00:00-04:00,65.85717841773739,66.50883102158124,65.85717841773739,66.07439422607422,5388700,0.0,0.0
2012-04-19 00:00:00-04:00,65.95224197900836,66.00654206902438,63.89547264665094,64.67609405517578,13939100,0.0,0.0
2012-04-20 00:00:00-04:00,65.78252911715043,66.36629251796093,64.92723942483707,65.12409210205078,11021200,0.0,0.0
2012-04-23 00:00:00-04:00,65.01547985128184,65.11730091317091,64.38419548217082,64.614990234375,5217500,0.0,0.0
2012-04-24 00:00:00-04:00,64.4928102941708,64.79147886909414,63.90904169118995,64.20771026611328,6223800,0.0,0.0
2012-04-25 00:00:00-04:00,64.58783728357908,64.64892681310701,64.33667935601753,64.6353530883789,5699600,0.0,0.0
2012-04-26 00:00:00-04:00,64.4452914651427,65.21233381271664,64.4452914651427,65.04942321777344,4741200,0.0,0.0
2012-04-27 00:00:00-04:00,65.32094640257644,66.20338356713535,65.02906210550024,66.1015625,7373300,0.0,0.0
2012-04-30 00:00:00-04:00,66.25768124662085,66.35271285071924,65.90470227811191,66.1490707397461,4507200,0.0,0.0
2012-05-01 00:00:00-04:00,65.99974610291976,66.5292094333405,65.9318619394631,65.97937774658203,5297900,0.0,0.0
2012-05-02 00:00:00-04:00,65.7757355713381,66.32556203561596,65.7757355713381,66.18980407714844,4348300,0.0,0.0
2012-05-03 00:00:00-04:00,66.16265761428141,66.2373260520459,65.70107326211671,65.87077331542969,3935200,0.0,0.0
2012-05-04 00:00:00-04:00,65.741789813146,65.741789813146,64.99511072569331,65.07656860351562,4688500,0.0,0.0
2012-05-07 00:00:00-04:00,64.98153594751331,65.18517287051334,64.6217675437624,64.83219909667969,5089700,0.0,0.0
2012-05-08 00:00:00-04:00,63.7393337724497,64.39777073263484,63.10804943915028,63.50175476074219,12379500,0.0,0.0
2012-05-09 00:00:00-04:00,63.12163384710869,63.18951283639513,62.150949281691275,62.40210723876953,8975700,0.0,0.0
2012-05-10 00:00:00-04:00,62.924758713695624,62.945127064169526,62.26632705569888,62.361358642578125,7129500,0.0,0.0
2012-05-11 00:00:00-04:00,62.239193146890834,62.856898647326794,62.22561424249223,62.38174057006836,5366500,0.0,0.0
2012-05-14 00:00:00-04:00,62.13734146005358,62.2391624775306,61.53999943173089,61.6893310546875,6050000,0.0,0.0
2012-05-15 00:00:00-04:00,61.76398992152736,62.273089751494396,61.66895836757335,61.77756881713867,4890300,0.0,0.0
2012-05-16 00:00:00-04:00,61.852252964667265,62.23916872686387,61.75722138650197,62.062679290771484,4949100,0.0,0.0
2012-05-17 00:00:00-04:00,61.96087768396621,62.16451980319681,60.75261422957802,60.83407211303711,9094100,0.0,0.0
2012-05-18 00:00:00-04:00,61.23454173161524,61.84546271104394,60.88156804285227,60.99017333984375,7990700,0.0,0.0
2012-05-21 00:00:00-04:00,61.09880185876903,61.98802838213752,61.01734397784568,61.95408630371094,6622500,0.0,0.0
2012-05-22 00:00:00-04:00,62.42247164492947,62.42247164492947,61.77082401306503,62.00161361694336,5063400,0.0,0.0
2012-05-23 00:00:00-04:00,61.75046338566,62.1577425250521,61.54682122654633,62.09665298461914,4236500,0.0,0.0
2012-05-24 00:00:00-04:00,62.35456323824121,62.52426322415438,61.655400124892175,62.130558013916016,5010000,0.0,0.0
2012-05-25 00:00:00-04:00,62.212035221653906,62.313856280638234,61.641840398642174,61.80475616455078,3681300,0.0,0.0
2012-05-29 00:00:00-04:00,62.04910460893472,62.266320381208075,61.26848364710368,61.70291519165039,5380300,0.0,0.0
2012-05-30 00:00:00-04:00,61.36352055816023,61.44497324307314,60.99017848953284,61.16666793823242,5375600,0.0,0.0
2012-05-31 00:00:00-04:00,61.49506242888508,61.74818671584042,61.0640720996825,61.118797302246094,6816400,0.7,0.0
2012-06-01 00:00:00-04:00,59.8395125164511,60.29102549586444,59.17592043485526,59.319583892822266,10832500,0.0,0.0
2012-06-04 00:00:00-04:00,59.24430464100431,59.367445438962804,58.84067965953835,59.05275344848633,7035200,0.0,0.0
2012-06-05 00:00:00-04:00,58.98436152812459,59.79845957068415,58.84069808873999,59.57270050048828,7237300,0.0,0.0
2012-06-06 00:00:00-04:00,60.14733890956105,60.653587341308594,59.81896690887064,60.653587341308594,5936000,0.0,0.0
2012-06-07 00:00:00-04:00,61.29667210665387,61.419812953454716,60.20893230939694,60.46205139160156,8321500,0.0,0.0
2012-06-08 00:00:00-04:00,59.107501795077944,60.38679274176665,58.77912449437735,60.03105545043945,12060100,0.0,0.0
2012-06-11 00:00:00-04:00,60.872487484451135,60.92037527256472,59.237449645996094,59.237449645996094,9511900,0.0,0.0
2012-06-12 00:00:00-04:00,59.51797476066274,59.92159990028869,59.29221567271233,59.86687469482422,7762000,0.0,0.0
2012-06-13 00:00:00-04:00,59.48373809819543,60.84512935436538,59.435850304520685,60.18153762817383,8838500,0.0,0.0
2012-06-14 00:00:00-04:00,60.537298056931924,61.515582120507126,60.28417900133796,61.378761291503906,7646300,0.0,0.0
2012-06-15 00:00:00-04:00,61.6660947099557,62.09024767589804,61.38561041491139,61.912376403808594,9516800,0.0,0.0
2012-06-18 00:00:00-04:00,61.98077490208997,61.99446011543835,61.515576816457646,61.734493255615234,6343400,0.0,0.0
2012-06-19 00:00:00-04:00,61.54977797333004,61.741329184452624,61.029849529297984,61.296653747558594,7601600,0.0,0.0
2012-06-20 00:00:00-04:00,61.289819339086826,61.344549755121726,60.31154055420666,60.64675521850586,7917500,0.0,0.0
2012-06-21 00:00:00-04:00,60.94775924064874,60.98880966046052,59.880542274373774,59.95579528808594,5762200,0.0,0.0
2012-06-22 00:00:00-04:00,60.33205745916756,60.605699074746894,60.18839404517463,60.44151306152344,5325400,0.0,0.0
2012-06-25 00:00:00-04:00,60.20209167654035,60.42785077297876,59.99685518534528,60.28418731689453,4524400,0.0,0.0
2012-06-26 00:00:00-04:00,60.59202901968407,61.180367984558345,60.578349024413086,60.95460891723633,4488500,0.0,0.0
2012-06-27 00:00:00-04:00,61.06405638045503,61.22824238464137,60.22943592849113,60.42782974243164,5940300,0.0,0.0
2012-06-28 00:00:00-04:00,60.21575737287398,60.3799486145884,59.77792450039462,60.325218200683594,4922600,0.0,0.0
2012-06-29 00:00:00-04:00,60.94091652491858,61.01616953205073,60.243116862307524,60.56465148925781,6364700,0.0,0.0
2012-07-02 00:00:00-04:00,60.48256445385356,60.48256445385356,59.96263598099313,60.256805419921875,5088100,0.0,0.0
2012-07-03 00:00:00-04:00,60.345741257344194,60.70148373103576,60.167870020498405,60.5988655090332,4597000,0.0,0.0
2012-07-05 00:00:00-04:00,60.74253078635489,61.55662876121273,60.6809577635219,61.0914306640625,5794300,0.0,0.0
2012-07-06 00:00:00-04:00,61.03672204634865,61.52244291811729,60.961469002332784,61.33773422241211,4533200,0.0,0.0
2012-07-09 00:00:00-04:00,61.32403372407391,61.536107584705576,61.11195986344223,61.433494567871094,3785000,0.0,0.0
2012-07-10 00:00:00-04:00,61.590834595012765,62.165493554356345,61.33087293446449,61.74134063720703,6615500,0.0,0.0
2012-07-11 00:00:00-04:00,62.03550053958395,62.12443354198155,60.88618801766632,61.2487678527832,6230300,0.0,0.0
2012-07-12 00:00:00-04:00,61.07091187680947,63.280604469963734,61.01618667210518,62.89065933227539,11741900,0.0,0.0
2012-07-13 00:00:00-04:00,63.12328148404368,63.410613717685074,62.986460587553594,63.136966705322266,6163500,0.0,0.0
2012-07-16 00:00:00-04:00,63.04116544554637,63.12325586236693,62.596489883373074,62.6991081237793,3601300,0.0,0.0
2012-07-17 00:00:00-04:00,62.93171456950129,63.17799629775007,62.398105898089376,62.863304138183594,3753800,0.0,0.0
2012-07-18 00:00:00-04:00,62.555434166358665,63.09588527028663,62.254422103568494,63.08904266357422,5962700,0.0,0.0
2012-07-19 00:00:00-04:00,63.34216975418338,63.84157572010725,62.97275245480775,63.458473205566406,7430800,0.0,0.0
2012-07-20 00:00:00-04:00,63.000105442130724,63.13693148166916,62.528069959017394,62.65121078491211,7269800,0.0,0.0
2012-07-23 00:00:00-04:00,61.03670123357235,61.467691522843054,60.373109282281064,60.845149993896484,12127900,0.0,0.0
2012-07-24 00:00:00-04:00,60.99564451289139,61.20771831400412,59.942107674232055,60.24311447143555,7036800,0.0,0.0
2012-07-25 00:00:00-04:00,60.44835137558786,60.51676177462521,60.09260894958744,60.229434967041016,4262200,0.0,0.0
2012-07-26 00:00:00-04:00,61.016160459503574,61.207711642129304,60.60568767458755,60.88617706298828,4517500,0.0,0.0
2012-07-27 00:00:00-04:00,61.11876438988517,61.35820855210438,60.64672910810509,61.016151428222656,5932500,0.0,0.0
2012-07-30 00:00:00-04:00,61.10513401407616,61.344573151323836,60.96831314118655,61.111976623535156,4431600,0.0,0.0
2012-07-31 00:00:00-04:00,60.96143675650306,61.40611217609782,60.7562003414966,61.13246536254883,4596900,0.0,0.0
2012-08-01 00:00:00-04:00,61.22140408580817,61.467685719103336,61.091425882231896,61.18035888671875,4133600,0.0,0.0
2012-08-02 00:00:00-04:00,60.93409572369027,61.3582487139072,60.58519576753411,61.289833068847656,4332700,0.0,0.0
2012-08-03 00:00:00-04:00,61.68662084491695,61.816604307272975,61.08460179181179,61.289833068847656,4873000,0.0,0.0
2012-08-06 00:00:00-04:00,61.41295960167032,61.86447770074344,61.22825097347295,61.35823440551758,3490200,0.0,0.0
2012-08-07 00:00:00-04:00,61.37192166219438,61.65241116045528,60.865678307061906,60.893043518066406,5341900,0.0,0.0
2012-08-08 00:00:00-04:00,59.42904124640927,60.18840892190665,58.93647786561308,59.88055419921875,14424800,0.0,0.0
2012-08-09 00:00:00-04:00,59.914763539018466,60.1747252324189,59.57954359563026,59.6205940246582,6023500,0.0,0.0
2012-08-10 00:00:00-04:00,59.688979687385114,60.359414076675414,59.65477188061515,60.33888626098633,5747400,0.0,0.0
2012-08-13 00:00:00-04:00,60.51676561189439,60.53045082419695,60.0105223636633,60.133663177490234,4308100,0.0,0.0
2012-08-14 00:00:00-04:00,60.24997949523509,60.39364295131932,60.147361249637555,60.28418731689453,3828200,0.0,0.0
2012-08-15 00:00:00-04:00,60.38678984925381,60.46888547534163,60.03105257496634,60.07209777832031,4346200,0.0,0.0
2012-08-16 00:00:00-04:00,60.161022628181335,60.23627563050964,59.81896542464495,59.832645416259766,5568000,0.0,0.0
2012-08-17 00:00:00-04:00,59.98314519958335,60.106285988859675,59.7094984212606,59.76422882080078,6704300,0.0,0.0
2012-08-20 00:00:00-04:00,59.63426390044122,60.352586263640504,59.62742651291422,60.31837844848633,4823500,0.0,0.0
2012-08-21 00:00:00-04:00,60.3799571399173,60.886200491566775,60.23629369766733,60.557823181152344,4414200,0.0,0.0
2012-08-22 00:00:00-04:00,60.633052359684385,60.74935576475746,60.37993339309892,60.57832717895508,4269000,0.0,0.0
2012-08-23 00:00:00-04:00,60.65357438120041,60.851962928730124,60.29098942965234,60.373085021972656,3005900,0.0,0.0
2012-08-24 00:00:00-04:00,60.345742169293324,60.88619327525315,60.27048915331286,60.83146286010742,3508000,0.0,0.0
2012-08-27 00:00:00-04:00,60.97514096256076,61.44718177290246,60.893050539461974,61.25563049316406,4313800,0.0,0.0
2012-08-28 00:00:00-04:00,61.18721202495226,61.39928588259017,60.85883471757656,60.98197555541992,4428700,0.0,0.0
2012-08-29 00:00:00-04:00,60.947748714316326,61.44031191195057,60.89302352965144,61.33085632324219,4292200,0.0,0.0
2012-08-30 00:00:00-04:00,61.255010914587146,61.379120787534866,61.08953283747459,61.15848159790039,4567900,0.7,0.0
2012-08-31 00:00:00-04:00,61.39289879950895,61.958286914539755,61.29636950624407,61.70317077636719,6063800,0.0,0.0
2012-09-04 00:00:00-04:00,61.716994638258015,61.716994638258015,61.16539389110596,61.39982604980469,4287000,0.0,0.0
2012-09-05 00:00:00-04:00,61.5721987684932,61.6825157583233,61.26192138490878,61.406715393066406,3597800,0.0,0.0
2012-09-06 00:00:00-04:00,61.7721594617475,62.59956070245111,61.7514753513096,62.51681900024414,5925100,0.0,0.0
2012-09-07 00:00:00-04:00,62.79948350639563,62.79948350639563,62.34441226946614,62.75811004638672,4889600,0.0,0.0
2012-09-10 00:00:00-04:00,62.70984335754945,63.08906937601248,62.67537161252257,62.951171875,5008200,0.0,0.0
2012-09-11 00:00:00-04:00,63.34421582098974,63.502797496918575,62.86156381581005,62.88224792480469,5595500,0.0,0.0
2012-09-12 00:00:00-04:00,63.068391180550485,63.192501047260265,62.47542240187632,62.620216369628906,5363400,0.0,0.0
2012-09-13 00:00:00-04:00,62.42715834726175,63.35797972632434,62.42715834726175,63.1373405456543,5666500,0.0,0.0
2012-09-14 00:00:00-04:00,63.34418934200251,63.51656385884217,63.06838906296849,63.22697067260742,6395000,0.0,0.0
2012-09-17 00:00:00-04:00,63.26146490627536,63.73032393016783,63.24078080029476,63.53036880493164,5294600,0.0,0.0
2012-09-18 00:00:00-04:00,63.46143360332014,64.19230022669313,63.433853035962905,64.17851257324219,5272900,0.0,0.0
2012-09-19 00:00:00-04:00,64.28881029923751,64.43360428909155,63.957854111129386,64.00611877441406,3979900,0.0,0.0
2012-09-20 00:00:00-04:00,63.97161423027627,64.26120208536027,63.950930134977625,64.22673034667969,3981400,0.0,0.0
2012-09-21 00:00:00-04:00,64.55769290391177,64.75075675389246,64.39221486438034,64.61285400390625,7247700,0.0,0.0
2012-09-24 00:00:00-04:00,64.35084666961049,64.75764794605276,64.23363327746124,64.61285400390625,3722000,0.0,0.0
2012-09-25 00:00:00-04:00,64.75080812614148,64.81286046752759,63.999252008687186,64.0268325805664,4714600,0.0,0.0
2012-09-26 00:00:00-04:00,64.0475105210418,64.36467917639777,64.04061406362267,64.2612533569336,4392000,0.0,0.0
2012-09-27 00:00:00-04:00,64.38536979403997,64.55774442374603,64.20610396667416,64.30952453613281,3840400,0.0,0.0
2012-09-28 00:00:00-04:00,63.44073800511255,63.44073800511255,62.33064535716156,63.26146697998047,9523600,0.0,0.0
2012-10-01 00:00:00-04:00,63.509659681568635,63.77856347429978,63.35796928352499,63.426918029785156,4939800,0.0,0.0
2012-10-02 00:00:00-04:00,63.55105178775113,63.59242525943534,62.55128143969368,62.696075439453125,5979500,0.0,0.0
2012-10-03 00:00:00-04:00,62.813281458018146,62.91670723432966,62.240996721487456,62.29615783691406,6337400,0.0,0.0
2012-10-04 00:00:00-04:00,62.67538940277709,62.87534451831869,62.46164137694769,62.76502227783203,4478300,0.0,0.0
2012-10-05 00:00:00-04:00,63.08219164934977,63.13045631507719,62.53748741588085,62.74433898925781,4166200,0.0,0.0
2012-10-08 00:00:00-04:00,62.72363596517415,63.1924948310169,62.613313756527646,63.11664962768555,3894900,0.0,0.0
2012-10-09 00:00:00-04:00,63.06150301712184,63.8475305228015,63.03392245862123,63.50967788696289,7048900,0.0,0.0
2012-10-10 00:00:00-04:00,64.08195484794592,64.37843924021017,63.6820446889936,63.709625244140625,6712100,0.0,0.0
2012-10-11 00:00:00-04:00,63.88889651724103,64.12332334639318,63.682044982910156,63.682044982910156,4274400,0.0,0.0
2012-10-12 00:00:00-04:00,63.82683725676151,63.91647011368155,63.67514683700997,63.78546905517578,3411100,0.0,0.0
2012-10-15 00:00:00-04:00,63.97163152073406,64.6335490514533,63.881998663396516,64.46807098388672,5630700,0.0,0.0
2012-10-16 00:00:00-04:00,64.7921415189883,64.8748779296875,64.56460586865876,64.8748779296875,4678900,0.0,0.0
2012-10-17 00:00:00-04:00,64.78522165508022,64.92312439050465,64.29567878033933,64.5921630859375,5623700,0.0,0.0
2012-10-18 00:00:00-04:00,64.58532469486615,64.64048583862458,63.854457951663406,64.0268325805664,6817600,0.0,0.0
2012-10-19 00:00:00-04:00,62.103089230386495,62.227199089959086,61.055054507681085,61.17226791381836,19495400,0.0,0.0
2012-10-22 00:00:00-04:00,61.268799795614015,61.42049021485176,60.57240526204659,60.98610305786133,8142400,0.0,0.0
2012-10-23 00:00:00-04:00,60.689645502448286,60.937865341759334,60.20699873737413,60.648277282714844,7763800,0.0,0.0
2012-10-24 00:00:00-04:00,60.98610142289294,60.98610142289294,60.048383638610474,60.17938995361328,6498000,0.0,0.0
2012-10-25 00:00:00-04:00,60.52414688080515,60.531043335245265,59.96565506158466,60.21387481689453,4978800,0.0,0.0
2012-10-26 00:00:00-04:00,60.30351974352286,60.37246852035351,59.72434370560009,59.78639602661133,7684500,0.0,0.0
2012-10-31 00:00:00-04:00,60.31728950064468,60.3586576987718,59.55194627257813,59.84843063354492,6899300,0.0,0.0
2012-11-01 00:00:00-04:00,59.98632813427031,60.055276884633,59.572630371641694,59.84843063354492,7374900,0.0,0.0
2012-11-02 00:00:00-04:00,60.227642088209194,60.60686804730874,59.82084084158572,59.88978958129883,7908400,0.0,0.0
2012-11-05 00:00:00-05:00,59.9656750979268,60.42074129441062,59.7795075890135,60.30352783203125,5039100,0.0,0.0
2012-11-06 00:00:00-05:00,60.49657589678162,60.76547979751111,60.42073066729851,60.6551628112793,5581600,0.0,0.0
2012-11-07 00:00:00-05:00,60.544810499250794,60.66202914325988,59.779467389396544,59.88978958129883,5971900,0.0,0.0
2012-11-08 00:00:00-05:00,59.56575646477533,59.98635083977563,58.57977370607119,58.69698715209961,11398400,0.0,0.0
2012-11-09 00:00:00-05:00,58.241900282756674,58.67628215421078,57.95231236845393,58.428062438964844,11030400,0.0,0.0
2012-11-12 00:00:00-05:00,58.57284273560981,58.8141712016981,58.331519529972866,58.52457809448242,4101900,0.0,0.0
2012-11-13 00:00:00-05:00,58.44188018249962,58.80041700108706,58.27639679503943,58.35913848876953,4842300,0.0,0.0
2012-11-14 00:00:00-05:00,58.50393002216513,59.02795020595198,58.041967421153295,58.3453483581543,8157000,0.0,0.0
2012-11-15 00:00:00-05:00,58.18675459899648,58.42807792487632,57.648946826906,57.952327728271484,7639100,0.0,0.0
2012-11-16 00:00:00-05:00,58.035066849244025,58.18675730698639,57.44209792922618,58.00059509277344,6909300,0.0,0.0
2012-11-19 00:00:00-05:00,58.290165375574944,58.64181085157246,58.172951970393314,58.63491439819336,5559800,0.0,0.0
2012-11-20 00:00:00-05:00,58.72457581899626,59.4140741996644,58.676311142767695,59.07622146606445,5822800,0.0,0.0
2012-11-21 00:00:00-05:00,59.33821702560434,59.47611983028245,58.80730569384241,59.30374526977539,3900700,0.0,0.0
2012-11-23 00:00:00-05:00,59.82774909738633,60.03460063597574,59.682955124555,60.02081298828125,2474400,0.0,0.0
2012-11-26 00:00:00-05:00,59.662292650897605,59.758822001111234,59.15896179056294,59.462337493896484,5619200,0.0,0.0
2012-11-27 00:00:00-05:00,59.46232317309016,59.61401361845159,59.172735192193144,59.24168395996094,4633200,0.0,0.0
2012-11-28 00:00:00-05:00,59.2347836230242,59.75190719214893,59.08309320107514,59.655372619628906,7155400,0.0,0.0
2012-11-29 00:00:00-05:00,60.13540379773073,60.51107677539398,59.89886660096951,60.17018508911133,4873900,0.77,0.0
2012-11-30 00:00:00-05:00,59.88497206625547,60.74066744518746,59.79452900619393,60.552833557128906,7369800,0.0,0.0
2012-12-03 00:00:00-05:00,60.817179161778284,60.82413754342859,60.35802681896869,60.56673049926758,6638100,0.0,0.0
2012-12-04 00:00:00-05:00,60.27454668593522,60.78935550520442,60.0171396224554,60.66413116455078,6109700,0.0,0.0
2012-12-05 00:00:00-05:00,60.82413258822224,61.19980555138306,60.33715206617467,60.50411605834961,5349700,0.0,0.0
2012-12-06 00:00:00-05:00,60.601521838020176,61.492003682041435,60.59456345582581,61.283294677734375,6580200,0.0,0.0
2012-12-07 00:00:00-05:00,61.978996136134114,62.01378274606884,61.359832694674616,61.554630279541016,8086500,0.0,0.0
2012-12-10 00:00:00-05:00,62.59121807978374,62.73035392987681,61.923356445490526,62.20163345336914,9276400,0.0,0.0
2012-12-11 00:00:00-05:00,62.44509432222686,62.47987561446008,61.9163687879964,62.34769821166992,7333000,0.0,0.0
2012-12-12 00:00:00-05:00,62.52163558919468,62.60511495672552,62.05551945381886,62.13204574584961,4219500,0.0,0.0
2012-12-13 00:00:00-05:00,62.104201527398594,62.42422337949063,61.86766963671909,62.03463363647461,4639700,0.0,0.0
2012-12-14 00:00:00-05:00,61.80507658796484,62.18770808434873,61.56854461397606,61.83290481567383,4364600,0.0,0.0
2012-12-17 00:00:00-05:00,62.0137622133987,62.56335756070997,61.92332448828029,62.54944610595703,5956500,0.0,0.0
2012-12-18 00:00:00-05:00,62.60510509696424,63.168617277505234,62.556407037677026,62.973819732666016,5340500,0.0,0.0
2012-12-19 00:00:00-05:00,63.11990743442301,63.2033867732219,62.40334282769972,62.410301208496094,5152900,0.0,0.0
2012-12-20 00:00:00-05:00,62.59119832988653,62.695552838374766,62.22943674148609,62.639896392822266,4298900,0.0,0.0
2012-12-21 00:00:00-05:00,62.3685709912669,62.74424399586461,61.99289798666919,62.73728561401367,10730000,0.0,0.0
2012-12-24 00:00:00-05:00,62.326844923974114,62.3964181482185,61.98595841748226,62.118141174316406,2375000,0.0,0.0
2012-12-26 00:00:00-05:00,61.99986197834991,62.173784386528716,61.4920062110839,61.735496520996094,3054000,0.0,0.0
2012-12-27 00:00:00-05:00,61.84679719744571,62.00680280906819,61.05371159737095,61.72157287597656,4576600,0.0,0.0
2012-12-28 00:00:00-05:00,61.38764969703001,61.59635870309528,60.8519710327419,60.928497314453125,3725600,0.0,0.0
2012-12-31 00:00:00-05:00,60.817221708682,61.39464571274468,60.39285036185942,61.366817474365234,6236600,0.0,0.0
2013-01-02 00:00:00-05:00,62.194647862995744,62.85555082338037,62.14594980599572,62.6955451965332,7377200,0.0,0.0
2013-01-03 00:00:00-05:00,62.827733517850255,63.09905206936565,62.723384311645155,63.05035400390625,5473500,0.0,0.0
2013-01-04 00:00:00-05:00,63.04338577274328,63.16165171647151,62.382477548746536,62.5077018737793,5374100,0.0,0.0
2013-01-07 00:00:00-05:00,62.45205286572976,63.342540009467925,62.09029661021927,63.24514389038086,5820900,0.0,0.0
2013-01-08 00:00:00-05:00,62.98775238847892,63.27994081792044,62.591209432039214,63.266029357910156,6285200,0.0,0.0
2013-01-09 00:00:00-05:00,63.16864888134479,63.47474884671305,62.862543608283474,63.175601959228516,4822100,0.0,0.0
2013-01-10 00:00:00-05:00,63.551257700892116,63.75300836563234,63.32863719284972,63.58604431152344,4393300,0.0,0.0
2013-01-11 00:00:00-05:00,63.961706979943095,63.98953520237021,63.34254362708914,63.81561279296875,3692600,0.0,0.0
2013-01-14 00:00:00-05:00,63.83647118946279,64.08691983872043,63.606892376361664,63.67646026611328,3828100,0.0,0.0
2013-01-15 00:00:00-05:00,63.38427499977316,63.7460312285327,63.21035261316588,63.66255187988281,3910400,0.0,0.0
2013-01-16 00:00:00-05:00,63.39818917399493,63.5303718919456,63.245141925677075,63.3773193359375,2925800,0.0,0.0
2013-01-17 00:00:00-05:00,63.620819405384935,64.07301876100188,63.523423274352496,63.83648681640625,4044600,0.0,0.0
2013-01-18 00:00:00-05:00,64.05215105858687,64.21216202644963,63.899098473941955,64.18433380126953,5579900,0.0,0.0
2013-01-22 00:00:00-05:00,64.10780386807201,64.9287178873434,63.87126662132045,64.66435241699219,6967300,0.0,0.0
2013-01-23 00:00:00-05:00,65.01220590344111,65.22091495437176,64.17738031510181,65.0330810546875,9368000,0.0,0.0
2013-01-24 00:00:00-05:00,65.10262643483878,65.1165378898295,64.71303669513145,64.91478729248047,5157200,0.0,0.0
2013-01-25 00:00:00-05:00,64.9147921939207,65.35308002072348,64.89392235601395,65.20002746582031,5461600,0.0,0.0
2013-01-28 00:00:00-05:00,65.35309053756905,65.79833151019699,65.14438150953485,65.64527893066406,4564600,0.0,0.0
2013-01-29 00:00:00-05:00,65.49918758898535,66.08356440064622,65.4296196791721,66.03486633300781,4929700,0.0,0.0
2013-01-30 00:00:00-05:00,66.00701792533553,66.16007046474233,65.69395977305045,65.86092376708984,4657600,0.0,0.0
2013-01-31 00:00:00-05:00,65.81223171850074,66.2922592163086,65.71483560411801,66.2922592163086,5740500,0.0,0.0
2013-02-01 00:00:00-05:00,66.49402489658313,67.00883380466291,66.43836844498225,66.75142669677734,5481100,0.0,0.0
2013-02-04 00:00:00-05:00,66.36877906236394,66.64009754152573,65.7426574536484,65.81222534179688,5933300,0.0,0.0
2013-02-05 00:00:00-05:00,65.8052521234345,66.46616018105284,65.74960101007728,66.02787780761719,4952800,0.0,0.0
2013-02-06 00:00:00-05:00,65.73571229879911,66.32009435374336,65.6800611616969,66.13921356201172,4482700,0.0,0.0
2013-02-07 00:00:00-05:00,66.11139922815167,66.13226907241064,65.44353767340588,65.83312225341797,5619600,0.0,0.0
2013-02-08 00:00:00-05:00,65.66615053107752,66.42445506607118,65.64528068925323,66.00008392333984,5331600,0.0,0.0
2013-02-11 00:00:00-05:00,65.9165748298758,66.30615922011953,65.81222035172074,66.2087631225586,3557600,0.0,0.0
2013-02-12 00:00:00-05:00,66.12529103525502,66.32703632539835,65.95832172882699,66.16007232666016,4526900,0.0,0.0
2013-02-13 00:00:00-05:00,65.84006207798201,65.91658835715435,65.03306491719682,65.39482116699219,6663100,0.0,0.0
2013-02-14 00:00:00-05:00,65.29744655567394,65.31831640092364,64.83133565279077,65.08873748779297,5360900,0.0,0.0
2013-02-15 00:00:00-05:00,65.26262627772434,65.61047100630437,64.84521366496617,65.32524108886719,5094100,0.0,0.0
2013-02-19 00:00:00-05:00,65.49220927163412,65.73569953571428,65.23480224521242,65.29045867919922,4401900,0.0,0.0
2013-02-20 00:00:00-05:00,65.34611055036018,65.72874187268991,65.22088623647856,65.33219909667969,4023800,0.0,0.0
2013-02-21 00:00:00-05:00,65.00525256971484,65.70789540250014,64.90785642838438,65.49223327636719,4424600,0.0,0.0
2013-02-22 00:00:00-05:00,65.58264156500992,66.26441955566406,65.29045327231067,66.26441955566406,4421300,0.0,0.0
2013-02-25 00:00:00-05:00,66.35487274067506,67.32883925107059,66.27139338483776,66.88359832763672,9028000,0.0,0.0
2013-02-26 00:00:00-05:00,67.0296924987836,67.18274506138482,66.8209888015287,66.93925476074219,6451100,0.0,0.0
2013-02-27 00:00:00-05:00,66.87616693835525,67.28993259830962,66.70084141793181,67.13565063476562,4326800,0.77,0.0
2013-02-28 00:00:00-05:00,67.12158799515343,67.4792533759095,66.98132978923336,67.25483703613281,3967600,0.0,0.0
2013-03-01 00:00:00-05:00,67.10055541992188,67.19873724239153,66.59561727550187,67.10055541992188,3823200,0.0,0.0
2013-03-04 00:00:00-05:00,67.04446444093398,67.09355536274805,66.53251702065997,66.67277526855469,4636900,0.0,0.0
2013-03-05 00:00:00-05:00,67.00236993661784,67.39509720503891,66.85509721095994,67.19171905517578,5643000,0.0,0.0
2013-03-06 00:00:00-05:00,67.28991582075183,67.90005040588274,67.27589213683903,67.89303588867188,5052000,0.0,0.0
2013-03-07 00:00:00-05:00,67.7738403015647,68.13852042098195,67.7738403015647,68.08942413330078,4566400,0.0,0.0
2013-03-08 00:00:00-05:00,68.81874567441454,69.39381295282762,68.74861656251213,69.22550201416016,8838100,0.0,0.0
2013-03-11 00:00:00-04:00,69.05017797326057,69.35173797607422,68.9239434290477,69.35173797607422,4853400,0.0,0.0
2013-03-12 00:00:00-04:00,69.33069582076249,69.33771033684857,69.0992649444941,69.26056671142578,3856000,0.0,0.0
2013-03-13 00:00:00-04:00,69.2465332143372,69.75848584545052,69.10627500470746,69.69536590576172,3896600,0.0,0.0
2013-03-14 00:00:00-04:00,69.68136851042073,69.69539219647066,69.35877022617458,69.64630126953125,3649900,0.0,0.0
2013-03-15 00:00:00-04:00,69.40784117706856,69.91978850345063,69.3026448351861,69.89875030517578,6388000,0.0,0.0
2013-03-18 00:00:00-04:00,69.39380443928094,69.66731168750105,68.8748426542617,69.12731170654297,3934500,0.0,0.0
2013-03-19 00:00:00-04:00,69.27458753227508,69.4218602609527,68.8678312242086,69.00809478759766,4648500,0.0,0.0
2013-03-20 00:00:00-04:00,69.14135119938449,69.35875842499051,69.14135119938449,69.26758575439453,3534900,0.0,0.0
2013-03-21 00:00:00-04:00,69.07824310830195,69.34473592710492,69.02213766734047,69.09928131103516,3523400,0.0,0.0
2013-03-22 00:00:00-04:00,69.09224119278208,69.86367734389144,69.09224119278208,69.61821746826172,4160000,0.0,0.0
2013-03-25 00:00:00-04:00,69.75146291022229,69.84964471521329,68.81172124802069,68.8958740234375,4932500,0.0,0.0
2013-03-26 00:00:00-04:00,68.97304308232745,69.19745948374965,68.90992847747857,69.07823944091797,4434000,0.0,0.0
2013-03-27 00:00:00-04:00,68.86082575155898,69.63225666478901,68.85381123538642,69.35874938964844,4401700,0.0,0.0
2013-03-28 00:00:00-04:00,69.3447529138017,69.97592590295709,69.19748010808388,69.91281127929688,3954700,0.0,0.0
2013-04-01 00:00:00-04:00,69.71639723615547,69.90574632102651,69.32366468709735,69.46392822265625,3155800,0.0,0.0
2013-04-02 00:00:00-04:00,69.70938775917485,70.42471311544318,69.44990421251985,70.31250762939453,5136800,0.0,0.0
2013-04-03 00:00:00-04:00,70.277474452674,70.48085267958173,69.47097606335295,69.6042251586914,4454400,0.0,0.0
2013-04-04 00:00:00-04:00,69.80758974498357,70.69824077794792,69.80057522804438,70.57200622558594,5860600,0.0,0.0
2013-04-05 00:00:00-04:00,70.24939514966647,71.16108956663831,69.99692609113605,71.12602233886719,5693000,0.0,0.0
2013-04-08 00:00:00-04:00,70.88757585224539,71.18212127685547,70.72627410990715,71.18212127685547,4163600,0.0,0.0
2013-04-09 00:00:00-04:00,71.1821478731609,71.1821478731609,70.5299368461155,70.87357330322266,3690400,0.0,0.0
2013-04-10 00:00:00-04:00,70.91564685510134,71.3504505891612,70.83850322154068,71.17512512207031,3159400,0.0,0.0
2013-04-11 00:00:00-04:00,71.0699248354361,71.86239932712041,71.0699248354361,71.52577209472656,4049400,0.0,0.0
2013-04-12 00:00:00-04:00,71.18213186015825,72.72499366175157,71.18213186015825,72.6478500366211,5714000,0.0,0.0
2013-04-15 00:00:00-04:00,72.3322494546057,72.54264208312327,71.62393331247046,71.6379623413086,5643600,0.0,0.0
2013-04-16 00:00:00-04:00,71.81330564117069,72.26915288286601,71.54680753191377,72.26213836669922,3199300,0.0,0.0
2013-04-17 00:00:00-04:00,71.92551507663455,72.31123322925833,71.53278775796917,71.91149139404297,4191500,0.0,0.0
2013-04-18 00:00:00-04:00,71.5888779012973,71.6940742250486,70.20029819889612,71.46965789794922,5696900,0.0,0.0
2013-04-19 00:00:00-04:00,70.53693554259318,71.14005551191724,69.74446109309332,70.0740737915039,8227700,0.0,0.0
2013-04-22 00:00:00-04:00,69.67434325479857,69.89175048389168,68.99407955025058,69.65330505371094,5620500,0.0,0.0
2013-04-23 00:00:00-04:00,69.6182189636781,70.29848248399185,69.57614257289828,69.96186065673828,5753500,0.0,0.0
2013-04-24 00:00:00-04:00,70.19330143851734,70.99979965726304,70.19330143851734,70.84551239013672,4593000,0.0,0.0
2013-04-25 00:00:00-04:00,71.02083135173619,71.27330042926974,70.72628587811644,70.7894058227539,3529400,0.0,0.0
2013-04-26 00:00:00-04:00,70.71227235275312,70.82447787526861,70.41071231963615,70.75434875488281,3113600,0.0,0.0
2013-04-29 00:00:00-04:00,71.22418767064468,71.8974365540614,70.93665680140205,71.65899658203125,3417700,0.0,0.0
2013-04-30 00:00:00-04:00,71.72213349531106,71.78525344024723,71.22420985407126,71.63096618652344,4205200,0.0,0.0
2013-05-01 00:00:00-04:00,71.518769732112,71.84136796231833,71.06292242945848,71.09798431396484,2720100,0.0,0.0
2013-05-02 00:00:00-04:00,71.15409478054127,71.771238566677,70.91565468720789,71.57487487792969,3821100,0.0,0.0
2013-05-03 00:00:00-04:00,72.1780014038086,72.47254696314654,71.91852308508648,72.1780014038086,4109400,0.0,0.0
2013-05-06 00:00:00-04:00,72.0657709633573,72.09382367605475,71.56784735162005,71.58187103271484,3314200,0.0,0.0
2013-05-07 00:00:00-04:00,71.59591955435148,71.89747963234205,71.38553216188741,71.7361831665039,4304200,0.0,0.0
2013-05-08 00:00:00-04:00,71.72914221967052,71.72914221967052,70.66316591261956,70.7964096069336,5228800,0.0,0.0
2013-05-09 00:00:00-04:00,70.6772280352385,70.99281720507152,69.75150943464746,69.91281127929688,10628500,0.0,0.0
2013-05-10 00:00:00-04:00,70.09515174742904,70.27047729492188,69.70943875325148,70.27047729492188,5036900,0.0,0.0
2013-05-13 00:00:00-04:00,70.14419082132203,70.6210761719087,69.98990894803536,70.39665985107422,3154100,0.0,0.0
2013-05-14 00:00:00-04:00,70.46683064142674,71.17514184250382,70.43877791804103,70.97176361083984,3810800,0.0,0.0
2013-05-15 00:00:00-04:00,71.04186932512481,71.55381660569134,71.04186932512481,71.49771118164062,3402600,0.0,0.0
2013-05-16 00:00:00-04:00,71.2382476430895,71.3785058816199,70.71928038940757,70.9156494140625,4251800,0.0,0.0
2013-05-17 00:00:00-04:00,70.90159250708159,71.46263594166356,70.6912052319934,71.21016693115234,4015300,0.0,0.0
2013-05-20 00:00:00-04:00,70.99977430555742,71.49068864844334,70.99977430555742,71.21016693115234,2233100,0.0,0.0
2013-05-21 00:00:00-04:00,71.28732979900745,71.96759340833064,71.1260280290667,71.63096618652344,4078600,0.0,0.0
2013-05-22 00:00:00-04:00,71.6590231340748,71.81331039691298,71.11902306464967,71.35044860839844,4648200,0.0,0.0
2013-05-23 00:00:00-04:00,70.92969798470071,71.18918170258631,70.37566865224922,70.85255432128906,13743100,0.0,0.0
2013-05-24 00:00:00-04:00,70.59303305972827,70.59303305972827,69.94082225205527,70.33354949951172,13161000,0.0,0.0
2013-05-28 00:00:00-04:00,70.8735594660649,71.49070848545092,70.74732492578215,70.99979400634766,14083800,0.0,0.0
2013-05-29 00:00:00-04:00,70.57899524018887,70.57899524018887,68.92392297414135,69.46392822265625,8770700,0.0,0.0
2013-05-30 00:00:00-04:00,69.56290830083188,69.68306240830658,68.41083197915299,68.60873413085938,8028900,0.77,0.0
2013-05-31 00:00:00-04:00,68.48149994035799,69.06107274875866,68.24825584379435,68.25532531738281,5443400,0.0,0.0
2013-06-03 00:00:00-04:00,68.39667315835398,69.25896547663322,68.25531606032654,69.23776245117188,4224000,0.0,0.0
2013-06-04 00:00:00-04:00,69.27311786268054,69.74667016462433,69.01160124891834,69.5275650024414,4902300,0.0,0.0
2013-06-05 00:00:00-04:00,69.3579206771038,69.37912909626282,67.93726396184353,68.14929962158203,5394800,0.0,0.0
2013-06-06 00:00:00-04:00,68.12811247954085,68.43910465724821,67.25875582630141,68.33308410644531,5817300,0.0,0.0
2013-06-07 00:00:00-04:00,68.60163601387443,69.75371724696983,68.55922996833661,69.46392822265625,5036800,0.0,0.0
2013-06-10 00:00:00-04:00,70.53829596892187,70.80687670949632,70.05767411202102,70.34745788574219,5718400,0.0,0.0
2013-06-11 00:00:00-04:00,69.98697615807772,70.31917132413281,69.3155217446168,69.4286117553711,4812800,0.0,0.0
2013-06-12 00:00:00-04:00,69.78906710520253,70.04351421171759,69.31551486513261,69.4356689453125,4485200,0.0,0.0
2013-06-13 00:00:00-04:00,69.33672306866443,70.02231641282643,69.17416292273784,69.88802337646484,2927800,0.0,0.0
2013-06-14 00:00:00-04:00,69.85269348678973,70.26970079818747,69.42861670110912,69.56290435791016,3351100,0.0,0.0
2013-06-17 00:00:00-04:00,70.18486440714464,70.46051449214089,69.47806821127179,69.78905487060547,4884800,0.0,0.0
2013-06-18 00:00:00-04:00,69.95869891872083,70.70790125799358,69.93749050045372,70.5029296875,3340100,0.0,0.0
2013-06-19 00:00:00-04:00,70.47466455675342,70.72911167828292,69.64064463450192,69.83854675292969,3518200,0.0,0.0
2013-06-20 00:00:00-04:00,69.52755179107838,69.74665691162778,68.2906583048818,68.41081237792969,5550100,0.0,0.0
2013-06-21 00:00:00-04:00,68.81369860822565,69.08934877552656,68.48150343418901,68.72181701660156,7227000,0.0,0.0
2013-06-24 00:00:00-04:00,68.23410875958662,69.06105905533175,67.86657169985946,68.76420593261719,4244500,0.0,0.0
2013-06-25 00:00:00-04:00,69.2024439102071,69.25898352869831,68.65820761685049,68.92678833007812,3211300,0.0,0.0
2013-06-26 00:00:00-04:00,69.52047442645836,70.07177459779112,69.29429985892628,69.85973358154297,3585500,0.0,0.0
2013-06-27 00:00:00-04:00,70.29089609799132,70.55241269340665,70.0647214776745,70.43225860595703,4497100,0.0,0.0
2013-06-28 00:00:00-04:00,70.33331467618054,70.75739145820909,69.9233714501671,69.97284698486328,5386400,0.0,0.0
2013-07-01 00:00:00-04:00,70.22021118790244,70.8916709070337,70.15660210939336,70.55240631103516,4053500,0.0,0.0
2013-07-02 00:00:00-04:00,70.55243992699606,71.03306185474528,70.24851715808948,70.63018798828125,3850500,0.0,0.0
2013-07-03 00:00:00-04:00,70.6442899762372,71.07543616252146,70.474660369439,70.92700958251953,1676300,0.0,0.0
2013-07-05 00:00:00-04:00,71.16733077893171,71.27334592429966,70.14954224397101,70.5806884765625,3933900,0.0,0.0
2013-07-08 00:00:00-04:00,70.87752241629926,71.03301844384028,70.36156420756087,70.59480285644531,4064300,0.0,0.0
2013-07-09 00:00:00-04:00,70.8492760202439,70.94116301169097,70.11420705081275,70.67257690429688,4120100,0.0,0.0
2013-07-10 00:00:00-04:00,70.7856279765336,70.93405450516478,70.25553092038247,70.66547393798828,3532400,0.0,0.0
2013-07-11 00:00:00-04:00,71.20972646361331,71.35815303793497,70.5099996439747,71.23799896240234,4064100,0.0,0.0
2013-07-12 00:00:00-04:00,71.09664677584392,71.95893924042527,71.03303768866753,71.79637908935547,4766800,0.0,0.0
2013-07-15 00:00:00-04:00,71.81051556669493,71.90240255292683,71.17439770690343,71.2097396850586,4480700,0.0,0.0
2013-07-16 00:00:00-04:00,70.80686514931847,71.47125550573618,70.30504034120058,71.30162048339844,4406200,0.0,0.0
2013-07-17 00:00:00-04:00,70.71497622350797,70.92701189079932,70.18487896663738,70.75031280517578,5377400,0.0,0.0
2013-07-18 00:00:00-04:00,71.01890294935113,71.22386915512115,70.67256883907001,70.8068618774414,3401600,0.0,0.0
2013-07-19 00:00:00-04:00,70.82097736236132,70.96940931028257,70.34742520067603,70.87045288085938,4508300,0.0,0.0
2013-07-22 00:00:00-04:00,69.08934659608448,69.21657016101226,68.60165536512324,68.96919250488281,13209600,0.0,0.0
2013-07-23 00:00:00-04:00,68.94800307981629,69.06815719472478,68.3330881626024,68.38963317871094,6989300,0.0,0.0
2013-07-24 00:00:00-04:00,68.70767397416198,68.84196700904918,68.06449208626564,68.31893920898438,5197900,0.0,0.0
2013-07-25 00:00:00-04:00,68.32599822343359,68.97624953663897,68.24825019767772,68.90557098388672,4208100,0.0,0.0
2013-07-26 00:00:00-04:00,68.73593883424904,69.32258104598878,68.50269476561598,69.28723907470703,4561600,0.0,0.0
2013-07-29 00:00:00-04:00,69.2377499951164,69.28722550976799,68.83487640654583,69.17414093017578,3592500,0.0,0.0
2013-07-30 00:00:00-04:00,69.26604838867921,69.64771909832052,69.15295837437274,69.5275650024414,4127400,0.0,0.0
2013-07-31 00:00:00-04:00,69.49220037452308,69.64769639729764,69.00450928353503,69.32257080078125,5343000,0.0,0.0
2013-08-01 00:00:00-04:00,69.70426628114527,70.14247661918893,69.49222519391655,69.97284698486328,3954600,0.0,0.0
2013-08-02 00:00:00-04:00,69.83854662825028,70.11419677734375,69.58409950717504,70.11419677734375,3224300,0.0,0.0
2013-08-05 00:00:00-04:00,69.97991986129786,70.28384255847274,69.85269628126117,70.19195556640625,3326400,0.0,0.0
2013-08-06 00:00:00-04:00,70.20609534654868,70.25557088423584,69.52757137579792,69.75374603271484,3507200,0.0,0.0
2013-08-07 00:00:00-04:00,69.69011546899038,69.96576560000503,69.45687139123093,69.49928283691406,3256400,0.0,0.0
2013-08-08 00:00:00-04:00,69.71839591097876,69.96577357052864,68.87024239468529,69.29431915283203,4862300,0.0,0.0
2013-08-09 00:00:00-04:00,69.19538447430735,69.54878275518487,68.60874203386747,68.99748229980469,4041800,0.0,0.0
2013-08-12 00:00:00-04:00,68.90561130133808,69.12472195323049,68.55928241551156,68.58755493164062,3256800,0.0,0.0
2013-08-13 00:00:00-04:00,68.57336003964168,68.62990502577404,67.9301783477728,68.17048645019531,5188300,0.0,0.0
2013-08-14 00:00:00-04:00,68.02207261535155,68.11395958309171,67.59799592497654,67.93019104003906,5448700,0.0,0.0
2013-08-15 00:00:00-04:00,67.53442336753697,67.78887059784093,67.27997613723302,67.42133331298828,4207500,0.0,0.0
2013-08-16 00:00:00-04:00,67.28700894117668,67.49904999866729,67.15272130436551,67.16685485839844,3324000,0.0,0.0
2013-08-19 00:00:00-04:00,67.2304771747088,67.84538660678705,67.18100164118033,67.48492431640625,3126200,0.0,0.0
2013-08-20 00:00:00-04:00,67.50613105891661,67.78178124551123,67.40011051197351,67.49906158447266,2827800,0.0,0.0
2013-08-21 00:00:00-04:00,67.4354679613758,67.72525177090534,67.22342681884766,67.22342681884766,3430600,0.0,0.0
2013-08-22 00:00:00-04:00,67.40715509094053,67.63332965775257,67.29406511132102,67.47076416015625,15364400,0.0,0.0
2013-08-23 00:00:00-04:00,67.54853334774509,67.62628138499873,67.08205051665189,67.23754119873047,12274200,0.0,0.0
2013-08-26 00:00:00-04:00,67.40010332856306,67.81004652375636,67.21633475960944,67.36476135253906,3060000,0.0,0.0
2013-08-27 00:00:00-04:00,67.04669357140664,67.27993763109845,66.44591782964112,67.03255462646484,4513100,0.0,0.0
2013-08-28 00:00:00-04:00,67.14566275122885,68.08570332392901,67.14566275122885,67.90900421142578,5482500,0.0,0.0
2013-08-29 00:00:00-04:00,68.15125979251809,68.38638828348972,67.47437523693254,67.58837890625,4796600,0.77,0.0
2013-08-30 00:00:00-04:00,67.68814348759706,67.78076741120073,67.07538722746129,67.23213958740234,3993000,0.0,0.0
2013-09-03 00:00:00-04:00,67.759362529903,67.8876139087631,67.06110925077024,67.34610748291016,3672100,0.0,0.0
2013-09-04 00:00:00-04:00,67.33185952774723,67.94461550965165,67.21785588646603,67.80211639404297,2898800,0.0,0.0
2013-09-05 00:00:00-04:00,67.9232349307905,68.72836518822068,67.74510833468709,68.15836334228516,4275300,0.0,0.0
2013-09-06 00:00:00-04:00,68.307976572299,68.93498011926933,67.86622073757523,68.58585357666016,4485800,0.0,0.0
2013-09-09 00:00:00-04:00,68.55737137294453,68.96349983131874,68.55024478637858,68.72124481201172,3525200,0.0,0.0
2013-09-10 00:00:00-04:00,69.18440053723451,69.36965380413646,68.75689759791791,69.03477478027344,4984300,0.0,0.0
2013-09-11 00:00:00-04:00,68.87088547489819,69.44088745117188,68.66425792385115,69.44088745117188,3928600,0.0,0.0
2013-09-12 00:00:00-04:00,69.45514055194406,69.71876449514085,69.1630102585715,69.24138641357422,4277300,0.0,0.0
2013-09-13 00:00:00-04:00,69.35538409366396,69.57626481785591,69.20575837236886,69.36251068115234,2668700,0.0,0.0
2013-09-16 00:00:00-04:00,69.74013572819929,69.94676326985947,69.39813564517047,69.61901092529297,3490900,0.0,0.0
2013-09-17 00:00:00-04:00,69.52640420399568,70.08215855314921,69.46227577509624,69.7686538696289,3256900,0.0,0.0
2013-09-18 00:00:00-04:00,69.73301035640321,70.53101412583382,69.569131476042,70.32438659667969,4279600,0.0,0.0
2013-09-19 00:00:00-04:00,70.18190905499756,70.18903564398519,69.11314901862704,69.7686538696289,6430800,0.0,0.0
2013-09-20 00:00:00-04:00,69.61189504340864,69.86127671079385,69.0418930053711,69.0418930053711,8077000,0.0,0.0
2013-09-23 00:00:00-04:00,69.0917620348855,69.52639147162873,68.98488496362191,69.31263732910156,3301600,0.0,0.0
2013-09-24 00:00:00-04:00,69.21291845228049,70.25317785323719,69.01341739401428,69.6689224243164,4810300,0.0,0.0
2013-09-25 00:00:00-04:00,69.68313725054935,69.81850978786204,69.40526015291654,69.55488586425781,4053200,0.0,0.0
2013-09-26 00:00:00-04:00,69.74726727923927,70.05364531992012,69.67601770987031,69.96102142333984,3604900,0.0,0.0
2013-09-27 00:00:00-04:00,69.74727426408657,69.81852384059083,69.11314379200851,69.19864654541016,3533100,0.0,0.0
2013-09-30 00:00:00-04:00,68.72837381083386,68.89225269164575,67.76649115839679,68.55024719238281,4404500,0.0,0.0
2013-10-01 00:00:00-04:00,68.52885258519886,68.67847824809336,68.29372421379695,68.49322509765625,3240700,0.0,0.0
2013-10-02 00:00:00-04:00,68.10138079815819,68.31512951237329,66.98274567551815,67.88762664794922,7250300,0.0,0.0
2013-10-03 00:00:00-04:00,67.79500084381888,67.83774949826197,67.41024664584987,67.45299530029297,4855700,0.0,0.0
2013-10-04 00:00:00-04:00,67.4102346347412,67.54561259768107,67.26060893485685,67.47435760498047,3047700,0.0,0.0
2013-10-07 00:00:00-04:00,67.16088999724603,67.54564430728443,67.07538722746129,67.23213958740234,3037100,0.0,0.0
2013-10-08 00:00:00-04:00,67.16798433818221,67.38886504628694,66.932861328125,66.932861328125,3643900,0.0,0.0
2013-10-09 00:00:00-04:00,66.84737092803694,66.94712142004258,66.36286620858348,66.45549011230469,5159400,0.0,0.0
2013-10-10 00:00:00-04:00,67.132371216911,67.28912353515625,66.62649219457012,67.28912353515625,4531000,0.0,0.0
2013-10-11 00:00:00-04:00,67.4672313358997,67.54560747312993,67.21072860241753,67.50285339355469,4132600,0.0,0.0
2013-10-14 00:00:00-04:00,67.26776447986468,67.60263808415287,67.10388553649379,67.48863983154297,3429700,0.0,0.0
2013-10-15 00:00:00-04:00,66.96848716811752,67.11811288695418,66.5837329899689,66.83311462402344,5878900,0.0,0.0
2013-10-16 00:00:00-04:00,67.18937438468491,67.8591268905173,67.07537071969577,67.84487915039062,4708700,0.0,0.0
2013-10-17 00:00:00-04:00,67.8235092631064,68.05863232455233,67.4387550225663,68.02301025390625,3860500,0.0,0.0
2013-10-18 00:00:00-04:00,68.18688074821195,68.18688074821195,67.34612272671075,67.83062744140625,7286100,0.0,0.0
2013-10-21 00:00:00-04:00,66.76185810258062,67.58124167983823,66.43410575887623,67.39598846435547,9137700,0.0,0.0
2013-10-22 00:00:00-04:00,67.46010841014352,68.0372368737954,67.12522952126164,67.77361297607422,5144000,0.0,0.0
2013-10-23 00:00:00-04:00,67.74512682117752,67.83062413160283,66.92574316830753,67.125244140625,4581200,0.0,0.0
2013-10-24 00:00:00-04:00,67.26774677588848,67.55274505040302,67.14661652962681,67.46012115478516,3640900,0.0,0.0
2013-10-25 00:00:00-04:00,67.53137969970703,67.65250452607503,67.23212821009399,67.53137969970703,3055900,0.0,0.0
2013-10-28 00:00:00-04:00,67.46723946198875,68.2011202571802,67.46011287520247,67.95174407958984,3836400,0.0,0.0
2013-10-29 00:00:00-04:00,68.12987837427356,68.47187847465085,67.90187649535751,68.4362564086914,3975100,0.0,0.0
2013-10-30 00:00:00-04:00,68.52173226256912,68.72123316466045,68.20823317470781,68.42198181152344,3404300,0.0,0.0
2013-10-31 00:00:00-04:00,68.54313913642741,68.89939246964376,68.47901614572581,68.7711410522461,4271300,0.0,0.0
2013-11-01 00:00:00-04:00,68.77112076349374,69.46937948243611,68.77112076349374,69.28412628173828,5127300,0.0,0.0
2013-11-04 00:00:00-05:00,69.29839282448991,69.46939288489752,68.99201477176291,69.33401489257812,5023900,0.0,0.0
2013-11-05 00:00:00-05:00,69.38388604532055,69.64751542639863,69.12738325183744,69.40526580810547,4338200,0.0,0.0
2013-11-06 00:00:00-05:00,69.58339447593733,69.9610220895833,69.4480164876515,69.75439453125,4365900,0.0,0.0
2013-11-07 00:00:00-05:00,69.79713696202558,69.88976085122832,68.95637906405372,69.25563049316406,4921000,0.0,0.0
2013-11-08 00:00:00-05:00,69.2342450836682,69.3268743940348,68.62861573523777,69.12024688720703,5052400,0.0,0.0
2013-11-11 00:00:00-05:00,68.99202116432505,69.46227273301633,68.97064683429288,69.1772689819336,2573800,0.0,0.0
2013-11-12 00:00:00-05:00,69.16299244252995,69.65462357254275,69.00624017290313,69.5833740234375,3845000,0.0,0.0
2013-11-13 00:00:00-05:00,69.44798053440114,69.91111065393766,69.3339769325499,69.90398406982422,4164800,0.0,0.0
2013-11-14 00:00:00-05:00,69.95387903581256,70.32437997444596,69.24137263106238,69.51212310791016,6594200,0.0,0.0
2013-11-15 00:00:00-05:00,69.43375703507398,69.6190102492451,68.68562846321744,69.0561294555664,7096800,0.0,0.0
2013-11-18 00:00:00-05:00,69.04191381583391,69.67604446793551,69.04191381583391,69.5762939453125,4966700,0.0,0.0
2013-11-19 00:00:00-05:00,69.48364353668002,70.03227668096962,69.3696453036291,69.8114013671875,3836600,0.0,0.0
2013-11-20 00:00:00-05:00,69.51924572008767,69.86125116665428,69.24136867299886,69.49787139892578,3815100,0.0,0.0
2013-11-21 00:00:00-05:00,69.6831782578624,69.88980047893209,69.53354702247266,69.61192321777344,12884800,0.0,0.0
2013-11-22 00:00:00-05:00,69.71165017290524,70.18903377445794,69.37677660333088,70.01802825927734,16495500,0.0,0.0
2013-11-25 00:00:00-05:00,70.36002295528444,70.73052397546492,70.28877338632591,70.48114776611328,20420800,0.0,0.0
2013-11-26 00:00:00-05:00,70.39562489072537,70.60224693486377,69.93249470670908,69.9681167602539,5517400,0.0,0.0
2013-11-27 00:00:00-05:00,70.13337446439995,70.16211241880137,69.65202057968155,69.73104858398438,3501500,0.81,0.0
2013-11-29 00:00:00-05:00,69.86755200654167,70.11900225428323,69.7454198120964,69.95376586914062,2920300,0.0,0.0
2013-12-02 00:00:00-05:00,69.89631409739209,69.89631409739209,69.20661940204751,69.3359375,4810000,0.0,0.0
2013-12-03 00:00:00-05:00,69.50835285341185,69.50835285341185,69.01981847457375,69.2425308227539,4851900,0.0,0.0
2013-12-04 00:00:00-05:00,68.72525109965885,69.06290974842919,68.5097191712309,68.76116943359375,4951300,0.0,0.0
2013-12-05 00:00:00-05:00,68.51690099732183,68.84019338972885,68.3947633217597,68.56000518798828,5076500,0.0,0.0
2013-12-06 00:00:00-05:00,68.92639825707434,69.65201095088418,68.89766030664569,69.54425048828125,5811200,0.0,0.0
2013-12-09 00:00:00-05:00,69.06289545907539,69.32871738497643,68.57436127276213,68.76834106445312,5056100,0.0,0.0
2013-12-10 00:00:00-05:00,68.7467991495501,68.75397952719163,68.30136908158094,68.56000518798828,4190600,0.0,0.0
2013-12-11 00:00:00-05:00,68.61751254293843,68.76838276061736,68.37324256107243,68.43790435791016,5194500,0.0,0.0
2013-12-12 00:00:00-05:00,68.53847976575918,68.73964004209388,67.56141086824229,67.6045150756836,5719900,0.0,0.0
2013-12-13 00:00:00-05:00,67.66915439922995,67.97808057279872,67.56857429445917,67.84876251220703,3277500,0.0,0.0
2013-12-16 00:00:00-05:00,68.22951166852961,68.81144003712171,68.17922163027107,68.57435607910156,4868100,0.0,0.0
2013-12-17 00:00:00-05:00,68.56718316956206,68.66776325703161,67.72661317970409,67.8056411743164,4460300,0.0,0.0
2013-12-18 00:00:00-05:00,68.00681323947094,68.93358620689395,67.94215147360178,68.91921997070312,5526800,0.0,0.0
2013-12-19 00:00:00-05:00,68.88329246253701,69.18503821839616,68.20078391540675,68.35165405273438,5476500,0.0,0.0
2013-12-20 00:00:00-05:00,68.58158101507607,69.3359375,68.49536712270566,69.3359375,8039500,0.0,0.0
2013-12-23 00:00:00-05:00,69.48678363193132,69.65202001689897,69.00543523230652,69.18504333496094,3296300,0.0,0.0
2013-12-24 00:00:00-05:00,69.07009358229172,69.50833780436079,69.07009358229172,69.35746765136719,1155900,0.0,0.0
2013-12-26 00:00:00-05:00,69.52270036913887,69.62328594702623,69.4221202724557,69.57299041748047,1978300,0.0,0.0
2013-12-27 00:00:00-05:00,69.59454543377738,69.88909985431444,69.5442553872855,69.62328338623047,1987100,0.0,0.0
2013-12-30 00:00:00-05:00,69.60172205440426,69.79570185269193,69.53706577577749,69.69512176513672,2293000,0.0,0.0
2013-12-31 00:00:00-05:00,69.65201963640912,69.74541935724996,69.42212148551552,69.7094955444336,2560900,0.0,0.0
2014-01-02 00:00:00-05:00,69.55145249354759,69.70950852945437,69.15631788498595,69.26408386230469,2925800,0.0,0.0
2014-01-03 00:00:00-05:00,69.61610376541465,69.70949800835228,69.3287296963392,69.35746765136719,2965300,0.0,0.0
2014-01-06 00:00:00-05:00,69.41490533224365,69.41490533224365,68.62462570721924,68.86170959472656,5022700,0.0,0.0
2014-01-07 00:00:00-05:00,69.2425308227539,69.74543692281982,69.06292267584587,69.2425308227539,4881800,0.0,0.0
2014-01-08 00:00:00-05:00,68.64623441841655,68.76118077966167,68.25109431149934,68.545654296875,7669800,0.0,0.0
2014-01-09 00:00:00-05:00,69.14192694700142,69.22095494298932,68.43068046431412,68.58155059814453,7709000,0.0,0.0
2014-01-10 00:00:00-05:00,68.8473730162338,69.12756119261061,68.71086911654118,68.82582092285156,5512200,0.0,0.0
2014-01-13 00:00:00-05:00,68.84740762149016,68.84740762149016,67.95654711841661,68.12897491455078,5753200,0.0,0.0
2014-01-14 00:00:00-05:00,68.1145967861893,68.53847489365411,68.1074164062638,68.4091567993164,3842200,0.0,0.0
2014-01-15 00:00:00-05:00,68.6031026913769,68.73242073197494,68.3588383264716,68.58155059814453,3560600,0.0,0.0
2014-01-16 00:00:00-05:00,68.53846403132938,69.18505440054295,68.38759385871376,69.01262664794922,5058000,0.0,0.0
2014-01-17 00:00:00-05:00,68.98389455246489,69.06292257548603,68.08585381922968,68.2008056640625,5975300,0.0,0.0
2014-01-21 00:00:00-05:00,68.50970049930352,68.94075875747232,68.25825030547196,68.30854034423828,6462700,0.0,0.0
2014-01-22 00:00:00-05:00,68.30136749530504,68.48097559384968,68.0283651587507,68.16486358642578,4976400,0.0,0.0
2014-01-23 00:00:00-05:00,67.92778178493967,68.9335827033022,67.89185797448219,68.48097229003906,7146000,0.0,0.0
2014-01-24 00:00:00-05:00,68.05711520097242,68.94078413330021,67.81284529333688,67.84158325195312,6944800,0.0,0.0
2014-01-27 00:00:00-05:00,67.74098751388809,68.0211756942686,67.47516556889974,67.58293151855469,6607600,0.0,0.0
2014-01-28 00:00:00-05:00,67.76973801550953,67.99245033315555,67.60449613127854,67.66197204589844,3682800,0.0,0.0
2014-01-29 00:00:00-05:00,67.50391802036432,67.7481879241303,66.72082921499603,66.92198944091797,8013500,0.0,0.0
2014-01-30 00:00:00-05:00,67.09441706701047,67.5326613718562,66.7639387435737,67.38897705078125,4987400,0.0,0.0
2014-01-31 00:00:00-05:00,66.8501367499857,67.92778534575416,66.77828912530444,67.65477752685547,5972500,0.0,0.0
2014-02-03 00:00:00-05:00,67.9206263977087,68.06431074159164,66.74958309956432,66.82860565185547,6904700,0.0,0.0
2014-02-04 00:00:00-05:00,66.71364694500564,67.1518912384339,66.51966708728212,66.8788833618164,6300400,0.0,0.0
2014-02-05 00:00:00-05:00,66.67053481030335,67.41769974893948,66.25384266595285,67.23091125488281,4958900,0.0,0.0
2014-02-06 00:00:00-05:00,67.43926235030304,68.38759305358313,67.3099442779828,68.2079849243164,5356900,0.0,0.0
2014-02-07 00:00:00-05:00,68.31575557590978,68.9336080709624,67.97809684688859,68.91205596923828,6591200,0.0,0.0
2014-02-10 00:00:00-05:00,68.78990953063058,68.91922759547161,67.90623517401613,68.15050506591797,6968200,0.0,0.0
2014-02-11 00:00:00-05:00,68.29417064953199,68.85454694984583,68.12893429492831,68.49533081054688,5343500,0.0,0.0
2014-02-12 00:00:00-05:00,68.56716747048132,68.73240379869023,68.10018546774752,68.17202758789062,4268900,0.0,0.0
2014-02-13 00:00:00-05:00,68.02836010743302,68.66776445227781,67.8918562086896,68.58155059814453,3617900,0.0,0.0
2014-02-14 00:00:00-05:00,68.46661028852955,68.9479586836843,68.33010637779446,68.81145477294922,3532900,0.0,0.0
2014-02-18 00:00:00-05:00,68.99108020872671,69.37903446207993,68.63904977707875,68.98389434814453,5454200,0.0,0.0
2014-02-19 00:00:00-05:00,68.81146137487227,69.44368545897238,68.58156320280081,68.64622497558594,4505500,0.0,0.0
2014-02-20 00:00:00-05:00,68.72523020446184,69.04852251760545,68.60309255884489,68.78988647460938,2975000,0.0,0.0
2014-02-21 00:00:00-05:00,68.99826167148197,69.68795625085924,68.99826167148197,69.29281616210938,5284300,0.0,0.0
2014-02-24 00:00:00-05:00,69.27843004874185,69.64483207308837,69.14192615156882,69.32872009277344,4472200,0.0,0.0
2014-02-25 00:00:00-05:00,69.29996521607444,69.48675911165698,68.89045910577582,69.4149169921875,4233600,0.0,0.0
2014-02-26 00:00:00-05:00,69.42213384112858,69.50116185842641,68.76117722482427,68.89049530029297,4265900,0.0,0.0
2014-02-27 00:00:00-05:00,69.00639797022383,69.12957613108715,68.57891452832276,68.89047241210938,4179600,0.81,0.0
2014-02-28 00:00:00-05:00,68.91221748090274,69.16580985617176,68.73107928029641,68.94120025634766,5104700,0.0,0.0
2014-03-03 00:00:00-05:00,68.28187817905342,68.68763164777835,68.1079869941148,68.33984375,5149300,0.0,0.0
2014-03-04 00:00:00-05:00,69.01368109919184,69.02816972856338,68.73110583928553,68.81805419921875,4655200,0.0,0.0
2014-03-05 00:00:00-05:00,69.07887209197031,69.2745044741608,68.78905534900667,68.84701538085938,3913300,0.0,0.0
2014-03-06 00:00:00-05:00,68.87602161957933,69.31799948940449,68.65141190891151,69.25279235839844,4362900,0.0,0.0
2014-03-07 00:00:00-05:00,69.36867718006233,69.40490702790859,68.81077400736112,69.19478607177734,3724000,0.0,0.0
2014-03-10 00:00:00-04:00,69.02091681713216,69.32522773495752,68.81079579447167,68.9774398803711,4388900,0.0,0.0
2014-03-11 00:00:00-04:00,69.51361465878962,71.67277944321313,69.34696504114056,71.57134246826172,16354400,0.0,0.0
2014-03-12 00:00:00-04:00,71.30323686282074,71.78143879044964,71.11485160507668,71.52059936523438,6701700,0.0,0.0
2014-03-13 00:00:00-04:00,71.65828586228211,71.65828586228211,70.28888126720203,70.54972076416016,5480200,0.0,0.0
2014-03-14 00:00:00-04:00,70.52072794324317,70.92647575723191,70.28887125983542,70.70186614990234,5510700,0.0,0.0
2014-03-17 00:00:00-04:00,71.10761355761343,71.15108495803545,70.61491741719956,70.71635437011719,5554300,0.0,0.0
2014-03-18 00:00:00-04:00,70.86126807757233,70.99892935453758,70.44102611485891,70.50623321533203,3269500,0.0,0.0
2014-03-19 00:00:00-04:00,70.47725741784019,70.49175157131343,69.3976751558786,69.62953186035156,5556900,0.0,0.0
2014-03-20 00:00:00-04:00,69.51359643403795,70.24539077177177,69.41940103349269,69.9917984008789,4242600,0.0,0.0
2014-03-21 00:00:00-04:00,70.4410560488139,70.57147583308141,69.17308807373047,69.17308807373047,12625800,0.0,0.0
2014-03-24 00:00:00-04:00,69.62229498500943,70.09325553969937,69.54984079072652,69.68750762939453,6393000,0.0,0.0
2014-03-25 00:00:00-04:00,69.87590220927122,69.91212654725888,69.43392437935132,69.49188995361328,4929800,0.0,0.0
2014-03-26 00:00:00-04:00,69.58606074642432,69.97007289657124,69.44114685058594,69.44114685058594,4127000,0.0,0.0
2014-03-27 00:00:00-04:00,69.3904386523925,69.817927798593,69.2093004016755,69.67301940917969,3756000,0.0,0.0
2014-03-28 00:00:00-04:00,69.75269589726823,70.60042687779608,69.70922449802549,70.45551300048828,4344100,0.0,0.0
2014-03-31 00:00:00-04:00,70.60047033812666,71.33226513938828,70.49903332551806,71.0279541015625,4853300,0.0,0.0
2014-04-01 00:00:00-04:00,71.07865474007501,71.38296570140292,70.73811391425038,70.93374633789062,4494000,0.0,0.0
2014-04-02 00:00:00-04:00,71.11491349223425,71.17287908781475,70.52802151081275,70.70915985107422,3701200,0.0,0.0
2014-04-03 00:00:00-04:00,71.02789999075262,71.08586553319869,70.53520393575779,70.75981903076172,2575700,0.0,0.0
2014-04-04 00:00:00-04:00,70.83951997793025,71.31048037129393,70.56419192280784,70.91197967529297,5409000,0.0,0.0
2014-04-07 00:00:00-04:00,70.70186665817263,71.18006865268292,69.97006675019692,70.28887176513672,5994600,0.0,0.0
2014-04-08 00:00:00-04:00,70.2671408850926,71.16558491040391,69.93384169502733,71.06414794921875,5579500,0.0,0.0
2014-04-09 00:00:00-04:00,71.06415402133076,71.39744771197469,70.93373427039181,71.25978088378906,3669500,0.0,0.0
2014-04-10 00:00:00-04:00,71.40470034288325,72.34661592590173,71.12212511518763,72.04230499267578,8873000,0.0,0.0
2014-04-11 00:00:00-04:00,71.83942759011356,72.25966963653765,71.774214948751,71.94086456298828,6553600,0.0,0.0
2014-04-14 00:00:00-04:00,72.20894182232668,72.57121825805281,71.96259097152505,72.53498840332031,6155900,0.0,0.0
2014-04-15 00:00:00-04:00,72.96244524831992,73.13634185393035,72.50597909636238,73.056640625,5882400,0.0,0.0
2014-04-16 00:00:00-04:00,73.17981324138411,73.26676154418932,72.81028986433408,73.056640625,3532700,0.0,0.0
2014-04-17 00:00:00-04:00,72.98420132834585,73.1798281396119,72.63641357421875,72.63641357421875,4545200,0.0,0.0
2014-04-21 00:00:00-04:00,72.31038957804003,72.73787318262832,71.91188322808438,72.21619415283203,6357000,0.0,0.0
2014-04-22 00:00:00-04:00,72.46979325865195,72.65093152022695,71.6510503063773,71.96260833740234,8934300,0.0,0.0
2014-04-23 00:00:00-04:00,71.98433080903327,72.44804423117321,71.7379854719777,71.8249282836914,4179100,0.0,0.0
2014-04-24 00:00:00-04:00,72.10752158763194,72.52776370946039,71.82494632279247,72.3393783569336,4764900,0.0,0.0
2014-04-25 00:00:00-04:00,72.34659714118186,72.99869577727834,72.0133035111546,72.98420715332031,5047100,0.0,0.0
2014-04-28 00:00:00-04:00,73.16534809686898,73.31025645347428,72.20169149453527,72.67989349365234,7444500,0.0,0.0
2014-04-29 00:00:00-04:00,72.60745548304249,73.74500347218324,72.31763317739691,73.54212951660156,6626100,0.0,0.0
2014-04-30 00:00:00-04:00,73.57836315407773,73.73051862857317,73.20883955721683,73.45518493652344,4519800,0.0,0.0
2014-05-01 00:00:00-04:00,72.9479897101438,73.2088292089516,72.69439728849738,73.15086364746094,3531400,0.0,0.0
2014-05-02 00:00:00-04:00,73.25953735761728,74.107262845193,73.1725890276482,73.49139404296875,4934000,0.0,0.0
2014-05-05 00:00:00-04:00,73.45515637232053,73.45515637232053,72.88275903205151,73.28126525878906,3483500,0.0,0.0
2014-05-06 00:00:00-04:00,73.22327879826756,73.39717539003107,73.03489911570297,73.1435775756836,3075100,0.0,0.0
2014-05-07 00:00:00-04:00,73.36821202152775,73.98408074512695,73.14359691309137,73.87539672851562,4322600,0.0,0.0
2014-05-08 00:00:00-04:00,73.90439391773724,74.03481365753159,73.49139899637176,73.8681640625,3384500,0.0,0.0
2014-05-09 00:00:00-04:00,73.79569823742358,74.59270517580357,73.77396253887032,74.57821655273438,3649400,0.0,0.0
2014-05-12 00:00:00-04:00,74.59274161237501,74.86807533627326,74.47681598749807,74.52753448486328,3817400,0.0,0.0
2014-05-13 00:00:00-04:00,74.86080689263677,75.07817497811082,74.26667372396109,75.0129623413086,3955400,0.0,0.0
2014-05-14 00:00:00-04:00,75.12885737158196,75.19406444916082,74.29562081472412,74.65065002441406,3826300,0.0,0.0
2014-05-15 00:00:00-04:00,74.46955179929643,74.62895433379383,74.01308542788142,74.26667785644531,3810800,0.0,0.0
2014-05-16 00:00:00-04:00,74.3029164453442,74.91153834540579,74.15800252063835,74.73040008544922,5081000,0.0,0.0
2014-05-19 00:00:00-04:00,74.49128347582692,74.50577762976137,73.71601207733502,73.9696044921875,3859800,0.0,0.0
2014-05-20 00:00:00-04:00,73.94062865111155,74.22320385132521,73.49865092197733,73.56385803222656,3123700,0.0,0.0
2014-05-21 00:00:00-04:00,73.6942585347742,74.32462140872657,73.57833297086152,74.31012725830078,2735600,0.0,0.0
2014-05-22 00:00:00-04:00,74.37535212103785,74.61445589132947,74.07104124679374,74.23043823242188,3376000,0.0,0.0
2014-05-23 00:00:00-04:00,74.28118413903148,74.52028799760977,73.73776929384536,73.9044189453125,4174300,0.0,0.0
2014-05-27 00:00:00-04:00,74.04929107108255,74.55648132811125,73.95510120078673,74.16522216796875,5093200,0.0,0.0
2014-05-28 00:00:00-04:00,73.78845518919643,73.93336906729218,73.08564361005409,73.39720153808594,8930700,0.0,0.0
2014-05-29 00:00:00-04:00,73.9669009691957,74.1275883301542,73.674748210133,74.01802825927734,4123700,0.81,0.0
2014-05-30 00:00:00-04:00,73.95230738975646,74.1056892845366,73.55789441498284,74.08377838134766,4232800,0.0,0.0
2014-06-02 00:00:00-04:00,74.05455964179899,74.86529646886821,74.00343234515758,74.52201080322266,3001400,0.0,0.0
2014-06-03 00:00:00-04:00,74.23714987711976,74.50009182346972,74.0691625945642,74.09837341308594,3363500,0.0,0.0
2014-06-04 00:00:00-04:00,74.03263872074906,74.84337543810436,73.96690044970197,74.82146453857422,3589200,0.0,0.0
2014-06-05 00:00:00-04:00,74.74844505131774,74.9383488630111,74.31751569406343,74.82878875732422,2407800,0.0,0.0
2014-06-06 00:00:00-04:00,74.79955883422475,74.95294071404551,74.33940762230542,74.47087860107422,2955500,0.0,0.0
2014-06-09 00:00:00-04:00,74.2006383644556,74.50010223449154,73.90118006687726,74.04725646972656,3802600,0.0,0.0
2014-06-10 00:00:00-04:00,74.21523433310549,74.21523433310549,73.53596860961478,73.68204498291016,5961200,0.0,0.0
2014-06-11 00:00:00-04:00,73.57980254463321,73.74048992523853,73.28034425824298,73.34607696533203,6606100,0.0,0.0
2014-06-12 00:00:00-04:00,73.33877795737727,73.77701272745465,72.70333391866777,72.86402130126953,5609100,0.0,0.0
2014-06-13 00:00:00-04:00,72.60838122000139,73.47023973407154,72.60838122000139,73.39720153808594,4014600,0.0,0.0
2014-06-16 00:00:00-04:00,73.34607537809775,73.8938702151483,73.21460439430733,73.84274291992188,4038600,0.0,0.0
2014-06-17 00:00:00-04:00,73.70396730819883,74.38322751318466,73.63822903427501,73.96690368652344,6479700,0.0,0.0
2014-06-18 00:00:00-04:00,74.31019007339391,74.34671195621671,73.70396805471678,74.02533721923828,5441200,0.0,0.0
2014-06-19 00:00:00-04:00,73.79890518021136,74.52199264868854,73.79890518021136,74.4343490600586,3372200,0.0,0.0
2014-06-20 00:00:00-04:00,74.64616718160616,74.71921094427856,74.25175983995008,74.44165802001953,5418100,0.0,0.0
2014-06-23 00:00:00-04:00,74.23713984072916,74.49277626165987,74.14219076222805,74.4343490600586,2919000,0.0,0.0
2014-06-24 00:00:00-04:00,74.38323322305894,74.63156978339646,74.06916952866597,74.11299133300781,4586400,0.0,0.0
2014-06-25 00:00:00-04:00,73.83542537021734,74.42704748688351,73.79160357359626,74.2152328491211,3662000,0.0,0.0
2014-06-26 00:00:00-04:00,74.21525775315332,74.41976696928621,73.82084473384351,74.14221954345703,2783200,0.0,0.0
2014-06-27 00:00:00-04:00,73.95230810617537,74.25907189870745,73.87926990401881,74.1056900024414,2785500,0.0,0.0
2014-06-30 00:00:00-04:00,73.96691860948134,74.12030608876415,73.40451828445707,73.5798110961914,4265700,0.0,0.0
2014-07-01 00:00:00-04:00,73.35339044784611,74.0326563573839,73.2146139544859,73.76971435546875,3787700,0.0,0.0
2014-07-02 00:00:00-04:00,73.78432853376647,73.82815592093122,73.29496636135269,73.42643737792969,3216700,0.0,0.0
2014-07-03 00:00:00-04:00,74.0034350656266,74.0034350656266,73.57980569362027,73.7551040649414,2295800,0.0,0.0
2014-07-07 00:00:00-04:00,73.5871273900981,73.5871273900981,72.90786137590653,73.16349792480469,3951700,0.0,0.0
2014-07-08 00:00:00-04:00,72.88593452750544,73.45564030401397,72.8421127208379,73.10504913330078,3115100,0.0,0.0
2014-07-09 00:00:00-04:00,73.25845377062778,73.95232521028392,73.2292373685163,73.82085418701172,5604900,0.0,0.0
2014-07-10 00:00:00-04:00,73.20000205215925,73.8062297012959,73.15618024654466,73.46294403076172,3274900,0.0,0.0
2014-07-11 00:00:00-04:00,73.52136971447324,73.63092421792189,73.06121851016113,73.30955505371094,2812500,0.0,0.0
2014-07-14 00:00:00-04:00,73.54330154981702,73.5725179498723,73.2584486148511,73.38261413574219,4159900,0.0,0.0
2014-07-15 00:00:00-04:00,73.2730206293089,73.30954250584523,72.93704054050747,73.25841522216797,3787000,0.0,0.0
2014-07-16 00:00:00-04:00,72.78365639465565,72.89321644835428,72.13360713448778,72.506103515625,7128700,0.0,0.0
2014-07-17 00:00:00-04:00,72.27968403884867,72.37463311413057,71.83414390356553,71.8487548828125,4099100,0.0,0.0
2014-07-18 00:00:00-04:00,72.04599158322385,72.3746663251758,71.67348945587547,72.30162811279297,4044900,0.0,0.0
2014-07-21 00:00:00-04:00,71.95832402112386,72.03866770597878,71.24984741210938,71.24984741210938,6510600,0.0,0.0
2014-07-22 00:00:00-04:00,69.67219748322731,70.73857074236949,69.46038281516756,70.31494140625,12398100,0.0,0.0
2014-07-23 00:00:00-04:00,69.75983277183315,69.98625280495524,69.25585984912293,69.6429672241211,9483200,0.0,0.0
2014-07-24 00:00:00-04:00,69.73792187475115,69.8401764427712,69.58453445026505,69.6429672241211,7781700,0.0,0.0
2014-07-25 00:00:00-04:00,69.65027372349975,70.00816471675728,69.62105733614825,69.91321563720703,4992500,0.0,0.0
2014-07-28 00:00:00-04:00,69.75252212906788,70.09580768454205,69.67217846406517,69.95703125,4863100,0.0,0.0
2014-07-29 00:00:00-04:00,70.03739438428936,70.42450183829997,69.90592340250677,69.98626708984375,6712700,0.0,0.0
2014-07-30 00:00:00-04:00,70.25655150131706,70.3661060667165,69.80370553197912,70.08125305175781,6049800,0.0,0.0
2014-07-31 00:00:00-04:00,69.54803350661015,69.65028809721457,69.06597137451172,69.06597137451172,6826000,0.0,0.0
2014-08-01 00:00:00-04:00,68.87608337402344,69.19015268379735,68.80303959352777,68.87608337402344,4576400,0.0,0.0
2014-08-04 00:00:00-04:00,68.87606189859925,68.91257820500329,68.30635067964153,68.88336181640625,7652700,0.0,0.0
2014-08-05 00:00:00-04:00,68.65697032114092,68.876090540511,68.1822135608115,68.24064636230469,5494800,0.0,0.0
2014-08-06 00:00:00-04:00,68.21139602396592,68.62041428599973,68.18948512742209,68.26982879638672,3728000,0.0,0.0
2014-08-07 00:00:00-04:00,68.52547135235304,68.65694231585613,68.10184207301461,68.15296936035156,3261100,0.0,0.0
2014-08-08 00:00:00-04:00,67.9776864436281,68.54008668577536,67.86812636276748,68.32827758789062,6505900,0.0,0.0
2014-08-11 00:00:00-04:00,68.45974926414343,68.598520167013,68.26254000210454,68.31366729736328,4288400,0.0,0.0
2014-08-12 00:00:00-04:00,68.24062981839359,68.40131719731427,68.0361206352063,68.33557891845703,3235900,0.0,0.0
2014-08-13 00:00:00-04:00,68.4743418368279,68.89066561229757,68.32826546989182,68.62772369384766,3595800,0.0,0.0
2014-08-14 00:00:00-04:00,68.40129436442405,68.57658709543374,68.1164415868625,68.40859985351562,5644500,0.0,0.0
2014-08-15 00:00:00-04:00,68.70810269266265,69.00026114920001,68.22604597596622,68.50359344482422,4281300,0.0,0.0
2014-08-18 00:00:00-04:00,68.76650801178782,69.19743724427784,68.60582064629769,68.83954620361328,4398800,0.0,0.0
2014-08-19 00:00:00-04:00,69.09517101741778,69.2047310729215,68.84684009256819,68.98561096191406,3331700,0.0,0.0
2014-08-20 00:00:00-04:00,68.98560584079318,69.13899325058529,68.65693127113697,68.79570770263672,4150400,0.0,0.0
2014-08-21 00:00:00-04:00,68.88335715444853,69.21203732457819,68.83222987097804,69.0440444946289,5981600,0.0,0.0
2014-08-22 00:00:00-04:00,69.04404373451017,69.28507474212716,68.85414000980077,68.98561096191406,3586900,0.0,0.0
2014-08-25 00:00:00-04:00,69.27778315800174,69.65759068365618,68.95641398912916,68.97832489013672,4614300,0.0,0.0
2014-08-26 00:00:00-04:00,68.94180624037742,69.23396460324763,68.69347525403498,68.73729705810547,6392400,0.0,0.0
2014-08-27 00:00:00-04:00,68.82494248113312,69.15361713863196,68.3647912736864,69.13170623779297,9027300,0.0,0.0
2014-08-28 00:00:00-04:00,68.99174186279315,69.80947677287487,68.88860463274298,69.35272216796875,5492400,0.81,0.0
2014-08-29 00:00:00-04:00,69.39693917215935,69.39693917215935,68.88862144870345,69.04332733154297,4635100,0.0,0.0
2014-09-02 00:00:00-04:00,68.68967500734173,69.02855519116872,68.28449474475896,68.36553192138672,6727100,0.0,0.0
2014-09-03 00:00:00-04:00,68.71178887587342,68.8738632617795,68.54235156010408,68.61602020263672,4855300,0.0,0.0
2014-09-04 00:00:00-04:00,68.52759608218561,68.6823074967394,68.36552736029873,68.52023315429688,4849800,0.0,0.0
2014-09-05 00:00:00-04:00,68.58654552434491,68.60128262387563,68.36553961639386,68.56444549560547,4004600,0.0,0.0
2014-09-08 00:00:00-04:00,68.36554278876329,68.38027426842096,67.9235197112367,68.14453125,5251900,0.0,0.0
2014-09-09 00:00:00-04:00,68.21822752622988,68.29189619547694,67.01004336478864,67.1058120727539,9795200,0.0,0.0
2014-09-10 00:00:00-04:00,66.92160886652287,68.55707847643444,66.69323440370782,68.51287841796875,12031400,0.0,0.0
2014-09-11 00:00:00-04:00,68.46867458840293,68.7265176161793,68.08558870094394,68.48340606689453,5960100,0.0,0.0
2014-09-12 00:00:00-04:00,68.46868449291374,69.13170791151958,68.38027874750622,68.76335906982422,7791300,0.0,0.0
2014-09-15 00:00:00-04:00,68.70442502596106,69.18327962684636,68.69705647563931,68.859130859375,6255000,0.0,0.0
2014-09-16 00:00:00-04:00,68.71178944345874,69.33061841107036,68.69705796305338,69.0654067993164,5826200,0.0,0.0
2014-09-17 00:00:00-04:00,69.0138107848245,69.12431651593805,68.64546209481594,68.90330505371094,5738600,0.0,0.0
2014-09-18 00:00:00-04:00,68.82965609735425,69.17590486413864,68.70441885591717,68.86649322509766,5488900,0.0,0.0
2014-09-19 00:00:00-04:00,69.21274464993019,69.93471084793748,69.10224449459606,69.5147933959961,9043100,0.0,0.0
2014-09-22 00:00:00-04:00,69.33799530826657,69.59583840057768,69.11698373168112,69.1980209350586,4875700,0.0,0.0
2014-09-23 00:00:00-04:00,69.0285643059843,69.36008160520622,68.83702697280552,68.88859558105469,4702700,0.0,0.0
2014-09-24 00:00:00-04:00,69.02857307879695,70.22202539066906,68.9991101165302,69.98628234863281,7817900,0.0,0.0
2014-09-25 00:00:00-04:00,69.94205472790532,70.21462917566096,69.29375740231295,69.367431640625,4569100,0.0,0.0
2014-09-26 00:00:00-04:00,69.28640228002895,69.89785693479031,69.264296633712,69.76525115966797,3454400,0.0,0.0
2014-09-29 00:00:00-04:00,69.4411212107801,71.68068271376967,69.23484677060002,70.88504791259766,16489100,0.0,0.0
2014-09-30 00:00:00-04:00,70.89243632077782,70.98820501752851,69.50007221842664,69.84632110595703,10036400,0.0,0.0
2014-10-01 00:00:00-04:00,69.52216269314789,70.04521737605646,69.25695107638336,69.38955688476562,5334600,0.0,0.0
2014-10-02 00:00:00-04:00,69.27168409119069,69.69160155694134,69.2495840593971,69.3379898071289,4116000,0.0,0.0
2014-10-03 00:00:00-04:00,70.19990545502309,70.19990545502309,69.62528230426655,69.88312530517578,3948600,0.0,0.0
2014-10-06 00:00:00-04:00,69.51479217139345,69.56636078316001,69.02120608440546,69.13170623779297,4278600,0.0,0.0
2014-10-07 00:00:00-04:00,68.88860897863414,68.9107090121023,68.36555424450881,68.37291717529297,6093800,0.0,0.0
2014-10-08 00:00:00-04:00,68.57179791316078,69.21272107804747,68.37288646018845,69.12432098388672,5586600,0.0,0.0
2014-10-09 00:00:00-04:00,69.08013158690211,69.24957450821181,68.29923392825998,68.30660247802734,5068600,0.0,0.0
2014-10-10 00:00:00-04:00,68.33608794742662,68.8444055958852,67.99720764160156,67.99720764160156,5844900,0.0,0.0
2014-10-13 00:00:00-04:00,67.87197156374197,68.0856146168074,66.78903043487443,66.8405990600586,6173800,0.0,0.0
2014-10-14 00:00:00-04:00,66.89954659318043,67.58467598884675,66.76694072238824,67.11318969726562,5539500,0.0,0.0
2014-10-15 00:00:00-04:00,66.66377701032138,67.02476295021829,65.9860164375252,66.62694549560547,10468500,0.0,0.0
2014-10-16 00:00:00-04:00,65.8533948318921,66.51642376396157,65.81655770544965,66.23648071289062,7526400,0.0,0.0
2014-10-17 00:00:00-04:00,66.60483697349181,67.1426231083735,66.0375766377017,67.06895446777344,7074500,0.0,0.0
2014-10-20 00:00:00-04:00,67.01003400141991,67.47415161132812,66.8258595437575,67.47415161132812,5403200,0.0,0.0
2014-10-21 00:00:00-04:00,66.26594127045152,67.3709875770442,66.08176688601941,67.04684448242188,11422200,0.0,0.0
2014-10-22 00:00:00-04:00,66.81849638194196,67.41522549488596,66.74482771704582,66.99530792236328,6455600,0.0,0.0
2014-10-23 00:00:00-04:00,67.65832169357223,67.84986469091052,66.95109249635168,67.05422973632812,5966700,0.0,0.0
2014-10-24 00:00:00-04:00,66.81847579281958,67.62147916826272,66.7079756398038,67.53307342529297,5256600,0.0,0.0
2014-10-27 00:00:00-04:00,67.42257576141436,67.84249325505405,67.40784427942604,67.78356170654297,4071100,0.0,0.0
2014-10-28 00:00:00-04:00,68.12979294399678,68.21819305419922,67.54780119608655,68.21819305419922,5083000,0.0,0.0
2014-10-29 00:00:00-04:00,68.25504293768424,68.60129175550962,67.77618830921418,68.31398010253906,5295900,0.0,0.0
2014-10-30 00:00:00-04:00,68.1960853735881,68.80017708125692,68.13714822636292,68.79280853271484,3965500,0.0,0.0
2014-10-31 00:00:00-04:00,69.17591169227542,69.25694888486458,68.38764541754567,69.05067443847656,6795900,0.0,0.0
2014-11-03 00:00:00-05:00,69.0875251915119,69.0875251915119,68.52763323783428,68.96228790283203,4064900,0.0,0.0
2014-11-04 00:00:00-05:00,69.19800780527616,69.71369389205097,69.0801334879809,69.5958251953125,5802200,0.0,0.0
2014-11-05 00:00:00-05:00,69.9862809555188,70.0378495692953,69.53689491237034,69.7210693359375,4123800,0.0,0.0
2014-11-06 00:00:00-05:00,69.79474850837293,69.93472288997461,69.55900543547222,69.7358169555664,3597300,0.0,0.0
2014-11-07 00:00:00-05:00,69.54426562840503,70.05995178222656,69.2937854818649,70.05995178222656,4674600,0.0,0.0
2014-11-10 00:00:00-05:00,70.3988335086966,70.49460781106431,69.9715530955337,70.06732177734375,5123900,0.0,0.0
2014-11-11 00:00:00-05:00,70.1483613027795,70.29569860591846,69.93471827883754,70.08942413330078,3429000,0.0,0.0
2014-11-12 00:00:00-05:00,69.93469760685075,70.26620925120083,69.86102897705696,70.22937774658203,2725700,0.0,0.0
2014-11-13 00:00:00-05:00,70.35463626735002,70.88505955525176,70.11889320834456,70.33990478515625,4099800,0.0,0.0
2014-11-14 00:00:00-05:00,70.26622510259028,71.59228322024903,70.18518790536905,70.877685546875,7793400,0.0,0.0
2014-11-17 00:00:00-05:00,70.7671744192073,70.78191151971065,70.4282941748715,70.70087432861328,3596500,0.0,0.0
2014-11-18 00:00:00-05:00,70.75244425525075,71.4228362061399,70.25885816979124,71.0250244140625,6258600,0.0,0.0
2014-11-19 00:00:00-05:00,71.2681267324995,71.6806812248472,71.03975226712338,71.1355209350586,6631300,0.0,0.0
2014-11-20 00:00:00-05:00,71.12082747694717,71.68071954552353,71.09135888170002,71.19449615478516,4551900,0.0,0.0
2014-11-21 00:00:00-05:00,71.80591449600168,71.82801452425856,71.03237978367167,71.22392272949219,5483700,0.0,0.0
2014-11-24 00:00:00-05:00,71.33444063749765,71.76908958870837,71.11342907618399,71.58491516113281,5222900,0.0,0.0
2014-11-25 00:00:00-05:00,71.60703888066239,71.71017614457776,71.34919572087394,71.45970153808594,5369000,0.0,0.0
2014-11-26 00:00:00-05:00,71.61574485003472,71.63804025176084,71.28873050406597,71.5116958618164,3667800,0.85,0.0
2014-11-28 00:00:00-05:00,71.33331987646694,72.38867703490213,71.32588618655006,71.95018005371094,3442900,0.0,0.0
2014-12-01 00:00:00-05:00,71.45964398231546,72.04678057382235,71.08060528749608,71.18465423583984,5273700,0.0,0.0
2014-12-02 00:00:00-05:00,70.76104932431147,72.09139639176408,70.42660696997321,70.68672943115234,10389700,0.0,0.0
2014-12-03 00:00:00-05:00,70.45633286006836,71.02860224866113,70.44146547996542,70.97657775878906,5316700,0.0,0.0
2014-12-04 00:00:00-05:00,70.89481957530298,71.34074455528456,70.70901702779034,71.09548950195312,5149300,0.0,0.0
2014-12-05 00:00:00-05:00,71.1846822086909,71.80154812359244,71.08806691018913,71.57858276367188,6209300,0.0,0.0
2014-12-08 00:00:00-05:00,69.42327532910184,72.46300266802257,68.54628696743805,68.82870483398438,11792700,0.0,0.0
2014-12-09 00:00:00-05:00,67.85510554467902,68.3753505087126,67.63957386808087,67.89969635009766,10066800,0.0,0.0
2014-12-10 00:00:00-05:00,67.66186299868019,67.8476655643608,66.52475220395395,66.88892364501953,12020800,0.0,0.0
2014-12-11 00:00:00-05:00,66.95584193703439,67.74364904886052,66.90381742051967,67.60987091064453,8972700,0.0,0.0
2014-12-12 00:00:00-05:00,67.37946054304676,67.92200098352183,67.2085196486361,67.3497314453125,8691000,0.0,0.0
2014-12-15 00:00:00-05:00,67.60241842586537,67.70646742997309,65.58831888885793,65.74439239501953,10121600,0.0,0.0
2014-12-16 00:00:00-05:00,65.45454936373797,67.44635375658243,65.12010690246495,65.93763732910156,15106700,0.0,0.0
2014-12-17 00:00:00-05:00,66.09370117735827,68.41251966940239,65.77412047816865,68.115234375,14010000,0.0,0.0
2014-12-18 00:00:00-05:00,68.58344660501781,69.66853297885693,68.11522615028593,69.61650848388672,11277100,0.0,0.0
2014-12-19 00:00:00-05:00,69.49758271034314,70.0995811173321,69.0813811706005,69.28205108642578,10284300,0.0,0.0
2014-12-22 00:00:00-05:00,69.32665530520404,69.87662933500134,69.14085273173588,69.78001403808594,5342200,0.0,0.0
2014-12-23 00:00:00-05:00,70.12932517366728,70.4712012351966,69.86920269970416,70.02527618408203,3590000,0.0,0.0
2014-12-24 00:00:00-05:00,70.02525645332805,70.26308345826052,69.66851311080784,69.73540496826172,1729700,0.0,0.0
2014-12-26 00:00:00-05:00,69.93611438197239,70.55298052368492,69.82463166102184,70.44149780273438,3884300,0.0,0.0
2014-12-29 00:00:00-05:00,70.09962257573548,70.94688219415667,70.06245977816128,70.63473510742188,4183200,0.0,0.0
2014-12-30 00:00:00-05:00,70.49351734519425,70.60500005828291,69.91381404142881,70.04759216308594,3257700,0.0,0.0
2014-12-31 00:00:00-05:00,69.67594909019671,70.45632198810422,69.5421710411338,69.63878631591797,4589300,0.0,0.0
2015-01-02 00:00:00-05:00,69.95838746440872,70.60498250335924,69.155724604283,69.31179809570312,6019700,0.0,0.0
2015-01-05 00:00:00-05:00,69.34153003795986,69.62394793828518,68.5388614746203,68.54629516601562,6211900,0.0,0.0
2015-01-06 00:00:00-05:00,68.87330224040527,69.72056159152767,68.28616537949677,68.67263793945312,6484100,0.0,0.0
2015-01-07 00:00:00-05:00,69.31179393699524,69.89893075248752,69.01450868392713,69.86920166015625,6400300,0.0,0.0
2015-01-08 00:00:00-05:00,70.03271818579749,70.59012598340087,69.89894008756286,70.12933349609375,5476700,0.0,0.0
2015-01-09 00:00:00-05:00,69.83948445427507,69.83948445427507,68.95506223518893,69.27464294433594,4283300,0.0,0.0
2015-01-12 00:00:00-05:00,69.51246635571944,69.72056435614222,68.82128047131793,69.1259994506836,3989600,0.0,0.0
2015-01-13 00:00:00-05:00,69.82458681467746,70.18876384723184,68.68747626585841,68.99219512939453,5971200,0.0,0.0
2015-01-14 00:00:00-05:00,67.9665630358604,68.41249364293932,67.72130800625885,68.03345489501953,7745500,0.0,0.0
2015-01-15 00:00:00-05:00,68.3530708143867,68.63548876401595,67.60986031197126,67.9145736694336,5737500,0.0,0.0
2015-01-16 00:00:00-05:00,67.66929870348014,68.1449528321631,67.4388996594111,67.99630737304688,6927000,0.0,0.0
2015-01-20 00:00:00-05:00,68.10779155094328,68.28616043556958,67.05986797473855,67.4834976196289,6967300,0.0,0.0
2015-01-21 00:00:00-05:00,67.007836794456,67.23079646043094,66.54704441238401,67.14160919189453,8682200,0.0,0.0
2015-01-22 00:00:00-05:00,67.3497278397222,67.60985034316434,66.7700189703072,67.5503921508789,7536400,0.0,0.0
2015-01-23 00:00:00-05:00,67.57265576071663,68.1077678990106,66.46527438411768,66.5618896484375,11496000,0.0,0.0
2015-01-26 00:00:00-05:00,66.43555561288103,67.40915910601151,66.36123573108178,67.3868637084961,7753300,0.0,0.0
2015-01-27 00:00:00-05:00,66.85922576863787,67.11934834798525,66.56194039070645,66.56937408447266,6640800,0.0,0.0
2015-01-28 00:00:00-05:00,66.69570486952493,66.75516306698493,65.97478981849824,65.98222351074219,6921300,0.0,0.0
2015-01-29 00:00:00-05:00,68.00374925818511,69.4901700069979,67.82538035599623,69.31922912597656,19146900,0.0,0.0
2015-01-30 00:00:00-05:00,68.85844319010315,69.34153107360103,68.60574871109469,68.7023696899414,12385400,0.0,0.0
2015-02-02 00:00:00-05:00,68.41250325053366,68.86586193988687,67.95171087128699,68.75437927246094,6751400,0.0,0.0
2015-02-03 00:00:00-05:00,68.85101394231377,69.84691886936642,68.70980214580551,69.80232238769531,7373000,0.0,0.0
2015-02-04 00:00:00-05:00,69.49016546335044,70.18135129316467,69.49016546335044,69.89893341064453,6464800,0.0,0.0
2015-02-05 00:00:00-05:00,69.93609490445604,70.47864097118227,69.86177500126968,70.11446380615234,5564100,0.0,0.0
2015-02-06 00:00:00-05:00,69.97326362037462,70.2185244248925,69.60165840270959,69.8543472290039,4662700,0.0,0.0
2015-02-09 00:00:00-05:00,69.34150941579989,69.45298640235062,68.77666811288785,68.91044616699219,8203000,0.0,0.0
2015-02-10 00:00:00-05:00,69.36380627199127,70.03269655658129,69.09625015815526,69.87661743164062,4697600,0.0,0.0
2015-02-11 00:00:00-05:00,69.98067278842171,70.10701715729284,69.3415115844054,70.01782989501953,5153900,0.0,0.0
2015-02-12 00:00:00-05:00,69.89893361927024,71.05090622556905,69.69082996441635,70.67186737060547,7910100,0.0,0.0
2015-02-13 00:00:00-05:00,70.90225591721646,71.23669824715267,70.55294620758656,71.08805847167969,6762200,0.0,0.0
2015-02-17 00:00:00-05:00,70.69414690178037,70.89481113429491,69.92863573416824,70.12187194824219,5972000,0.0,0.0
2015-02-18 00:00:00-05:00,70.032693748046,70.44888961054741,69.86175292152242,70.29281616210938,5617500,0.0,0.0
2015-02-19 00:00:00-05:00,70.23338413656218,70.27054692536755,69.66854263414439,70.00299072265625,6312200,0.0,0.0
2015-02-20 00:00:00-05:00,69.98069531747122,70.22595044475202,69.53476453278873,70.00299072265625,8155000,0.0,0.0
2015-02-23 00:00:00-05:00,69.95095698166702,70.16648865373163,69.82460691856382,70.0921630859375,5682000,0.0,0.0
2015-02-24 00:00:00-05:00,69.92124310301169,70.8502562001385,69.6313914703278,70.59013366699219,5643600,0.0,0.0
2015-02-25 00:00:00-05:00,70.53808084590983,73.80820109895153,70.50091806884376,73.32511901855469,16751600,0.0,0.0
2015-02-26 00:00:00-05:00,73.04026564982169,74.87695278294649,72.71790768593821,74.59957885742188,16098800,0.85,0.0
2015-02-27 00:00:00-05:00,74.34468873388792,74.4421493845387,73.83491347967124,74.14228057861328,7552500,0.0,0.0
2015-03-02 00:00:00-05:00,74.14229907176109,75.78407104155515,73.69999118580483,74.96693420410156,12363300,0.0,0.0
2015-03-03 00:00:00-05:00,74.94442195658705,75.29676735395003,74.62956230259003,74.7719955444336,8149700,0.0,0.0
2015-03-04 00:00:00-05:00,74.82444077418035,75.32672321484273,74.35215149124959,75.154296875,9179400,0.0,0.0
2015-03-05 00:00:00-05:00,74.22473973872366,74.90693565059318,73.81241944288064,74.2997055053711,9438800,0.0,0.0
2015-03-06 00:00:00-05:00,73.6699602224622,74.20972274511682,72.687895794561,72.81533813476562,9677900,0.0,0.0
2015-03-09 00:00:00-04:00,72.57545694654378,73.65498217972998,72.57545694654378,73.25016021728516,8460300,0.0,0.0
2015-03-10 00:00:00-04:00,72.65043532942134,72.80786515430209,72.04319946828551,72.18563842773438,7838900,0.0,0.0
2015-03-11 00:00:00-04:00,72.19312755730962,72.54546718569179,71.17357725170517,71.18856811523438,9391100,0.0,0.0
2015-03-12 00:00:00-04:00,71.53339032875374,72.29805565215648,71.42843716193669,72.1556167602539,8765100,0.0,0.0
2015-03-13 00:00:00-04:00,72.14813441191401,72.75537011925526,71.78079824689418,72.23059844970703,5152800,0.0,0.0
2015-03-16 00:00:00-04:00,72.66541705719092,73.07023900720141,72.52297811565371,72.8303451538086,4772200,0.0,0.0
2015-03-17 00:00:00-04:00,72.64295660337629,72.83037392912311,71.96075479228683,72.09569549560547,4530700,0.0,0.0
2015-03-18 00:00:00-04:00,71.97574742826616,72.89783741736524,71.46597210145147,72.7179183959961,5831000,0.0,0.0
2015-03-19 00:00:00-04:00,72.6129461596921,72.72539766344887,71.95323944091797,71.95323944091797,3615400,0.0,0.0
2015-03-20 00:00:00-04:00,72.20811783666578,73.25765558035836,72.05818632450423,72.75537872314453,10014000,0.0,0.0
2015-03-23 00:00:00-04:00,72.56795296766497,74.3071846146824,72.56795296766497,73.9323501586914,9232000,0.0,0.0
2015-03-24 00:00:00-04:00,73.81241069374096,74.84695187770066,73.52004023480625,74.48711395263672,7549900,0.0,0.0
2015-03-25 00:00:00-04:00,74.23972236734168,74.67453177298465,73.55002823947261,73.57251739501953,6030500,0.0,0.0
2015-03-26 00:00:00-04:00,73.16768254095923,73.44506208936544,72.11814495075603,73.19766998291016,10445800,0.0,0.0
2015-03-27 00:00:00-04:00,72.98778075775036,73.35511699879773,72.54547303445075,72.68791198730469,4642400,0.0,0.0
2015-03-30 00:00:00-04:00,73.04025285232063,73.7074578226041,72.99527454136422,73.37760162353516,4074500,0.0,0.0
2015-03-31 00:00:00-04:00,73.33261689463686,73.78991541440747,73.04774475097656,73.04774475097656,5617000,0.0,0.0
2015-04-01 00:00:00-04:00,72.57546384369793,72.73289366857868,71.96823370208344,72.18563842773438,7484800,0.0,0.0
2015-04-02 00:00:00-04:00,71.9382447169533,72.14815114564945,71.00115836061609,71.84078979492188,6614300,0.0,0.0
2015-04-06 00:00:00-04:00,71.78081503218958,72.58296072596166,71.55591201843167,72.17813873291016,4501300,0.0,0.0
2015-04-07 00:00:00-04:00,72.14813441191401,72.56045460087907,72.04318122190834,72.23059844970703,4443700,0.0,0.0
2015-04-08 00:00:00-04:00,72.5154968568548,73.09273956555225,71.95324501404285,72.60545349121094,4445200,0.0,0.0
2015-04-09 00:00:00-04:00,72.60545915155822,73.04026864991586,72.12567133251599,72.38056182861328,4790000,0.0,0.0
2015-04-10 00:00:00-04:00,72.64293130093397,73.43008036318305,72.38804085254792,73.31763458251953,5937800,0.0,0.0
2015-04-13 00:00:00-04:00,73.02525559746657,73.2801402966068,72.77036517880612,73.04774475097656,5197900,0.0,0.0
2015-04-14 00:00:00-04:00,72.83785791760414,73.2726616811,72.69541894776553,73.15271759033203,4961100,0.0,0.0
2015-04-15 00:00:00-04:00,72.71790860295695,73.13022892923604,72.1781458920177,72.298095703125,6604400,0.0,0.0
2015-04-16 00:00:00-04:00,72.24560083168645,73.04774640229076,71.60088505873115,71.69084167480469,5071700,0.0,0.0
2015-04-17 00:00:00-04:00,71.31605659387327,71.48098479695719,70.8137794077717,71.1286392211914,6933600,0.0,0.0
2015-04-20 00:00:00-04:00,71.2185700953595,72.16315483703774,71.2185700953595,72.10317993164062,4382400,0.0,0.0
2015-04-21 00:00:00-04:00,72.11066424856759,72.38054555102575,70.8737092322211,71.12110137939453,5981700,0.0,0.0
2015-04-22 00:00:00-04:00,72.71789127394986,74.4796122382291,72.14814124600784,73.34761047363281,19254300,0.0,0.0
2015-04-23 00:00:00-04:00,73.04777470144165,73.10774389554965,72.38806209055055,72.7179183959961,6336500,0.0,0.0
2015-04-24 00:00:00-04:00,72.71040271395584,74.2772140706126,72.5979512076708,74.02232360839844,7741300,0.0,0.0
2015-04-27 00:00:00-04:00,74.02233134137894,74.17226860526306,72.16315502539018,72.298095703125,7282700,0.0,0.0
2015-04-28 00:00:00-04:00,72.1706355522845,72.6354324134591,71.80329932624697,72.5904541015625,4357400,0.0,0.0
2015-04-29 00:00:00-04:00,72.40305197148898,73.22018864579842,72.02071908191564,72.73290252685547,5697200,0.0,0.0
2015-04-30 00:00:00-04:00,72.45552760292826,72.99529032923125,72.27560860066791,72.38056182861328,8300300,0.0,0.0
2015-05-01 00:00:00-04:00,72.51548893650138,73.44507694695211,72.51548893650138,73.31763458251953,6280300,0.0,0.0
2015-05-04 00:00:00-04:00,72.39552999510657,73.93984619593817,72.0057046591903,72.065673828125,8426300,0.0,0.0
2015-05-05 00:00:00-04:00,72.26058935584321,72.32056424429807,71.6458610479813,72.065673828125,7637000,0.0,0.0
2015-05-06 00:00:00-04:00,72.04320773718896,72.46302637124448,71.87827960090165,72.26061248779297,6614500,0.0,0.0
2015-05-07 00:00:00-04:00,72.17063047405486,72.9652834852783,72.05818470222553,72.55296325683594,5018900,0.0,0.0
2015-05-08 00:00:00-04:00,73.61000431253763,74.3296858991659,73.31013555489564,73.6399917602539,7543100,0.0,0.0
2015-05-11 00:00:00-04:00,73.52002482827537,73.75991863455381,72.83033085016478,73.10021209716797,4123700,0.0,0.0
2015-05-12 00:00:00-04:00,73.01027137321731,73.72995300495207,72.65792598986859,73.43008422851562,4848100,0.0,0.0
2015-05-13 00:00:00-04:00,73.52004831094047,73.83490795983874,72.92780903638155,72.98028564453125,6526900,0.0,0.0
2015-05-14 00:00:00-04:00,73.21268019750669,73.3701100074262,72.9278023056821,73.25016021728516,4744000,0.0,0.0
2015-05-15 00:00:00-04:00,73.27265557795064,74.24722768705281,73.12272404709859,73.49755859375,7607200,0.0,0.0
2015-05-18 00:00:00-04:00,73.44508680808295,73.65499325286586,73.18270375210429,73.4825668334961,4100800,0.0,0.0
2015-05-19 00:00:00-04:00,73.53505351004694,75.77656867106056,73.20520293146222,75.47669982910156,10809200,0.0,0.0
2015-05-20 00:00:00-04:00,75.62661246975996,75.7015839511349,74.53209633203399,75.04936981201172,6185100,0.0,0.0
2015-05-21 00:00:00-04:00,74.8844455175945,74.93692212551663,74.26221879543117,74.4271469116211,4729500,0.0,0.0
2015-05-22 00:00:00-04:00,74.32969712343144,74.57708931480798,74.09729579841637,74.20974731445312,4559500,0.0,0.0
2015-05-26 00:00:00-04:00,74.10478655691658,74.36716958797733,73.49755643938727,73.81241607666016,7123100,0.0,0.0
2015-05-27 00:00:00-04:00,74.19472919934304,74.38214641739958,73.61748096479795,73.96233367919922,8129500,0.0,0.0
2015-05-28 00:00:00-04:00,74.10603165771602,74.26482960467543,72.74489815631244,72.95663452148438,10204000,0.85,0.0
2015-05-29 00:00:00-04:00,73.79598028895111,73.93209361481667,72.47265853106799,72.54071807861328,6439100,0.0,0.0
2015-06-01 00:00:00-04:00,72.47266381434133,73.28178614374536,72.47266381434133,72.76001739501953,4919200,0.0,0.0
2015-06-02 00:00:00-04:00,72.82050595865113,73.3271477458559,72.44997172392688,72.81294250488281,4430300,0.0,0.0
2015-06-03 00:00:00-04:00,72.88100452418107,73.40277327793605,72.57097211531287,72.98686981201172,4165700,0.0,0.0
2015-06-04 00:00:00-04:00,72.82049865166411,73.32714038803121,72.60120466818636,72.82805633544922,4702800,0.0,0.0
2015-06-05 00:00:00-04:00,72.54071506526168,72.66170147810249,72.19287119566032,72.24580383300781,3959300,0.0,0.0
2015-06-08 00:00:00-04:00,72.59365013783255,72.62389818436364,72.02651224613074,72.0794448852539,4594600,0.0,0.0
2015-06-09 00:00:00-04:00,72.23068096361413,72.26092901082151,71.45181249800574,71.63330078125,7770900,0.0,0.0
2015-06-10 00:00:00-04:00,71.8525794935412,72.31385205610546,71.69378159369153,72.06431579589844,4828600,0.0,0.0
2015-06-11 00:00:00-04:00,72.21555370937521,72.84318765502348,72.21555370937521,72.28360748291016,4203900,0.0,0.0
2015-06-12 00:00:00-04:00,72.15508501230157,72.2533926370276,71.83748907678705,71.88285827636719,3702400,0.0,0.0
2015-06-15 00:00:00-04:00,71.64086060649394,71.8374700346033,71.09640727894512,71.30814361572266,5861800,0.0,0.0
2015-06-16 00:00:00-04:00,71.27033802499858,71.58793390267087,71.1569092774797,71.55768585205078,3094800,0.0,0.0
2015-06-17 00:00:00-04:00,71.4896019623021,72.23065869816065,71.4896019623021,72.0038070678711,3941000,0.0,0.0
2015-06-18 00:00:00-04:00,72.35926383926446,73.070073023866,72.04922556562346,72.72222900390625,5101000,0.0,0.0
2015-06-19 00:00:00-04:00,72.88856708393303,73.45570502001667,72.57853467887118,72.6541519165039,8279300,0.0,0.0
2015-06-22 00:00:00-04:00,72.82806661834869,73.37251992741204,72.69951674516014,73.25153350830078,3893300,0.0,0.0
2015-06-23 00:00:00-04:00,73.79597137169411,74.07576144361579,73.44056984581432,73.4859390258789,4541700,0.0,0.0
2015-06-24 00:00:00-04:00,73.16080216168285,73.69012865516221,73.07762145996094,73.07762145996094,3927100,0.0,0.0
2015-06-25 00:00:00-04:00,73.12298461417843,73.28178831833164,72.4272967747169,72.43486022949219,4322300,0.0,0.0
2015-06-26 00:00:00-04:00,72.69197649427443,73.61452203252664,72.5407419798052,73.56915283203125,6039500,0.0,0.0
2015-06-29 00:00:00-04:00,73.06249380641474,73.52376646785955,72.15506962375134,72.17019653320312,8412800,0.0,0.0
2015-06-30 00:00:00-04:00,72.54071467016257,72.82050476274674,71.48961961339808,71.89039611816406,6656000,0.0,0.0
2015-07-01 00:00:00-04:00,71.9130862770544,72.45753959708362,71.63330193203537,72.41217041015625,4446200,0.0,0.0
2015-07-02 00:00:00-04:00,72.69198094531488,73.04738842222929,72.27608312044502,72.72222900390625,3250900,0.0,0.0
2015-07-06 00:00:00-04:00,72.51048492906895,72.8053962341628,72.02652761972386,72.3290023803711,3852500,0.0,0.0
2015-07-07 00:00:00-04:00,72.5407188482356,73.18347398361028,72.0189501320111,73.10785675048828,4794400,0.0,0.0
2015-07-08 00:00:00-04:00,72.32900808669169,73.03981719568108,72.32900808669169,72.4726791381836,4914300,0.0,0.0
2015-07-09 00:00:00-04:00,73.07760872700798,73.55400248813315,72.92637426071511,72.96417999267578,5482500,0.0,0.0
2015-07-10 00:00:00-04:00,73.53887967519171,73.93965619404736,73.31202221169137,73.84135437011719,5179200,0.0,0.0
2015-07-13 00:00:00-04:00,74.10603114371081,74.49168659463788,73.87917363864169,74.43119049072266,4578700,0.0,0.0
2015-07-14 00:00:00-04:00,74.19676059291024,74.90001179616058,74.07576840906187,74.69583892822266,5746100,0.0,0.0
2015-07-15 00:00:00-04:00,74.21944288731855,75.33859170714408,73.99258543423853,74.91513061523438,7572500,0.0,0.0
2015-07-16 00:00:00-04:00,74.94538240761207,74.94538240761207,73.50863192779047,74.00015258789062,7696200,0.0,0.0
2015-07-17 00:00:00-04:00,73.87916262964718,74.27238147727525,73.34983622233074,73.7279281616211,6429800,0.0,0.0
2015-07-20 00:00:00-04:00,73.93966145683962,74.26482076741395,73.65231364928164,73.72036743164062,4947000,0.0,0.0
2015-07-21 00:00:00-04:00,73.8035426889506,73.89428682797337,73.31958548594567,73.59181213378906,4206700,0.0,0.0
2015-07-22 00:00:00-04:00,73.88673873377289,74.29507879042433,73.67500813459645,73.78843688964844,5392600,0.0,0.0
2015-07-23 00:00:00-04:00,74.78657370185367,74.86219092267821,72.70706839844594,73.41787719726562,10380700,0.0,0.0
2015-07-24 00:00:00-04:00,73.6598627654693,73.6598627654693,72.66169466469971,72.66925811767578,5554600,0.0,0.0
2015-07-27 00:00:00-04:00,72.59366094554761,73.1607989216847,72.36680344740245,72.62390899658203,5818600,0.0,0.0
2015-07-28 00:00:00-04:00,72.9566177681818,73.66742663859924,72.83562558729602,73.59937286376953,4863000,0.0,0.0
2015-07-29 00:00:00-04:00,73.7128052965073,74.4009296099061,73.34983450482852,74.26481628417969,6006500,0.0,0.0
2015-07-30 00:00:00-04:00,73.79599628757911,75.11931833235228,73.79599628757911,74.99076843261719,5372500,0.0,0.0
2015-07-31 00:00:00-04:00,75.35372191999328,76.45018619645698,75.0890587259391,75.51251983642578,7647000,0.0,0.0
2015-08-03 00:00:00-04:00,75.61840533526592,75.75451869563847,74.87734242452066,75.17981719970703,4427300,0.0,0.0
2015-08-04 00:00:00-04:00,75.21763601853765,75.25544176334276,74.68830366822266,74.96809387207031,2842100,0.0,0.0
2015-08-05 00:00:00-04:00,75.48984768213337,75.72426286845862,75.05882304673408,75.4671630859375,3560600,0.0,0.0
2015-08-06 00:00:00-04:00,75.40666697898168,75.75451091549242,75.02101153599601,75.12687683105469,6740200,0.0,0.0
2015-08-07 00:00:00-04:00,75.08147153193046,75.17977332457556,74.44627429781939,74.80168151855469,3463700,0.0,0.0
2015-08-10 00:00:00-04:00,75.23270644125512,75.58055021277438,74.7638762910098,75.15708923339844,3994500,0.0,0.0
2015-08-11 00:00:00-04:00,74.62779037254928,74.98319772593646,74.40849635090133,74.7185287475586,3585000,0.0,0.0
2015-08-12 00:00:00-04:00,74.31019319805367,74.43118539760498,73.52376697787265,74.31775665283203,4167100,0.0,0.0
2015-08-13 00:00:00-04:00,74.15895688623051,75.48227874770444,74.09846078794902,75.14199829101562,4636400,0.0,0.0
2015-08-14 00:00:00-04:00,74.90000489001737,75.2856544597194,74.65046286075771,75.06636047363281,3185600,0.0,0.0
2015-08-17 00:00:00-04:00,74.86223933408257,76.30655399349476,74.80174321061206,76.11750793457031,5204100,0.0,0.0
2015-08-18 00:00:00-04:00,75.61837581581933,76.70728227371887,75.61837581581933,76.19307708740234,4257300,0.0,0.0
2015-08-19 00:00:00-04:00,75.95868975748982,77.04003324015743,75.76208604735154,76.45021057128906,5989000,0.0,0.0
2015-08-20 00:00:00-04:00,76.17038878113706,76.37455584741915,75.42176274324686,75.4368896484375,6668000,0.0,0.0
2015-08-21 00:00:00-04:00,75.14954904084858,75.15711249474211,73.44813537597656,73.44813537597656,10980000,0.0,0.0
2015-08-24 00:00:00-04:00,69.25132111374137,72.50290833614652,66.16608949878403,70.22679901123047,15074800,0.0,0.0
2015-08-25 00:00:00-04:00,72.19285589004922,72.20041934213099,68.83539854946632,68.97151184082031,11468800,0.0,0.0
2015-08-26 00:00:00-04:00,70.27215318012125,71.98868768239262,69.16812564358862,71.95088195800781,16439800,0.0,0.0
2015-08-27 00:00:00-04:00,72.50290285908484,73.62962090899097,72.26848772014954,73.59937286376953,10187100,0.0,0.0
2015-08-28 00:00:00-04:00,73.27132998138497,73.73666631235656,73.07298847472887,73.42389678955078,5606000,0.85,0.0
2015-08-31 00:00:00-04:00,73.05776073539629,73.14167426315555,72.35594379418545,72.48562622070312,5086600,0.0,0.0
2015-09-01 00:00:00-04:00,70.76921177398225,71.92111071571888,70.63952936744333,71.30320739746094,7308400,0.0,0.0
2015-09-02 00:00:00-04:00,72.9509556495816,73.32475435319482,72.1270864519455,73.26372528076172,6908100,0.0,0.0
2015-09-03 00:00:00-04:00,73.84348606158161,74.32407688735597,72.91281312464035,73.24083709716797,6313900,0.0,0.0
2015-09-04 00:00:00-04:00,72.50849917318361,72.91280653579894,71.94398906306799,72.35592651367188,4429100,0.0,0.0
2015-09-08 00:00:00-04:00,73.46967809086426,73.90449996971593,72.84414475953291,73.82821655273438,5771100,0.0,0.0
2015-09-09 00:00:00-04:00,74.21729503833589,74.29357848152007,72.63820390220337,72.79840087890625,5129400,0.0,0.0
2015-09-10 00:00:00-04:00,72.43985337470511,73.11878582954179,72.27965641772653,72.66107940673828,6210800,0.0,0.0
2015-09-11 00:00:00-04:00,72.8288997090955,74.31644690047204,72.66870276695128,74.30882263183594,6656300,0.0,0.0
2015-09-14 00:00:00-04:00,74.27066919300195,74.49952526607419,73.71378918588708,73.97315979003906,4557200,0.0,0.0
2015-09-15 00:00:00-04:00,74.21727665264389,75.20897280847471,73.79770908898902,74.90383911132812,5142600,0.0,0.0
2015-09-16 00:00:00-04:00,75.25475615369169,75.32340949741118,74.40036657151428,75.28527069091797,5198700,0.0,0.0
2015-09-17 00:00:00-04:00,75.19372089379065,75.49886042089982,74.29356248984745,74.6368408203125,7955000,0.0,0.0
2015-09-18 00:00:00-04:00,73.85873783315078,74.530040112008,73.42391591456273,74.03419494628906,10492700,0.0,0.0
2015-09-21 00:00:00-04:00,74.36221569929464,74.88857537589759,74.00367722012693,74.68260955810547,4543500,0.0,0.0
2015-09-22 00:00:00-04:00,74.08758973239668,74.81992103699386,73.77482014582242,74.14861297607422,6254500,0.0,0.0
2015-09-23 00:00:00-04:00,74.17912886539277,74.64446529975417,74.00367757902488,74.28592681884766,3035300,0.0,0.0
2015-09-24 00:00:00-04:00,73.86637670828357,74.32408312649835,73.46206927519295,74.21728515625,4138800,0.0,0.0
2015-09-25 00:00:00-04:00,74.67500024972477,75.29290369509614,74.34697621155343,74.4461441040039,4825800,0.0,0.0
2015-09-28 00:00:00-04:00,73.9960505400484,74.56055486300735,73.06537763297553,73.20269012451172,6609800,0.0,0.0
2015-09-29 00:00:00-04:00,74.34694533129951,74.59868582302049,73.85109443489334,74.3622055053711,6944800,0.0,0.0
2015-09-30 00:00:00-04:00,74.91911275401348,75.29290570327724,74.57583434632996,75.16322326660156,5517600,0.0,0.0
2015-10-01 00:00:00-04:00,75.14031644609545,75.52173937221777,74.50715299191994,75.35391235351562,4456600,0.0,0.0
2015-10-02 00:00:00-04:00,74.2478192821963,76.13967452862441,74.09524655583634,76.12442016601562,4400800,0.0,0.0
2015-10-05 00:00:00-04:00,76.49055393704282,77.53565488936817,76.43715495816792,77.17711639404297,6501600,0.0,0.0
2015-10-06 00:00:00-04:00,77.24578781325327,78.03914835395655,77.16950437704304,77.7340087890625,7252400,0.0,0.0
2015-10-07 00:00:00-04:00,76.85674904194008,77.73402327193833,76.54397932913595,77.63484954833984,6497100,0.0,0.0
2015-10-08 00:00:00-04:00,77.69585902041997,78.93167155745317,77.63482994746835,78.53498840332031,8218900,0.0,0.0
2015-10-09 00:00:00-04:00,78.57314184414697,78.90879596298566,78.01626167607857,78.39006042480469,5756600,0.0,0.0
2015-10-12 00:00:00-04:00,78.329018478835,78.80960930818762,78.19933607060447,78.75621032714844,3448200,0.0,0.0
2015-10-13 00:00:00-04:00,78.45870678861868,78.96218792204704,78.29087974414257,78.8630142211914,4697300,0.0,0.0
2015-10-14 00:00:00-04:00,79.45043124311782,80.04545033554524,78.13833487517302,78.43584442138672,9093000,0.0,0.0
2015-10-15 00:00:00-04:00,78.24511681282203,80.25139977005475,77.5051552348917,79.07662200927734,10168300,0.0,0.0
2015-10-16 00:00:00-04:00,79.88524914237331,80.10647522257162,78.88592255600699,79.96153259277344,7168300,0.0,0.0
2015-10-19 00:00:00-04:00,79.5190587186855,80.2132513138932,79.45040537808832,79.70977020263672,7064300,0.0,0.0
2015-10-20 00:00:00-04:00,79.3741004298117,79.60295065647918,78.89350389571304,79.21389770507812,4872200,0.0,0.0
2015-10-21 00:00:00-04:00,79.32073683535367,79.52670271321178,77.87132813987914,78.22223663330078,7979600,0.0,0.0
2015-10-22 00:00:00-04:00,84.21821310014906,84.67591960970421,82.67726067324669,84.57675170898438,25286600,0.0,0.0
2015-10-23 00:00:00-04:00,84.81322221180167,86.10243387044568,84.75219313232725,85.88883209228516,11677300,0.0,0.0
2015-10-26 00:00:00-04:00,85.61420205894801,86.93392227055304,85.30143243119434,85.57605743408203,11478600,0.0,0.0
2015-10-27 00:00:00-04:00,85.64471440052911,85.70574347487728,84.36313293948194,85.16412353515625,10013300,0.0,0.0
2015-10-28 00:00:00-04:00,85.20228795903166,86.16346991311528,84.98106187815566,86.15584564208984,4390300,0.0,0.0
2015-10-29 00:00:00-04:00,85.94222718277075,86.1634473857547,85.35483254435037,85.91171264648438,3752600,0.0,0.0
2015-10-30 00:00:00-04:00,86.11006175108847,86.42283143146992,85.62947082519531,85.62947082519531,6409500,0.0,0.0
2015-11-02 00:00:00-05:00,85.78965421831684,86.07953358200199,84.85135696583045,85.52265930175781,5663000,0.0,0.0
2015-11-03 00:00:00-05:00,85.37772821576124,85.67523770859962,84.88187712101275,85.49978637695312,4584900,0.0,0.0
2015-11-04 00:00:00-05:00,85.58369951358857,85.84306437484658,84.91239127023194,85.743896484375,6797100,0.0,0.0
2015-11-05 00:00:00-05:00,85.89646956659587,86.54488758660833,85.55319115013452,86.0871810913086,5059100,0.0,0.0
2015-11-06 00:00:00-05:00,85.74387785263093,86.53723826417034,85.56079647152251,86.43806457519531,4615600,0.0,0.0
2015-11-09 00:00:00-05:00,86.54489368609426,86.56778395951828,85.74390871788158,86.1482162475586,8423800,0.0,0.0
2015-11-10 00:00:00-05:00,86.02611593185378,87.71963449234056,84.48517001918871,86.36940002441406,12716500,0.0,0.0
2015-11-11 00:00:00-05:00,86.71269360625895,87.29245813023743,86.61352573270507,86.85000610351562,8387800,0.0,0.0
2015-11-12 00:00:00-05:00,86.58301469898701,86.76609609604854,85.48451467651252,85.52265930175781,5893800,0.0,0.0
2015-11-13 00:00:00-05:00,85.32433099860799,85.71338412042626,83.84441359374571,83.89018249511719,8602400,0.0,0.0
2015-11-16 00:00:00-05:00,83.7986366737202,84.7216796875,83.60792516293793,84.7216796875,6731800,0.0,0.0
2015-11-17 00:00:00-05:00,84.70642565250901,85.30144463722445,84.26397354898347,84.63014221191406,6027600,0.0,0.0
2015-11-18 00:00:00-05:00,84.90475089902644,85.88881698723301,84.55383666378954,85.84304809570312,5194500,0.0,0.0
2015-11-19 00:00:00-05:00,85.84307851792343,86.74323723068629,85.6676271581785,86.43047332763672,5323500,0.0,0.0
2015-11-20 00:00:00-05:00,86.47622247474906,87.09412586839602,86.3465400523879,86.89579010009766,6659400,0.0,0.0
2015-11-23 00:00:00-05:00,86.97205152933326,87.65098382761607,86.89576811313157,87.32295989990234,4968400,0.0,0.0
2015-11-24 00:00:00-05:00,86.88813735524668,87.39161255433538,86.47619992687326,87.17801666259766,6047700,0.0,0.0
2015-11-25 00:00:00-05:00,87.17040332896262,87.66625435582746,86.92629286005184,87.26957702636719,7477200,0.0,0.0
2015-11-27 00:00:00-05:00,87.42335712860282,87.94615996041692,87.28496797119064,87.82315063476562,2763700,0.89,0.0
2015-11-30 00:00:00-05:00,87.93843939878096,88.02301084693197,87.30800142709126,87.76930236816406,7872000,0.0,0.0
2015-12-01 00:00:00-05:00,88.04609672721946,88.36131872469392,87.48485610268742,87.99227905273438,5321900,0.0,0.0
2015-12-02 00:00:00-05:00,87.72318249829486,87.85388171475583,87.22344364429497,87.4310302734375,5692200,0.0,0.0
2015-12-03 00:00:00-05:00,87.34644239051384,87.98457025540915,86.80826579703884,87.17729949951172,6558600,0.0,0.0
2015-12-04 00:00:00-05:00,87.45409839004014,89.48380183067276,87.20038399353948,89.33772277832031,7778200,0.0,0.0
2015-12-07 00:00:00-05:00,89.03788895579265,89.57607159257779,88.99176119418047,89.50687408447266,4810700,0.0,0.0
2015-12-08 00:00:00-05:00,89.14551708174018,89.84515269312557,88.61503026915355,89.59143829345703,4814200,0.0,0.0
2015-12-09 00:00:00-05:00,89.34542982681,90.18345472774156,89.10709521416031,89.62989807128906,7604700,0.0,0.0
2015-12-10 00:00:00-05:00,89.65293926718776,90.3448849126527,89.33771730315362,90.1065444946289,5299900,0.0,0.0
2015-12-11 00:00:00-05:00,89.0763252069879,89.6529456415926,88.8918083103066,89.24546813964844,5736400,0.0,0.0
2015-12-14 00:00:00-05:00,89.31465260090596,90.0065982399793,88.14603786156002,89.38385009765625,7660700,0.0,0.0
2015-12-15 00:00:00-05:00,90.3371798605125,90.90611024447628,89.82975118363956,89.8989486694336,6118300,0.0,0.0
2015-12-16 00:00:00-05:00,90.32952153144103,91.29824561147942,89.56069419997594,90.5986099243164,6306300,0.0,0.0
2015-12-17 00:00:00-05:00,90.98303143688021,91.4135787683004,90.32952932191101,90.33721923828125,5275900,0.0,0.0
2015-12-18 00:00:00-05:00,89.75289271410571,90.16806013849957,89.09939071606756,89.69139099121094,11238900,0.0,0.0
2015-12-21 00:00:00-05:00,89.92202992208455,90.52171420833754,89.65294157128976,90.4832763671875,3344600,0.0,0.0
2015-12-22 00:00:00-05:00,90.69087984956097,90.7523874496308,89.6760279111591,90.50636291503906,4092000,0.0,0.0
2015-12-23 00:00:00-05:00,90.73700254145241,91.37513065868654,90.52942173493712,91.3366928100586,3641900,0.0,0.0
2015-12-24 00:00:00-05:00,91.29822493838478,91.48274181376298,91.1060181490408,91.15983581542969,1659300,0.0,0.0
2015-12-28 00:00:00-05:00,90.79850175012541,91.41356592822575,90.76006390504833,91.2982406616211,2777200,0.0,0.0
2015-12-29 00:00:00-05:00,91.49044254237326,92.43610263862922,91.35205340305987,92.3130874633789,3213900,0.0,0.0
2015-12-30 00:00:00-05:00,91.98251323704835,92.25160166435552,91.66729704097077,91.82106018066406,2400800,0.0,0.0
2015-12-31 00:00:00-05:00,91.35205693403924,91.62883522336419,90.67549104107081,90.82925415039062,3723200,0.0,0.0
2016-01-04 00:00:00-05:00,90.14501296633684,90.5140527005344,89.08403326226117,90.39872741699219,9995000,0.0,0.0
2016-01-05 00:00:00-05:00,90.26800009557313,91.66726529872511,90.17573872429246,91.64419555664062,6314000,0.0,0.0
2016-01-06 00:00:00-05:00,90.72161982869304,91.69802790187936,90.57554076720336,91.0291519165039,6543800,0.0,0.0
2016-01-07 00:00:00-05:00,90.29108869169046,90.69856626145513,88.8687533570498,88.92257690429688,7477900,0.0,0.0
2016-01-08 00:00:00-05:00,88.99178342046994,90.31416766337064,88.61505958661188,88.7842025756836,6103400,0.0,0.0
2016-01-11 00:00:00-05:00,88.91488872113422,89.99893228959044,88.86107103852558,89.71446990966797,6392400,0.0,0.0
2016-01-12 00:00:00-05:00,89.97584706048926,90.52171367335724,89.31465519348048,90.29106903076172,5639700,0.0,0.0
2016-01-13 00:00:00-05:00,90.48329423041437,90.6216833903848,88.47665434368672,88.50740814208984,6986000,0.0,0.0
2016-01-14 00:00:00-05:00,88.86873233726175,90.05272691721724,86.87747272484977,89.66062927246094,9204500,0.0,0.0
2016-01-15 00:00:00-05:00,87.84619299340888,89.52992048608974,87.80774928911295,88.55351257324219,10201900,0.0,0.0
2016-01-19 00:00:00-05:00,89.66833729057156,90.49867228793099,89.15322434182893,90.33721923828125,9195300,0.0,0.0
2016-01-20 00:00:00-05:00,89.92973027819099,90.72162145919782,87.93846451973451,89.01482391357422,11905200,0.0,0.0
2016-01-21 00:00:00-05:00,89.57607403139,91.0599110157451,89.0225174142252,90.5986099243164,9839100,0.0,0.0
2016-01-22 00:00:00-05:00,91.05990571185366,91.29824029370592,90.23726074972943,91.0291519165039,9016600,0.0,0.0
2016-01-25 00:00:00-05:00,93.68158871335768,93.72003241781273,90.87536839302557,91.64419555664062,15141500,0.0,0.0
2016-01-26 00:00:00-05:00,91.95173860819055,93.25874846228686,91.49044342790982,92.5898666381836,8326100,0.0,0.0
2016-01-27 00:00:00-05:00,92.93583804108464,93.50477444267993,92.12857292912358,92.92815399169922,7409000,0.0,0.0
2016-01-28 00:00:00-05:00,93.10497527691999,94.25821610825844,92.41302960497968,94.08907318115234,7460500,0.0,0.0
2016-01-29 00:00:00-05:00,94.38892619551251,95.60367475214707,94.37355223022651,95.16544342041016,10549900,0.0,0.0
2016-02-01 00:00:00-05:00,94.62725366612298,95.97270127298134,94.58112004522131,95.80355834960938,6189900,0.0,0.0
2016-02-02 00:00:00-05:00,95.37303763710352,95.59599241269761,94.64264811586696,95.29615020751953,7653000,0.0,0.0
2016-02-03 00:00:00-05:00,95.6113760515247,95.78051901824394,92.90510031539205,93.38946533203125,9327000,0.0,0.0
2016-02-04 00:00:00-05:00,93.05886064752634,93.21262376712009,91.2751814780787,92.76670837402344,7595000,0.0,0.0
2016-02-05 00:00:00-05:00,92.75902280643743,92.75902280643743,88.38439322039572,88.7226791381836,13261700,0.0,0.0
2016-02-08 00:00:00-05:00,87.68475748183342,89.46074669962414,86.65452583122337,89.222412109375,11311500,0.0,0.0
2016-02-09 00:00:00-05:00,88.83030272057628,90.56785397832016,88.68422366350492,89.96047973632812,7525700,0.0,0.0
2016-02-10 00:00:00-05:00,90.73699187386396,91.12909542416952,90.1526873716404,90.36795806884766,5726300,0.0,0.0
2016-02-11 00:00:00-05:00,88.98408065807283,90.33721850963086,88.94564280790676,89.74522399902344,7568600,0.0,0.0
2016-02-12 00:00:00-05:00,89.73751305202543,90.97532533161926,89.26083806931624,90.66779327392578,8552800,0.0,0.0
2016-02-16 00:00:00-05:00,91.04452719673519,91.62883758544922,90.41408904717342,91.62883758544922,10835800,0.0,0.0
2016-02-17 00:00:00-05:00,91.62881326957408,91.79795616871208,89.73749932279371,91.2136459350586,12729000,0.0,0.0
2016-02-18 00:00:00-05:00,91.3443724351333,91.84411136858463,89.89897917848798,90.08349609375,9707100,0.0,0.0
2016-02-19 00:00:00-05:00,89.95278803861771,90.2218764023481,89.03788173624802,89.59143829345703,10793700,0.0,0.0
2016-02-22 00:00:00-05:00,89.5914102998021,90.84460207682528,89.5914102998021,90.4678726196289,6223300,0.0,0.0
2016-02-23 00:00:00-05:00,90.22187781879323,90.8369419732787,89.83746418866144,89.87590789794922,5276700,0.0,0.0
2016-02-24 00:00:00-05:00,89.42997851829696,90.2064956226943,89.03019096034458,89.99890899658203,5349800,0.0,0.0
2016-02-25 00:00:00-05:00,90.28338115977515,91.10602605492635,90.07580039017218,91.0060806274414,6034000,0.0,0.0
2016-02-26 00:00:00-05:00,91.39339376667584,91.61803751845677,89.99127042239118,90.68070983886719,5193700,0.89,0.0
2016-02-29 00:00:00-05:00,90.47934223231316,91.69554545132917,90.4096204896292,90.78145599365234,6467700,0.0,0.0
2016-03-01 00:00:00-05:00,91.33917615520015,92.33072929191003,91.2307194901323,92.06734466552734,4731500,0.0,0.0
2016-03-02 00:00:00-05:00,91.84269884222692,91.97439411601134,91.14551707690336,91.78073120117188,4267700,0.0,0.0
2016-03-03 00:00:00-05:00,91.00609488598553,91.00609488598553,89.33284418279342,90.39411926269531,9132000,0.0,0.0
2016-03-04 00:00:00-05:00,90.41734258668957,90.9828349881068,89.78212846269629,90.773681640625,5857400,0.0,0.0
2016-03-07 00:00:00-05:00,90.65748217870035,91.07579478133675,89.95255224638348,90.75044250488281,5640700,0.0,0.0
2016-03-08 00:00:00-05:00,90.0222733812656,92.24552588873689,90.0222733812656,91.7342529296875,6236200,0.0,0.0
2016-03-09 00:00:00-05:00,92.36945945253483,93.11312431412748,91.76523212187348,92.6793212890625,6428200,0.0,0.0
2016-03-10 00:00:00-05:00,92.88845499566588,93.62437148368029,91.9201407166357,92.94268035888672,6171200,0.0,0.0
2016-03-11 00:00:00-05:00,93.33780812274067,94.51528235001315,93.23710550085393,94.15894317626953,7042300,0.0,0.0
2016-03-14 00:00:00-04:00,94.36031565359293,95.66173066280237,94.0814405866107,95.2046890258789,7912100,0.0,0.0
2016-03-15 00:00:00-04:00,94.7399029909231,95.87089373645266,94.67018126633911,95.6152572631836,5061400,0.0,0.0
2016-03-16 00:00:00-04:00,95.53777201441335,96.10326430626185,95.02649918166289,95.68495178222656,6716700,0.0,0.0
2016-03-17 00:00:00-04:00,95.49131129014778,95.94061068907995,95.36737009292847,95.4061050415039,6108700,0.0,0.0
2016-03-18 00:00:00-04:00,95.6152724473934,96.14978408363503,95.08850898403004,96.1187973022461,14783800,0.0,0.0
2016-03-21 00:00:00-04:00,95.79342916898685,96.44413374049729,95.32089117343237,95.90962219238281,4050100,0.0,0.0
2016-03-22 00:00:00-04:00,95.89413505174949,96.3589248916613,95.71596255955284,95.91737365722656,3494500,0.0,0.0
2016-03-23 00:00:00-04:00,96.13428064985555,96.83146840439194,95.9483658853538,96.2040023803711,4143600,0.0,0.0
2016-03-24 00:00:00-04:00,95.81665961682576,96.05679972489872,95.0187694034402,95.50679779052734,5796700,0.0,0.0
2016-03-28 00:00:00-04:00,96.05680352831473,96.21173149253701,95.37511221156451,95.4138412475586,4784400,0.0,0.0
2016-03-29 00:00:00-04:00,95.61525672117482,96.49835916007716,95.54553499698606,96.0335693359375,7188200,0.0,0.0
2016-03-30 00:00:00-04:00,96.75397722246392,97.68355669387165,96.52157939955092,97.47440338134766,4853700,0.0,0.0
2016-03-31 00:00:00-04:00,97.72231785301057,98.34978386905198,97.30400520560839,97.35823059082031,7685900,0.0,0.0
2016-04-01 00:00:00-04:00,96.97863234701174,98.68286344412338,96.7307440799751,98.396240234375,5212400,0.0,0.0
2016-04-04 00:00:00-04:00,98.41950273947879,99.05471690927496,98.28780745625538,98.82231903076172,4239300,0.0,0.0
2016-04-05 00:00:00-04:00,98.25679732744467,98.9849716576182,97.90820650264193,98.67510986328125,6282200,0.0,0.0
2016-04-06 00:00:00-04:00,98.74483267564524,98.91525695993747,98.25679842333165,98.78356170654297,5619900,0.0,0.0
2016-04-07 00:00:00-04:00,98.66739860300011,99.55824932531429,98.39626575394325,99.26387786865234,4720800,0.0,0.0
2016-04-08 00:00:00-04:00,99.37230844696046,99.7286533915588,98.5976568302425,99.12442016601562,3625600,0.0,0.0
2016-04-11 00:00:00-04:00,99.4265643729079,99.68994315100139,98.72937065294165,98.81458282470703,6973700,0.0,0.0
2016-04-12 00:00:00-04:00,99.21739689704044,99.37232488195815,98.29555942944585,98.85330963134766,5211400,0.0,0.0
2016-04-13 00:00:00-04:00,98.93076928122393,99.09344543128397,97.66808912021118,98.2955551147461,4985200,0.0,0.0
2016-04-14 00:00:00-04:00,98.48919467843514,99.22511126509954,98.41173070775291,98.77581787109375,4834800,0.0,0.0
2016-04-15 00:00:00-04:00,98.44271639384782,99.18637523230464,98.34975608397968,98.98497009277344,3103800,0.0,0.0
2016-04-18 00:00:00-04:00,98.98497519098548,99.8603352344934,98.90751121716663,99.81385803222656,4525600,0.0,0.0
2016-04-19 00:00:00-04:00,99.86034444261267,100.20119305099212,99.24836303568254,99.82160949707031,4606300,0.0,0.0
2016-04-20 00:00:00-04:00,100.17020531670137,100.54978888938155,99.55048161813541,99.58147430419922,5006700,0.0,0.0
2016-04-21 00:00:00-04:00,99.58146036990027,99.73638831780131,97.2962347225646,97.44342041015625,7947600,0.0,0.0
2016-04-22 00:00:00-04:00,99.28709897151461,99.46526553849151,97.11032976112531,97.21878051757812,9311300,0.0,0.0
2016-04-25 00:00:00-04:00,96.88568920772968,98.79133170657892,96.8392119963335,98.73710632324219,6979900,0.0,0.0
2016-04-26 00:00:00-04:00,98.7061059409105,99.41878399799975,98.4039922882287,98.93075561523438,4082300,0.0,0.0
2016-04-27 00:00:00-04:00,99.10894229264677,99.58922257339165,98.98499518140709,99.3878173828125,4436200,0.0,0.0
2016-04-28 00:00:00-04:00,99.04695998727689,99.8138693725461,98.7216077141995,99.09343719482422,3385800,0.0,0.0
2016-04-29 00:00:00-04:00,99.10120297497706,99.10120297497706,97.68358879166345,97.98570251464844,6276900,0.0,0.0
2016-05-02 00:00:00-04:00,98.1096418863333,99.32584485486926,97.99344294587475,99.31034851074219,4830800,0.0,0.0
2016-05-03 00:00:00-04:00,98.69062522612208,99.92232447073717,98.67512888285114,99.46527099609375,4048400,0.0,0.0
2016-05-04 00:00:00-04:00,98.8223109020154,101.03780918701841,98.8223109020154,100.18569946289062,6613700,0.0,0.0
2016-05-05 00:00:00-04:00,100.17022652438372,100.68924183349596,99.93008634765631,100.14698791503906,4519700,0.0,0.0
2016-05-06 00:00:00-04:00,100.22442740562637,101.15400695800781,99.61244602463893,101.15400695800781,4418400,0.0,0.0
2016-05-09 00:00:00-04:00,101.20823569142192,101.86669433729003,100.97584964722978,101.3476791381836,5006800,0.0,0.0
2016-05-10 00:00:00-04:00,101.36317173194253,102.22303552438758,101.36317173194253,101.94416046142578,4082600,0.0,0.0
2016-05-11 00:00:00-04:00,101.66528636978765,101.95964595777092,100.03851318359375,100.03851318359375,6890200,0.0,0.0
2016-05-12 00:00:00-04:00,100.50331647625194,101.12302838414232,100.05401706885854,100.79767608642578,4286800,0.0,0.0
2016-05-13 00:00:00-04:00,100.50329849431661,100.82865073382149,99.70540832643073,99.7983627319336,6568700,0.0,0.0
2016-05-16 00:00:00-04:00,99.55049723910446,100.49557336815876,99.19416403518132,100.42585754394531,4343600,0.0,0.0
2016-05-17 00:00:00-04:00,100.39486312931125,100.6814804703543,98.61316188931447,98.91527557373047,5826200,0.0,0.0
2016-05-18 00:00:00-04:00,98.41950170565822,98.74485400406034,97.39696168916332,97.76879119873047,7303200,0.0,0.0
2016-05-19 00:00:00-04:00,97.20331519597063,97.29626963401584,96.58359136175497,97.0561294555664,6255100,0.0,0.0
2016-05-20 00:00:00-04:00,96.630047949926,96.83145903956279,94.61595478392773,94.9413070678711,9735900,0.0,0.0
2016-05-23 00:00:00-04:00,95.09622732786852,95.84764028801109,94.8715776658583,95.13495635986328,7081600,0.0,0.0
2016-05-24 00:00:00-04:00,95.58427857801091,96.65329586109762,95.28991304183091,96.01808166503906,4494100,0.0,0.0
2016-05-25 00:00:00-04:00,95.86314394679107,96.04905869233824,95.3053938000264,95.48356628417969,5307400,0.0,0.0
2016-05-26 00:00:00-04:00,95.57652448805811,96.04132023552323,95.46033146131528,95.89413452148438,3716300,0.0,0.0
2016-05-27 00:00:00-04:00,96.26597227831701,96.5835823389658,95.37512747627545,95.475830078125,3222800,0.0,0.0
2016-05-31 00:00:00-04:00,95.5145502620966,95.59976241591849,94.21313526114407,94.5539779663086,7995200,0.0,0.0
2016-06-01 00:00:00-04:00,94.55396873412221,95.08073203807787,94.12016574620193,94.4842529296875,5057200,0.0,0.0
2016-06-02 00:00:00-04:00,94.18773329584442,94.81981742627903,94.07068619165823,94.55449676513672,4740200,0.89,0.0
2016-06-03 00:00:00-04:00,94.49205474695313,94.94465666644136,93.90679549182472,94.6949462890625,4643000,0.0,0.0
2016-06-06 00:00:00-04:00,95.0383146826486,95.33484394020175,94.5857126946207,95.20218658447266,4901700,0.0,0.0
2016-06-07 00:00:00-04:00,95.46749357997474,96.27905385215307,95.1241455078125,95.1241455078125,4562100,0.0,0.0
2016-06-08 00:00:00-04:00,95.18657447164539,95.5845465061519,94.33599453271248,95.28801727294922,3925900,0.0,0.0
2016-06-09 00:00:00-04:00,95.25680701964274,96.05275707806959,95.25680701964274,95.81865692138672,4583400,0.0,0.0
2016-06-10 00:00:00-04:00,95.04607882376811,95.717176391518,94.89781128214142,95.48307037353516,4347400,0.0,0.0
2016-06-13 00:00:00-04:00,95.16315594231544,96.7394575937696,95.08512256285732,95.97471618652344,5436700,0.0,0.0
2016-06-14 00:00:00-04:00,95.62355284861243,96.13077869157948,95.14754154482725,95.60014343261719,6351400,0.0,0.0
2016-06-15 00:00:00-04:00,96.09957489946378,96.23223224064861,95.30361894522423,95.39726257324219,4168100,0.0,0.0
2016-06-16 00:00:00-04:00,95.07733278605662,95.69380670434681,94.3828254757123,95.56895446777344,3931800,0.0,0.0
2016-06-17 00:00:00-04:00,95.38167897736224,95.75624166358702,94.74959476981229,95.41288757324219,8331400,0.0,0.0
2016-06-20 00:00:00-04:00,96.23221596191448,96.82528026524106,96.19319630178295,96.31024932861328,5951000,0.0,0.0
2016-06-21 00:00:00-04:00,96.70044866125914,96.76287775318153,95.44409146575919,95.69380187988281,4749000,0.0,0.0
2016-06-22 00:00:00-04:00,94.66375503330964,94.77300297818815,93.68052352940312,94.12532043457031,6578900,0.0,0.0
2016-06-23 00:00:00-04:00,94.79639766044332,95.00708837855191,94.14090418070455,94.58570098876953,3832800,0.0,0.0
2016-06-24 00:00:00-04:00,92.6738477709224,94.5076587926061,92.30708437587273,93.20448303222656,6985900,0.0,0.0
2016-06-27 00:00:00-04:00,92.20564721877533,92.20564721877533,90.58252679642774,90.75420379638672,14150500,0.0,0.0
2016-06-28 00:00:00-04:00,91.45651831077943,92.5802180810806,91.16779419737436,92.4709701538086,6173000,0.0,0.0
2016-06-29 00:00:00-04:00,92.98601304185867,93.6102861409787,92.8611548498949,93.24352264404297,5020400,0.0,0.0
2016-06-30 00:00:00-04:00,93.39175907166809,93.99262254753609,93.09522989512553,93.90678405761719,4808100,0.0,0.0
2016-07-01 00:00:00-04:00,93.42297802465588,94.31257154989241,93.37615919287434,93.95361328125,3798100,0.0,0.0
2016-07-05 00:00:00-04:00,93.73512969335142,94.26576501919006,93.71951944501083,94.23455047607422,5191100,0.0,0.0
2016-07-06 00:00:00-04:00,93.08745709523109,94.39063323495544,92.86115608446283,94.13311767578125,5102800,0.0,0.0
2016-07-07 00:00:00-04:00,94.3360037254341,94.60912356599397,93.96144107368514,94.35941314697266,3621300,0.0,0.0
2016-07-08 00:00:00-04:00,94.59351380487107,94.96027726396343,94.48426587495831,94.66374206542969,3809600,0.0,0.0
2016-07-11 00:00:00-04:00,94.96028129419419,95.2958302227575,94.7807991425397,95.20218658447266,4266300,0.0,0.0
2016-07-12 00:00:00-04:00,95.20217614671205,95.66257725561186,95.17096160403939,95.39726257324219,3742000,0.0,0.0
2016-07-13 00:00:00-04:00,95.48309797568622,95.99812302914266,95.32703122095762,95.84205627441406,3464200,0.0,0.0
2016-07-14 00:00:00-04:00,96.52876219040651,96.92674017051421,95.99032769756523,96.70824432373047,6011900,0.0,0.0
2016-07-15 00:00:00-04:00,97.0906123642946,97.10622261258038,96.28685723097094,96.45853424072266,3688400,0.0,0.0
2016-07-18 00:00:00-04:00,96.76285537540133,96.76285537540133,96.28684407831781,96.6067886352539,5254700,0.0,0.0
2016-07-19 00:00:00-04:00,96.82528723260891,98.79175560131785,96.56777174576469,98.7137222290039,6277700,0.0,0.0
2016-07-20 00:00:00-04:00,98.9790606307627,99.00247600628248,97.98021893696584,98.37039184570312,3353300,0.0,0.0
2016-07-21 00:00:00-04:00,98.65128992145196,99.2833739097093,98.268922242131,99.24435424804688,3572100,0.0,0.0
2016-07-22 00:00:00-04:00,99.33021255772798,100.35246955229707,99.33021255772798,100.08714294433594,4304200,0.0,0.0
2016-07-25 00:00:00-04:00,99.84522505507415,99.84522505507415,98.99465114134502,99.4160385131836,6210100,0.0,0.0
2016-07-26 00:00:00-04:00,96.37270313443311,97.03599585193265,94.3984292778529,94.97588348388672,14563700,0.0,0.0
2016-07-27 00:00:00-04:00,94.96027348744144,95.03830686948068,93.0484228828703,93.23571014404297,9939200,0.0,0.0
2016-07-28 00:00:00-04:00,93.32154589918017,93.78195299007206,92.36172395538632,93.18888854980469,6239400,0.0,0.0
2016-07-29 00:00:00-04:00,92.97037626535189,93.37615931989238,91.63598597568195,91.80766296386719,7460900,0.0,0.0
2016-08-01 00:00:00-04:00,91.98716664670684,92.38514469717076,91.87791870400166,92.08861541748047,4208800,0.0,0.0
2016-08-02 00:00:00-04:00,92.22125587575972,92.63483814782913,91.38628620755397,91.84668731689453,4504200,0.0,0.0
2016-08-03 00:00:00-04:00,91.9013318928405,92.09641836331772,91.40971613052187,91.70624542236328,4120000,0.0,0.0
2016-08-04 00:00:00-04:00,91.96373650438957,92.50998204841295,91.75304579194564,92.31489562988281,4313200,0.0,0.0
2016-08-05 00:00:00-04:00,92.68947547358573,93.21230574371559,92.54901298795438,93.0250244140625,3883800,0.0,0.0
2016-08-08 00:00:00-04:00,92.99379281110313,93.14986551849425,92.23685655256008,92.30709075927734,3589300,0.0,0.0
2016-08-09 00:00:00-04:00,92.06519854495247,92.96259143690727,91.76866333569042,92.32270812988281,3491700,0.0,0.0
2016-08-10 00:00:00-04:00,92.08080671725786,92.81433369285854,91.80768687109787,92.70508575439453,2941700,0.0,0.0
2016-08-11 00:00:00-04:00,92.75969704035091,93.44639912445379,92.74408679209556,93.15766906738281,3490200,0.0,0.0
2016-08-12 00:00:00-04:00,93.3059492988242,93.65710253579397,93.07964829698538,93.26692962646484,3015700,0.0,0.0
2016-08-15 00:00:00-04:00,92.87674512626116,93.05622726172255,92.486572265625,92.486572265625,3391600,0.0,0.0
2016-08-16 00:00:00-04:00,92.3227054456776,92.49438246635039,92.01837107396337,92.03398132324219,3333900,0.0,0.0
2016-08-17 00:00:00-04:00,92.06520239406217,92.06520239406217,90.92589225857918,91.37849426269531,5184900,0.0,0.0
2016-08-18 00:00:00-04:00,91.48772448612785,91.58917323329024,91.1443764404939,91.40188598632812,3710500,0.0,0.0
2016-08-19 00:00:00-04:00,91.14440132399164,91.14440132399164,89.73977635612137,89.7475814819336,7065700,0.0,0.0
2016-08-22 00:00:00-04:00,89.73974589396185,90.30940081355281,89.46662611891054,90.06748962402344,4484700,0.0,0.0
2016-08-23 00:00:00-04:00,90.44988091191993,90.61375280892663,89.77878307452157,89.88803100585938,4305400,0.0,0.0
2016-08-24 00:00:00-04:00,89.85683208230176,90.05191855840161,89.52908823131006,89.63833618164062,4135400,0.0,0.0
2016-08-25 00:00:00-04:00,89.81779422822643,90.3484295739701,89.64611721143208,90.07530975341797,6694100,0.0,0.0
2016-08-26 00:00:00-04:00,90.23137223837821,90.30160644808107,88.92819633248187,89.30276489257812,5294500,0.0,0.0
2016-08-29 00:00:00-04:00,89.42761594736174,90.24698131303721,89.34958256814627,90.05970001220703,4983000,0.0,0.0
2016-08-30 00:00:00-04:00,90.75961405195712,91.12136206379517,90.12261763995514,90.72029113769531,5085300,0.89,0.0
2016-08-31 00:00:00-04:00,90.83826740306291,91.22360682088694,90.59447609805018,90.95623016357422,5394700,0.0,0.0
2016-09-01 00:00:00-04:00,90.83824510510462,91.07416456838111,90.32707726825494,90.75173950195312,3966600,0.0,0.0
2016-09-02 00:00:00-04:00,91.16853697773729,91.31009105722683,90.98765998734304,91.08989715576172,3410100,0.0,0.0
2016-09-06 00:00:00-04:00,92.08076786201225,93.7715509997632,91.9392197852009,92.20659637451172,6337900,0.0,0.0
2016-09-07 00:00:00-04:00,92.22233255190203,92.39534377658264,91.5696165676539,91.94709014892578,2647700,0.0,0.0
2016-09-08 00:00:00-04:00,91.86843710472775,92.09649677719852,91.25503812351911,91.35726928710938,3085600,0.0,0.0
2016-09-09 00:00:00-04:00,90.90902363185424,91.03485215168023,90.10688781738281,90.10688781738281,4961100,0.0,0.0
2016-09-12 00:00:00-04:00,90.02039640278709,91.36515742131664,89.75301375591773,91.18428039550781,5014000,0.0,0.0
2016-09-13 00:00:00-04:00,90.91687702204965,90.91687702204965,90.02823572128092,90.22483825683594,4162200,0.0,0.0
2016-09-14 00:00:00-04:00,90.43717364516479,90.95620726078766,90.29561956816163,90.57872772216797,4530700,0.0,0.0
2016-09-15 00:00:00-04:00,90.34280822418206,91.41232665439865,90.25630261586792,91.33368682861328,3671200,0.0,0.0
2016-09-16 00:00:00-04:00,90.97191384940906,91.42803311348246,90.30346651403666,90.6573486328125,9500500,0.0,0.0
2016-09-19 00:00:00-04:00,91.08990196115757,91.54602135244552,90.40572287422565,90.60232543945312,3741500,0.0,0.0
2016-09-20 00:00:00-04:00,91.0034155088527,91.71904587700845,90.83040425505986,91.5774917602539,3841800,0.0,0.0
2016-09-21 00:00:00-04:00,91.60893360486394,92.04932745004876,91.19213710839523,91.9549560546875,4528900,0.0,0.0
2016-09-22 00:00:00-04:00,92.37176881067806,92.75710824318814,92.23021469263664,92.29312896728516,3808800,0.0,0.0
2016-09-23 00:00:00-04:00,91.60894036581792,92.41894206965364,91.4988433963549,92.1436996459961,2776000,0.0,0.0
2016-09-26 00:00:00-04:00,91.85272262316535,91.96281958180235,91.44378591979857,91.64038848876953,3022400,0.0,0.0
2016-09-27 00:00:00-04:00,91.9706826365503,92.16728521251541,91.51456922018541,91.91563415527344,3745400,0.0,0.0
2016-09-28 00:00:00-04:00,91.52241756896663,91.64038029977489,90.01251141415528,90.57872772216797,5638900,0.0,0.0
2016-09-29 00:00:00-04:00,90.59445877532809,91.19999803024344,90.22485099615771,90.27203369140625,4924400,0.0,0.0
2016-09-30 00:00:00-04:00,90.1933976856595,90.99553353802489,90.1933976856595,90.72029113769531,4188700,0.0,0.0
2016-10-03 00:00:00-04:00,90.44504193725523,90.55513888910941,89.97319700076099,90.15406799316406,3085800,0.0,0.0
2016-10-04 00:00:00-04:00,90.42931801735502,90.83825473009819,89.19465409590153,89.257568359375,4742900,0.0,0.0
2016-10-05 00:00:00-04:00,89.5799879332768,90.30348387062415,89.16318549127206,89.18678283691406,3720300,0.0,0.0
2016-10-06 00:00:00-04:00,89.06096664537418,89.82378559780697,88.39251908906233,89.58786010742188,3900000,0.0,0.0
2016-10-07 00:00:00-04:00,89.62716784862884,89.9181357710308,89.03736022235445,89.21823120117188,4153100,0.0,0.0
2016-10-10 00:00:00-04:00,89.81590897142621,90.4293079725709,89.77659206099837,90.20911407470703,3290300,0.0,0.0
2016-10-11 00:00:00-04:00,90.16194310502698,90.61806252409703,89.3047527485102,89.39912414550781,3943300,0.0,0.0
2016-10-12 00:00:00-04:00,89.3361982654369,90.61805074202599,89.28901557299,90.20911407470703,3340200,0.0,0.0
2016-10-13 00:00:00-04:00,89.76086107899849,91.01911621768932,89.70581260417556,90.75960540771484,4464700,0.0,0.0
2016-10-14 00:00:00-04:00,90.35854642303893,90.52369186926283,89.70582442141502,89.72154998779297,5312500,0.0,0.0
2016-10-17 00:00:00-04:00,89.57999069162182,89.96533001796922,88.15658411907236,88.40037536621094,5655700,0.0,0.0
2016-10-18 00:00:00-04:00,88.7778485622414,88.93512820507912,87.47241072715364,87.4881362915039,6198400,0.0,0.0
2016-10-19 00:00:00-04:00,87.84987673381558,87.89705942265263,87.38589762736244,87.4959945678711,6433400,0.0,0.0
2016-10-20 00:00:00-04:00,87.52746654360783,87.52746654360783,86.76464761221149,86.95338439941406,7250700,0.0,0.0
2016-10-21 00:00:00-04:00,89.07669991875576,90.04398731322699,88.66776916651828,89.59573364257812,10108000,0.0,0.0
2016-10-24 00:00:00-04:00,89.84737366640944,90.04397623460727,88.58125264722867,89.31261444091797,6173500,0.0,0.0
2016-10-25 00:00:00-04:00,89.25754871454991,89.2890058393632,88.60482687429855,88.64414978027344,4879000,0.0,0.0
2016-10-26 00:00:00-04:00,88.29028175662387,88.6284384256768,87.6061086353974,88.16445922851562,3763100,0.0,0.0
2016-10-27 00:00:00-04:00,88.21165082425026,88.46330190568457,87.90495125624703,88.14087677001953,2960700,0.0,0.0
2016-10-28 00:00:00-04:00,88.28241421023712,88.35318825110542,87.70833210169175,88.15658569335938,3304700,0.0,0.0
2016-10-31 00:00:00-04:00,88.43969373554364,88.65202785752597,87.912800321465,88.52619934082031,4181600,0.0,0.0
2016-11-01 00:00:00-04:00,88.58910903794107,88.68347442077777,88.0386183054481,88.27454376220703,3935600,0.0,0.0
2016-11-02 00:00:00-04:00,88.15659148214107,88.68348493153866,87.93639756297993,88.38465118408203,3512500,0.0,0.0
2016-11-03 00:00:00-04:00,88.65988571613941,88.74639131953901,87.70046429649568,87.85774993896484,3890700,0.0,0.0
2016-11-04 00:00:00-04:00,88.07010849553784,88.07797428033834,87.15787545326327,87.3230209350586,3457400,0.0,0.0
2016-11-07 00:00:00-05:00,88.07792991709306,89.084533870458,87.98355854652777,88.72278594970703,3842400,0.0,0.0
2016-11-08 00:00:00-05:00,88.87223165013546,89.84737876376664,88.8643658670077,89.7372817993164,3300200,0.0,0.0
2016-11-09 00:00:00-05:00,88.14873162332833,90.76747948041614,87.9206779058955,90.42146301269531,5099500,0.0,0.0
2016-11-10 00:00:00-05:00,90.4607724364862,90.4686382191431,89.47775959856935,90.05184173583984,4437700,0.0,0.0
2016-11-11 00:00:00-05:00,90.17765844401325,90.40571812768347,89.7844533342026,89.82377624511719,4331200,0.0,0.0
2016-11-14 00:00:00-05:00,90.42932519072703,93.38622981036042,90.21699703445397,92.68632507324219,7093200,0.0,0.0
2016-11-15 00:00:00-05:00,92.46613083312495,93.1739013514611,92.02573695514087,93.0480728149414,4447900,0.0,0.0
2016-11-16 00:00:00-05:00,93.47273578466626,94.05467777058378,93.16603622453168,93.74797821044922,5371100,0.0,0.0
2016-11-17 00:00:00-05:00,93.49629592056138,93.97600655955495,93.01658528156781,93.93668365478516,2836600,0.0,0.0
2016-11-18 00:00:00-05:00,93.78727509456513,94.55795367282991,93.51203274518485,94.36921691894531,3655400,0.0,0.0
2016-11-21 00:00:00-05:00,94.2119539262723,94.76243872223539,93.55136617128231,93.97602844238281,3603300,0.0,0.0
2016-11-22 00:00:00-05:00,93.97599978913831,94.59726444077862,93.48842340435121,94.12541961669922,3699100,0.0,0.0
2016-11-23 00:00:00-05:00,94.15688406043924,94.96688550473498,94.15688406043924,94.47930908203125,2860200,0.0,0.0
2016-11-25 00:00:00-05:00,94.43215570623721,95.14778600056623,94.30632717106498,94.88827514648438,1709100,0.0,0.0
2016-11-28 00:00:00-05:00,94.6680587131339,95.83981424335545,94.55010198175849,95.80049133300781,5931700,0.0,0.0
2016-11-29 00:00:00-05:00,95.40423056050973,95.72916896226256,94.32639524938847,95.6419906616211,6370900,0.94,0.0
2016-11-30 00:00:00-05:00,95.27743916419176,95.49141843946285,94.5245361328125,94.5245361328125,5696100,0.0,0.0
2016-12-01 00:00:00-05:00,94.27884641734268,94.27884641734268,93.41499639946831,93.89051055908203,4445000,0.0,0.0
2016-12-02 00:00:00-05:00,93.5180322201261,93.91429506851647,93.28819904248074,93.70823669433594,3348700,0.0,0.0
2016-12-05 00:00:00-05:00,94.66718334088216,95.37253066231935,94.33432403005598,94.5403823852539,5191900,0.0,0.0
2016-12-06 00:00:00-05:00,94.54039163400216,94.8257013701905,93.99354696522596,94.5086898803711,3368000,0.0,0.0
2016-12-07 00:00:00-05:00,94.63549672748128,95.20611015235728,93.89052063469724,95.03968048095703,4059900,0.0,0.0
2016-12-08 00:00:00-05:00,95.14269615043233,96.01447305946014,94.70680467267331,95.45970153808594,3255100,0.0,0.0
2016-12-09 00:00:00-05:00,95.5548018786666,96.10956732508157,95.26949220722749,96.10164642333984,2623700,0.0,0.0
2016-12-12 00:00:00-05:00,96.34733539478968,96.88625303594947,96.10165439763271,96.48206329345703,4172000,0.0,0.0
2016-12-13 00:00:00-05:00,96.51379160594149,97.41727054030106,96.49794375029134,97.22706604003906,4308000,0.0,0.0
2016-12-14 00:00:00-05:00,97.37760164270331,97.79763915265548,96.99718677630956,97.35382080078125,4967400,0.0,0.0
2016-12-15 00:00:00-05:00,97.45688322311058,97.76596775264422,96.50584878520695,96.97344207763672,4402800,0.0,0.0
2016-12-16 00:00:00-05:00,97.39346230437883,98.1463591424245,97.11607957701938,97.67084503173828,10793800,0.0,0.0
2016-12-19 00:00:00-05:00,97.66294306228495,98.00372934952954,97.29837592537956,97.47273254394531,3545500,0.0,0.0
2016-12-20 00:00:00-05:00,97.62329982596388,98.19391920305125,97.25081184111573,97.74217987060547,2768800,0.0,0.0
2016-12-21 00:00:00-05:00,97.59950859060386,98.08294958997543,97.55987990023338,97.62328338623047,2762800,0.0,0.0
2016-12-22 00:00:00-05:00,97.57577055887859,98.27319102814785,97.55198970780279,98.05128479003906,3037100,0.0,0.0
2016-12-23 00:00:00-05:00,97.77388969651182,98.13845076277127,97.53612958758616,97.59160614013672,2164100,0.0,0.0
2016-12-27 00:00:00-05:00,97.71843166220803,97.99581447752655,97.45689670212546,97.53614807128906,1919300,0.0,0.0
2016-12-28 00:00:00-05:00,97.42519749137216,97.75805687845369,97.17158947552548,97.22706604003906,1980200,0.0,0.0
2016-12-29 00:00:00-05:00,97.29042655876634,97.76594062251709,97.29042655876634,97.31420135498047,1943300,0.0,0.0
2016-12-30 00:00:00-05:00,97.31421149505951,97.60744812073075,96.24430322851421,96.4662094116211,3574600,0.0,0.0
2017-01-03 00:00:00-05:00,96.577158203302,96.68811128991551,94.27883303711262,94.8019027709961,5123800,0.0,0.0
2017-01-04 00:00:00-05:00,94.31054878703294,94.8970160528593,93.6606780204441,94.69096374511719,3780800,0.0,0.0
2017-01-05 00:00:00-05:00,94.57998576003483,95.2615581412705,94.38978134211703,94.86529541015625,4261100,0.0,0.0
2017-01-06 00:00:00-05:00,94.25507517842087,96.29186584370798,93.93013676173555,95.70539855957031,4089200,0.0,0.0
2017-01-09 00:00:00-05:00,95.705420777882,95.94317489862412,95.36463442964195,95.44388580322266,3021800,0.0,0.0
2017-01-10 00:00:00-05:00,95.46762286997817,95.77670733729889,94.889082629707,95.30119323730469,3108400,0.0,0.0
2017-01-11 00:00:00-05:00,95.84012003118279,96.29185937652167,95.59443903267108,95.80049133300781,3565200,0.0,0.0
2017-01-12 00:00:00-05:00,95.340829714908,96.93380177760775,95.2615723196972,96.76737213134766,3480700,0.0,0.0
2017-01-13 00:00:00-05:00,96.87833742735286,96.87833742735286,95.97485863589854,96.2918701171875,2877400,0.0,0.0
2017-01-17 00:00:00-05:00,95.69745028431691,97.32212991270856,95.65782159231148,97.28250122070312,4077600,0.0,0.0
2017-01-18 00:00:00-05:00,97.33006769648296,97.48064949643572,96.52962118823743,97.25081634521484,3395000,0.0,0.0
2017-01-19 00:00:00-05:00,96.87832963139194,97.48065079272206,96.71982692674798,96.83078002929688,3155200,0.0,0.0
2017-01-20 00:00:00-05:00,96.8941879272461,97.44102651562918,96.70397741725202,96.8941879272461,4887100,0.0,0.0
2017-01-23 00:00:00-05:00,96.44243385252307,96.75151832605493,94.9604089320444,96.19674682617188,7022600,0.0,0.0
2017-01-24 00:00:00-05:00,96.66433316759178,96.73565755803743,95.51516760077683,95.93521118164062,3495200,0.0,0.0
2017-01-25 00:00:00-05:00,96.28395310969522,96.62473942913466,95.85598847273697,96.52171325683594,3968300,0.0,0.0
2017-01-26 00:00:00-05:00,96.57716209849924,96.98927271590091,96.49791075436315,96.59300994873047,2497300,0.0,0.0
2017-01-27 00:00:00-05:00,96.90209672088403,97.47271608657685,96.27600685482177,97.36968994140625,3592700,0.0,0.0
2017-01-30 00:00:00-05:00,97.33006083863204,97.64707226785843,96.92587716169623,97.49649047851562,3778000,0.0,0.0
2017-01-31 00:00:00-05:00,97.49649616015321,97.75010410901538,96.76737406298577,97.13986206054688,3733300,0.0,0.0
2017-02-01 00:00:00-05:00,96.60885499651766,97.08436906426927,96.45034627627419,97.02096557617188,3233400,0.0,0.0
2017-02-02 00:00:00-05:00,97.11608875326213,98.25732756393366,96.89418255040724,97.6550064086914,3236600,0.0,0.0
2017-02-03 00:00:00-05:00,97.72632228369208,98.67735655842968,97.7025474849594,98.46337127685547,3183000,0.0,0.0
2017-02-06 00:00:00-05:00,98.34448921724658,98.98643900229708,98.23353612777905,98.62979888916016,2760300,0.0,0.0
2017-02-07 00:00:00-05:00,99.02605519775568,99.39854313662005,98.7407455444336,98.7407455444336,2847200,0.0,0.0
2017-02-08 00:00:00-05:00,98.7328595446624,99.35102866321614,98.66152908287225,98.80418395996094,2835200,0.0,0.0
2017-02-09 00:00:00-05:00,98.80416309063155,99.06569798446823,98.55848209450697,98.6535873413086,2493600,0.0,0.0
2017-02-10 00:00:00-05:00,98.81208986220233,99.94540168697091,98.68528286669435,99.71556854248047,3681400,0.0,0.0
2017-02-13 00:00:00-05:00,99.8740688576121,100.39713863186776,99.45403127637115,99.49365997314453,2993800,0.0,0.0
2017-02-14 00:00:00-05:00,99.4619529952636,99.91369230087253,99.27966946477689,99.70763397216797,2663100,0.0,0.0
2017-02-15 00:00:00-05:00,99.5887690860505,100.48432083090889,99.42233339032924,100.23863983154297,2974900,0.0,0.0
2017-02-16 00:00:00-05:00,100.45262308465762,101.30062526252647,100.10390987437825,100.41299438476562,3006000,0.0,0.0
2017-02-17 00:00:00-05:00,100.47640284530053,101.34817986753737,100.39715148809553,101.28478240966797,3677400,0.0,0.0
2017-02-21 00:00:00-05:00,100.77756125997684,101.69689388622194,100.77756125997684,101.4749755859375,4495200,0.0,0.0
2017-02-22 00:00:00-05:00,101.0628669431348,101.53046021486739,100.17524209616978,101.32440185546875,3670700,0.0,0.0
2017-02-23 00:00:00-05:00,101.38778002686136,102.15652462647412,100.99944425333689,101.65724182128906,3178000,0.0,0.0
2017-02-24 00:00:00-05:00,101.72856984615674,102.02973339460841,101.24512882557963,101.9583969116211,3537200,0.0,0.0
2017-02-27 00:00:00-05:00,101.93449094835285,101.99037584216074,101.21596653439663,101.38362121582031,5184000,0.94,0.0
2017-02-28 00:00:00-05:00,101.4554656927097,102.13406964130498,101.0562861828306,101.91053009033203,4619300,0.0,0.0
2017-03-01 00:00:00-05:00,102.20591998528914,103.78666735403145,101.88657517523146,103.02822875976562,5471600,0.0,0.0
2017-03-02 00:00:00-05:00,103.02824122247337,103.6349897348825,102.30971074468053,102.37358093261719,6738100,0.0,0.0
2017-03-03 00:00:00-05:00,102.37356123718473,102.71686190854828,101.74286304838714,102.110107421875,4067700,0.0,0.0
2017-03-06 00:00:00-05:00,102.1100903670461,102.46136409245304,101.71091097240635,102.21387481689453,3271500,0.0,0.0
2017-03-07 00:00:00-05:00,102.23786585118027,102.43745562901937,101.66304631644421,102.24585723876953,3332400,0.0,0.0
2017-03-08 00:00:00-05:00,102.24583663596901,102.4773553715337,101.76681639288168,102.26179504394531,3571700,0.0,0.0
2017-03-09 00:00:00-05:00,102.15003712761505,102.76477700175607,101.94246816192754,102.30172729492188,3265700,0.0,0.0
2017-03-10 00:00:00-05:00,102.63701660900477,102.66096640106619,101.96639806730569,102.1739730834961,3178900,0.0,0.0
2017-03-13 00:00:00-04:00,102.19790921513369,102.40549030694424,101.67099555582455,101.87857055664062,3130800,0.0,0.0
2017-03-14 00:00:00-04:00,101.91051838009777,102.37356192919366,101.79076332269555,102.0302734375,2492700,0.0,0.0
2017-03-15 00:00:00-04:00,102.35758980410444,102.42943917431964,101.76679989102756,102.09412384033203,3529300,0.0,0.0
2017-03-16 00:00:00-04:00,102.4294476838093,102.90845570702729,102.13405270273046,102.1739730834961,3945700,0.0,0.0
2017-03-17 00:00:00-04:00,102.6450412993696,103.77071843747133,102.52528011821406,102.70092010498047,12532700,0.0,0.0
2017-03-20 00:00:00-04:00,102.98032859153963,103.37151669289418,102.56517851349835,102.81266784667969,3415500,0.0,0.0
2017-03-21 00:00:00-04:00,103.16395140510484,103.58708070239344,102.3336512195634,102.6051025390625,4062400,0.0,0.0
2017-03-22 00:00:00-04:00,102.65298048791904,103.10803868933128,102.51726094777892,103.06813049316406,3174200,0.0,0.0
2017-03-23 00:00:00-04:00,103.10007390345703,103.4593329931223,102.83661398917162,102.9883041381836,2774500,0.0,0.0
2017-03-24 00:00:00-04:00,103.29167628468828,103.53117420423739,103.11603635569242,103.25973510742188,3568200,0.0,0.0
2017-03-27 00:00:00-04:00,103.05216365537117,103.64295360041028,103.00426407263629,103.3794937133789,2540400,0.0,0.0
2017-03-28 00:00:00-04:00,103.3555637133059,103.60305305948692,102.94041361345833,103.34757232666016,3487400,0.0,0.0
2017-03-29 00:00:00-04:00,102.98829790358634,103.52319690372741,102.69290900938651,102.86055755615234,3197800,0.0,0.0
2017-03-30 00:00:00-04:00,102.78870401301882,103.41142295403367,102.66895505589656,103.2437744140625,2018000,0.0,0.0
2017-03-31 00:00:00-04:00,103.29967132337619,103.93836096472486,103.22782193649728,103.47531127929688,3041700,0.0,0.0
2017-04-03 00:00:00-04:00,103.38749130133652,103.55515205271233,102.87654202465592,103.47531127929688,3287100,0.0,0.0
2017-04-04 00:00:00-04:00,103.10008439261561,103.41144392626794,102.70888408336342,103.21983337402344,3414000,0.0,0.0
2017-04-05 00:00:00-04:00,103.69882553199139,105.04805387246049,103.5072150317274,104.11397552490234,4052200,0.0,0.0
2017-04-06 00:00:00-04:00,104.03412001509808,104.31355043226765,103.75470177991551,103.90637969970703,3856900,0.0,0.0
2017-04-07 00:00:00-04:00,103.8026298105161,104.10599791525547,103.4832789344874,103.75473022460938,2176600,0.0,0.0
2017-04-10 00:00:00-04:00,103.74673349685408,104.30558227364027,103.40344502753888,103.77068328857422,2709300,0.0,0.0
2017-04-11 00:00:00-04:00,104.28165548813348,104.77664638419537,103.62700740004081,104.74470520019531,3677600,0.0,0.0
2017-04-12 00:00:00-04:00,104.8325229272073,105.03211268593917,104.48124300272048,104.7926025390625,3195500,0.0,0.0
2017-04-13 00:00:00-04:00,104.58502025850557,104.69679002188388,104.24173176455449,104.3934097290039,2429200,0.0,0.0
2017-04-17 00:00:00-04:00,104.78461540650875,105.27959407247755,104.51317627884788,104.86445617675781,3236400,0.0,0.0
2017-04-18 00:00:00-04:00,105.39136336363194,106.0220737725618,105.22371480165695,105.62289428710938,3617400,0.0,0.0
2017-04-19 00:00:00-04:00,105.89429473876953,106.18170435060703,105.65478469857383,105.89429473876953,3132800,0.0,0.0
2017-04-20 00:00:00-04:00,105.90229469946138,106.53300500167744,105.8943154966192,106.39728546142578,2697300,0.0,0.0
2017-04-21 00:00:00-04:00,106.62082584196823,106.88428572180646,106.30147499580559,106.5090560913086,3466100,0.0,0.0
2017-04-24 00:00:00-04:00,107.17170293331115,107.5868407895493,106.3893024416523,107.16371154785156,5041000,0.0,0.0
2017-04-25 00:00:00-04:00,110.28530085550462,113.35898757403494,109.51887093129773,113.12745666503906,10893800,0.0,0.0
2017-04-26 00:00:00-04:00,113.1274230004077,113.36693304182299,112.04165470371359,112.44083404541016,7132200,0.0,0.0
2017-04-27 00:00:00-04:00,113.27115582582448,113.9976531100424,112.44884719730061,112.46480560302734,5183700,0.0,0.0
2017-04-28 00:00:00-04:00,112.08159061531823,112.37697947089603,111.59459126364249,111.71434020996094,4779900,0.0,0.0
2017-05-01 00:00:00-04:00,111.65848442517382,112.92787224553469,111.64251383504606,112.68836212158203,3747200,0.0,0.0
2017-05-02 00:00:00-04:00,112.55262281979151,113.21526210097703,112.34505391250003,112.75221252441406,3774100,0.0,0.0
2017-05-03 00:00:00-04:00,113.52662921201355,113.92580864818939,112.88793967773427,113.8619384765625,4278400,0.0,0.0
2017-05-04 00:00:00-04:00,113.86197290053089,114.70025240633571,113.5745631323119,114.52461242675781,4178800,0.0,0.0
2017-05-05 00:00:00-04:00,114.50062682799303,114.94770584277309,113.83000830582293,114.93174743652344,2452700,0.0,0.0
2017-05-08 00:00:00-04:00,114.90777959878241,115.36284997545201,114.69223148750733,115.15528106689453,2813000,0.0,0.0
2017-05-09 00:00:00-04:00,115.03555353537375,115.74609260842826,114.96370414396196,115.25111389160156,3053800,0.0,0.0
2017-05-10 00:00:00-04:00,114.85191776061477,115.47463676014978,114.7481272000287,115.37883758544922,2273300,0.0,0.0
2017-05-11 00:00:00-04:00,115.02755709621076,115.29101700723996,114.48466668445617,115.13134765625,1941900,0.0,0.0
2017-05-12 00:00:00-04:00,115.36288732587309,116.16124640771304,115.33095832267634,116.04947662353516,2747900,0.0,0.0
2017-05-15 00:00:00-04:00,116.10531045854167,116.87971944256725,116.10531045854167,116.78392028808594,3332800,0.0,0.0
2017-05-16 00:00:00-04:00,116.99950082790053,117.89365890986484,116.78394051100192,117.59027862548828,3540900,0.0,0.0
2017-05-17 00:00:00-04:00,117.59025800593002,117.7259897171327,116.75199104207447,116.88771057128906,3875600,0.0,0.0
2017-05-18 00:00:00-04:00,116.88773693373567,117.5503763248714,116.40871669036332,117.36674499511719,2730900,0.0,0.0
2017-05-19 00:00:00-04:00,117.55836772869492,118.81977646395562,117.23103760115423,118.27688598632812,4071200,0.0,0.0
2017-05-22 00:00:00-04:00,118.39662733935091,118.8596769633186,118.10122626251547,118.30880737304688,3294500,0.0,0.0
2017-05-23 00:00:00-04:00,118.33278939683255,118.58027877419389,117.87771885239913,118.0134506225586,3262300,0.0,0.0
2017-05-24 00:00:00-04:00,118.10923715207389,119.74587560419528,117.35877771281876,119.35467529296875,3348900,0.0,0.0
2017-05-25 00:00:00-04:00,119.60214345671059,119.71391321411971,119.17103501584397,119.57819366455078,3408100,0.0,0.0
2017-05-26 00:00:00-04:00,119.6500003797442,119.9454013477064,119.155021942273,119.64202117919922,3258200,0.0,0.0
2017-05-30 00:00:00-04:00,119.71392286056457,120.01730316168825,119.37063435728535,119.69795227050781,3113900,0.0,0.0
2017-05-31 00:00:00-04:00,119.84966893224873,120.67197786320084,119.43453095487048,120.46440887451172,6415700,0.0,0.0
2017-06-01 00:00:00-04:00,121.13918917075422,122.42457580566408,120.78571949159169,122.42457580566406,4349800,0.94,0.0
2017-06-02 00:00:00-04:00,122.529020179391,123.63765361600734,122.23176731055665,123.50912475585938,4316700,0.0,0.0
2017-06-05 00:00:00-04:00,123.42076835268674,123.44486828286175,122.72183360253983,122.74593353271484,2633700,0.0,0.0
2017-06-06 00:00:00-04:00,122.40854055750873,122.58528157746103,121.4766478485481,121.49270629882812,3661900,0.0,0.0
2017-06-07 00:00:00-04:00,121.49268622594916,122.11930891739237,121.09100438485186,122.06307983398438,2922900,0.0,0.0
2017-06-08 00:00:00-04:00,122.0630817893037,122.23178130058704,121.3159471785488,121.65335845947266,3709900,0.0,0.0
2017-06-09 00:00:00-04:00,122.01488004977024,122.11127976901892,121.22757481471612,121.69352722167969,4143100,0.0,0.0
2017-06-12 00:00:00-04:00,121.6935183500003,121.6935183500003,118.92994552167595,119.27539825439453,5902600,0.0,0.0
2017-06-13 00:00:00-04:00,119.58872787255689,120.70540299058807,119.39591616026189,120.3599624633789,4267700,0.0,0.0
2017-06-14 00:00:00-04:00,120.76161266252612,121.37216453711602,120.4322306706328,121.05081176757812,2675500,0.0,0.0
2017-06-15 00:00:00-04:00,120.4241678067328,121.7256248401465,120.22332695831706,121.44444274902344,2517500,0.0,0.0
2017-06-16 00:00:00-04:00,121.29182070819057,122.82624797201584,121.24362085837063,122.10322570800781,5443900,0.0,0.0
2017-06-19 00:00:00-04:00,122.42457691723197,123.05922875927952,121.98272449132266,123.027099609375,3263800,0.0,0.0
2017-06-20 00:00:00-04:00,123.93491649775292,124.74630938944448,123.5894637461589,123.77424621582031,3614400,0.0,0.0
2017-06-21 00:00:00-04:00,123.86257924059085,124.0553908946796,123.40466841736713,123.50106811523438,2448500,0.0,0.0
2017-06-22 00:00:00-04:00,123.5412605337781,124.44906537667146,123.46091926581435,124.3606948852539,2003800,0.0,0.0
2017-06-23 00:00:00-04:00,124.52138154600227,124.88289278269004,124.0634583234019,124.23217010498047,2214700,0.0,0.0
2017-06-26 00:00:00-04:00,124.66599039960653,124.89094354454392,123.33241578870835,123.68589782714844,2360900,0.0,0.0
2017-06-27 00:00:00-04:00,123.71798279842537,124.37674677266094,123.28417188878221,123.4930419921875,2139000,0.0,0.0
2017-06-28 00:00:00-04:00,123.75011726305392,124.2642694505976,123.50911800198274,123.95899963378906,1302800,0.0,0.0
2017-06-29 00:00:00-04:00,124.18395597045713,124.18395597045713,122.2317759033075,123.01908111572266,1975900,0.0,0.0
2017-06-30 00:00:00-04:00,123.15566043263767,123.53324236080174,122.689708005151,123.0431900024414,2508200,0.0,0.0
2017-07-03 00:00:00-04:00,123.26812616888067,123.6135666704874,122.49689163521894,122.5129623413086,1100700,0.0,0.0
2017-07-05 00:00:00-04:00,122.77004530744912,123.372568076508,122.10325197202111,122.97088623046875,2497300,0.0,0.0
2017-07-06 00:00:00-04:00,122.6735967029511,123.28416077198764,122.3763561483013,122.98690795898438,2019800,0.0,0.0
2017-07-07 00:00:00-04:00,123.21187929130117,125.77461130057836,123.03513830732643,125.54164123535156,4117800,0.0,0.0
2017-07-10 00:00:00-04:00,125.54969238851834,125.75053333644703,124.64992886447254,124.93914031982422,2402200,0.0,0.0
2017-07-11 00:00:00-04:00,124.59363518229199,125.22829917585119,123.72600118066708,124.44903564453125,2008800,0.0,0.0
2017-07-12 00:00:00-04:00,124.85073080124229,125.92723500376695,124.73826039587934,125.79066467285156,2094900,0.0,0.0
2017-07-13 00:00:00-04:00,125.7183690347008,125.75852740637362,123.9911300103373,124.55348205566406,3169700,0.0,0.0
2017-07-14 00:00:00-04:00,124.51332969161759,124.92304071761905,124.30444730873559,124.74629974365234,2440200,0.0,0.0
2017-07-17 00:00:00-04:00,124.86687132400668,124.87491281004657,124.28041898615042,124.73030090332031,2408700,0.0,0.0
2017-07-18 00:00:00-04:00,124.52139079753137,124.73830245900305,123.21190386195343,123.68589782714844,3890300,0.0,0.0
2017-07-19 00:00:00-04:00,123.82245801319308,124.08756952020377,123.30026422361766,123.62964630126953,3072200,0.0,0.0
2017-07-20 00:00:00-04:00,123.74208405148036,124.69808861742827,123.35647298784207,123.8866958618164,2240200,0.0,0.0
2017-07-21 00:00:00-04:00,123.76620272116425,124.28035497000175,123.1476092745084,123.65373229980469,3522400,0.0,0.0
2017-07-24 00:00:00-04:00,123.71799528158269,123.89473625551055,121.92649787315653,121.99076843261719,5307400,0.0,0.0
2017-07-25 00:00:00-04:00,126.73057767132876,128.52207463966866,125.75850255351845,127.79102325439453,9511400,0.0,0.0
2017-07-26 00:00:00-04:00,127.54201192328509,127.7348236172252,125.06765034699264,125.73444366455078,4679000,0.0,0.0
2017-07-27 00:00:00-04:00,125.66213939304623,126.47353225834436,124.95517546551118,126.08792114257812,4624100,0.0,0.0
2017-07-28 00:00:00-04:00,125.61393466126752,125.85494619615231,124.57760099712559,125.2042236328125,3964500,0.0,0.0
2017-07-31 00:00:00-04:00,125.26051884052602,125.6622008579437,124.40092569760061,124.63389587402344,4272400,0.0,0.0
2017-08-01 00:00:00-04:00,124.50527813066631,125.24437111725804,123.48501525978529,123.75011444091797,4185100,0.0,0.0
2017-08-02 00:00:00-04:00,123.52515557772402,125.84687538118031,123.48499721323358,125.79867553710938,3326000,0.0,0.0
2017-08-03 00:00:00-04:00,125.77458787882672,125.94329960787836,124.04736125332099,124.29640197753906,3666100,0.0,0.0
2017-08-04 00:00:00-04:00,124.20803128824718,124.37674301700848,123.0993857350123,123.57337951660156,4435400,0.0,0.0
2017-08-07 00:00:00-04:00,123.83048294949317,124.83468759656586,123.71801251935533,124.49727630615234,3252100,0.0,0.0
2017-08-08 00:00:00-04:00,124.25624376025635,124.72219610883145,123.79833289284895,124.45708465576172,4234300,0.0,0.0
2017-08-09 00:00:00-04:00,124.7623667396036,125.06763656509007,123.99917378835431,124.45708465576172,3006500,0.0,0.0
2017-08-10 00:00:00-04:00,123.98310248239676,126.28875202892993,123.91883192514443,125.82279968261719,3874500,0.0,0.0
2017-08-11 00:00:00-04:00,126.03166839461589,127.2527720749584,125.83082752185973,126.36907958984375,2925000,0.0,0.0
2017-08-14 00:00:00-04:00,126.48958561243539,126.85109675002357,125.69426356141231,126.33694458007812,2809100,0.0,0.0
2017-08-15 00:00:00-04:00,126.80288535072228,127.39737872303402,126.4012036214625,126.62614440917969,2160100,0.0,0.0
2017-08-16 00:00:00-04:00,126.84307952036323,128.04009570875888,126.61010946782343,127.65447235107422,2921800,0.0,0.0
2017-08-17 00:00:00-04:00,127.53399481409916,128.1606175559817,126.77883093071306,126.84310150146484,3071600,0.0,0.0
2017-08-18 00:00:00-04:00,126.92346813261634,127.15643827206445,126.14420416183408,126.73868560791016,2595700,0.0,0.0
2017-08-21 00:00:00-04:00,127.06806964838539,127.44565167113625,126.56194645653623,127.22071075439453,2195100,0.0,0.0
2017-08-22 00:00:00-04:00,127.33312840446916,128.48997392985927,127.24475791965867,128.24896240234375,2122600,0.0,0.0
2017-08-23 00:00:00-04:00,127.97585175928526,128.032080849167,127.23675855757638,127.58219909667969,2190700,0.0,0.0
2017-08-24 00:00:00-04:00,127.82319348458427,128.28110440020623,127.19657080529733,127.2608413696289,1634800,0.0,0.0
2017-08-25 00:00:00-04:00,127.6464543028391,128.00796550625572,127.35724288843446,127.59022521972656,2019600,0.0,0.0
2017-08-28 00:00:00-04:00,127.76696347034598,128.5060688965018,127.461693585655,128.27308654785156,2027300,0.0,0.0
2017-08-29 00:00:00-04:00,127.89553399364476,128.3454158288484,127.51795196945017,128.04014587402344,3283400,0.0,0.0
2017-08-30 00:00:00-04:00,128.00781420944952,129.00990006111547,127.94317464709877,128.92100524902344,2236500,0.94,0.0
2017-08-31 00:00:00-04:00,129.11486580883,129.30073215860594,128.7754528666431,129.2764892578125,2717000,0.0,0.0
2017-09-01 00:00:00-04:00,129.1957178747045,129.46240221051013,128.89671376989963,129.14723205566406,1878300,0.0,0.0
2017-09-05 00:00:00-04:00,128.49265314750156,129.12299347834224,127.7410982649929,128.57347106933594,4000500,0.0,0.0
2017-09-06 00:00:00-04:00,128.67854977985024,128.7916874983292,127.86234283447266,127.86234283447266,4143300,0.0,0.0
2017-09-07 00:00:00-04:00,128.06433570134953,129.3573483673838,127.95119801790274,129.21995544433594,2965400,0.0,0.0
2017-09-08 00:00:00-04:00,128.9209517261736,129.6078670190766,128.6381013511941,129.06642150878906,2984200,0.0,0.0
2017-09-11 00:00:00-04:00,129.30080870732465,130.69079338741528,129.23615682324066,130.53724670410156,2333600,0.0,0.0
2017-09-12 00:00:00-04:00,129.4705013792625,129.8826432039529,125.88240252073932,126.33495330810547,10324100,0.0,0.0
2017-09-13 00:00:00-04:00,126.66630969155776,127.50675952594408,126.06828900962878,126.87641906738281,4705600,0.0,0.0
2017-09-14 00:00:00-04:00,126.87641906738281,127.15926952003116,126.1086979787337,126.87641906738281,3109700,0.0,0.0
2017-09-15 00:00:00-04:00,127.5147523959867,127.6844650220067,126.77936389944124,126.81168365478516,7425100,0.0,0.0
2017-09-18 00:00:00-04:00,127.4582445661668,127.51480724511798,126.35111058601554,126.61778259277344,3831900,0.0,0.0
2017-09-19 00:00:00-04:00,127.09460841307539,127.60372192737813,126.33496424093632,127.2238998413086,3554600,0.0,0.0
2017-09-20 00:00:00-04:00,127.60367543431312,129.2118579857873,127.49053776890311,129.2037811279297,3641100,0.0,0.0
2017-09-21 00:00:00-04:00,129.1956869280453,129.37347644266256,128.09663007908415,128.51686096191406,2503400,0.0,0.0
2017-09-22 00:00:00-04:00,128.39570947696325,129.09070183045768,128.13710193562287,128.41995239257812,2442700,0.0,0.0
2017-09-25 00:00:00-04:00,128.06435396000262,128.24214353520756,126.14908992748535,126.27838134765625,3661500,0.0,0.0
2017-09-26 00:00:00-04:00,126.27034575608666,126.74713962220041,123.86212117453134,123.92677307128906,6420000,0.0,0.0
2017-09-27 00:00:00-04:00,124.05602692319202,125.00962669740161,123.99946423760761,124.49242401123047,3915900,0.0,0.0
2017-09-28 00:00:00-04:00,126.197570377795,127.9350447611236,125.64803562390195,127.27238464355469,4210200,0.0,0.0
2017-09-29 00:00:00-04:00,127.28853186714667,127.71683971338402,126.16523183683083,126.61778259277344,3670100,0.0,0.0
2017-10-02 00:00:00-04:00,126.06826791267143,127.02185530232131,125.90664439438481,126.84407806396484,2407000,0.0,0.0
2017-10-03 00:00:00-04:00,126.67433460697431,127.24811213836577,126.35916450693705,126.76322937011719,2188400,0.0,0.0
2017-10-04 00:00:00-04:00,126.73900351847333,127.21579716172252,126.59353373599231,127.04609680175781,1823100,0.0,0.0
2017-10-05 00:00:00-04:00,127.11882938052919,128.4279958071267,127.11882938052919,128.33102416992188,2796000,0.0,0.0
2017-10-06 00:00:00-04:00,128.15325825970902,129.40586223941435,128.15325825970902,128.97755432128906,3548500,0.0,0.0
2017-10-09 00:00:00-04:00,128.9855938497424,129.6967519975163,128.89669908127067,129.39773559570312,2120000,0.0,0.0
2017-10-10 00:00:00-04:00,129.05025044094154,130.57761527805368,128.96943252806656,129.7694854736328,2909600,0.0,0.0
2017-10-11 00:00:00-04:00,130.0280974745739,131.91913083396886,129.76950231576023,131.8463897705078,3572500,0.0,0.0
2017-10-12 00:00:00-04:00,131.71710845402723,132.8565623418722,131.53931887386435,132.46058654785156,3023600,0.0,0.0
2017-10-13 00:00:00-04:00,132.8969790163648,133.75359486261604,132.59797485560156,133.6404571533203,2957400,0.0,0.0
2017-10-16 00:00:00-04:00,133.69700481232323,133.93944623436553,132.88887495957087,133.34950256347656,2132300,0.0,0.0
2017-10-17 00:00:00-04:00,133.27677397454192,134.1657217459255,133.13939337916136,133.6646728515625,2379700,0.0,0.0
2017-10-18 00:00:00-04:00,133.57578810359152,134.3515982469652,132.44441115605065,133.9636993408203,2798300,0.0,0.0
2017-10-19 00:00:00-04:00,134.0040818118286,134.91726004928992,133.2767576341204,134.55360412597656,2478100,0.0,0.0
2017-10-20 00:00:00-04:00,135.14356848661316,135.68501407498889,133.74550712167036,134.3920135498047,5577700,0.0,0.0
2017-10-23 00:00:00-04:00,134.2303544160681,134.2303544160681,131.79787601276286,131.99990844726562,6214800,0.0,0.0
2017-10-24 00:00:00-04:00,133.5515512794103,134.5455599976427,132.2019757408053,132.43634033203125,7855200,0.0,0.0
2017-10-25 00:00:00-04:00,132.05649758339055,133.4383926779043,131.72516139587975,132.19387817382812,3716200,0.0,0.0
2017-10-26 00:00:00-04:00,132.6464426699751,133.05858448406408,132.33127249894613,132.5413818359375,2934400,0.0,0.0
2017-10-27 00:00:00-04:00,132.606090192683,134.02840732918833,132.34749492401147,133.6566619873047,2298100,0.0,0.0
2017-10-30 00:00:00-04:00,133.34139216741178,134.60207244765817,133.07470790334736,134.33538818359375,2051000,0.0,0.0
2017-10-31 00:00:00-04:00,134.35162569499207,135.28905954652012,134.25465403141553,134.88499450683594,2873000,0.0,0.0
2017-11-01 00:00:00-04:00,133.92331353697654,135.75777221228267,133.8020989613095,134.44859313964844,2186100,0.0,0.0
2017-11-02 00:00:00-04:00,134.94960927650723,136.14563801231367,134.5536212073378,135.8466339111328,2291000,0.0,0.0
2017-11-03 00:00:00-04:00,135.76584285790028,136.93762891634958,135.44259578352992,136.29112243652344,1959500,0.0,0.0
2017-11-06 00:00:00-05:00,136.49312166840744,137.7214824475361,136.25069258726836,137.4386444091797,3087700,0.0,0.0
2017-11-07 00:00:00-05:00,137.46290319267072,138.0447577167669,136.9941863631997,138.0043487548828,2506000,0.0,0.0
2017-11-08 00:00:00-05:00,137.51946856666703,138.1255660135425,136.93761403117986,137.46290588378906,2605000,0.0,0.0
2017-11-09 00:00:00-05:00,136.34767173142257,136.73557061369775,134.2303754322783,134.9576873779297,4219000,0.0,0.0
2017-11-10 00:00:00-05:00,134.47275926651744,134.79601850218154,132.14535442513088,133.81817626953125,4226800,0.0,0.0
2017-11-13 00:00:00-05:00,133.7212265461669,135.7253848109236,133.40605644674514,135.2566680908203,2605600,0.0,0.0
2017-11-14 00:00:00-05:00,134.8284229073407,136.10526994490823,134.61023665875098,135.85475158691406,2180900,0.0,0.0
2017-11-15 00:00:00-05:00,135.51525155794306,136.32338113982016,135.07885467832529,135.21624755859375,2019300,0.0,0.0
2017-11-16 00:00:00-05:00,135.5072562118111,136.4850991087335,135.38604162301746,135.83859252929688,2293400,0.0,0.0
2017-11-17 00:00:00-05:00,135.39407488541516,135.52337862588135,134.2788640343736,134.73141479492188,2221400,0.0,0.0
2017-11-20 00:00:00-05:00,135.224413007635,135.644644118228,134.76377292525842,134.90115356445312,2442300,0.0,0.0
2017-11-21 00:00:00-05:00,135.40220319517587,136.7840987860162,135.36987108517656,136.00830078125,2653100,0.0,0.0
2017-11-22 00:00:00-05:00,136.79215419184536,137.66493597994827,136.30727131031577,136.61436462402344,2719200,0.0,0.0
2017-11-24 00:00:00-05:00,136.4769906188913,137.02651306885755,136.42850479461012,136.66285705566406,963200,0.0,0.0
2017-11-27 00:00:00-05:00,136.49312782706397,136.71940320039175,135.83854461628832,136.5416259765625,2082400,0.0,0.0
2017-11-28 00:00:00-05:00,136.75984148187487,138.49732844448857,136.60629480324866,138.46499633789062,2909900,0.0,0.0
2017-11-29 00:00:00-05:00,138.75588150144497,139.01448895134652,136.614342505431,137.72955322265625,4590300,0.0,0.0
2017-11-30 00:00:00-05:00,138.39621630382038,140.77814703127396,137.66455595543275,139.8026123046875,6023700,1.01,0.0
2017-12-01 00:00:00-05:00,140.4529686593795,140.76188033058423,138.51814928710195,140.5342559814453,4279200,0.0,0.0
2017-12-04 00:00:00-05:00,140.8594231689549,141.03013520510282,138.5506427370436,138.7294921875,3943100,0.0,0.0
2017-12-05 00:00:00-05:00,141.16021638166464,141.65611489843982,140.20094419767733,140.63180541992188,3228700,0.0,0.0
2017-12-06 00:00:00-05:00,141.03012084960938,141.81055586348708,140.6399095449674,141.03012084960938,2618700,0.0,0.0
2017-12-07 00:00:00-05:00,140.27409560180055,140.87566882141957,139.76193470004307,140.56675720214844,2284800,0.0,0.0
2017-12-08 00:00:00-05:00,140.67244660611354,141.07892040426464,140.24158537244102,140.76187133789062,2241100,0.0,0.0
2017-12-11 00:00:00-05:00,140.59117362898212,140.8431854248047,140.00585030757622,140.8431854248047,2340800,0.0,0.0
2017-12-12 00:00:00-05:00,140.63993491780337,140.8025219570204,139.70505013885867,140.0139617919922,2805900,0.0,0.0
2017-12-13 00:00:00-05:00,140.1846942658281,141.42037816284088,140.15216941336647,141.08706665039062,2554000,0.0,0.0
2017-12-14 00:00:00-05:00,141.17648990750172,141.51792642718902,140.50174187885898,140.75375366210938,2666900,0.0,0.0
2017-12-15 00:00:00-05:00,141.69677510584833,142.33899827877076,141.1927391375761,141.5016632080078,7435200,0.0,0.0
2017-12-18 00:00:00-05:00,142.16012131903008,142.89990650012723,141.5422857022269,141.61544799804688,2426300,0.0,0.0
2017-12-19 00:00:00-05:00,141.76994842968588,142.18454728963545,140.70498893100563,140.95700073242188,3122500,0.0,0.0
2017-12-20 00:00:00-05:00,141.31469077140798,141.3553406346212,139.59124573161898,139.96519470214844,2749400,0.0,0.0
2017-12-21 00:00:00-05:00,140.31478894764982,140.4367261503404,139.55874107717287,139.705078125,2343300,0.0,0.0
2017-12-22 00:00:00-05:00,139.68063992120278,139.85947695195586,138.64819316344384,139.35545349121094,3234100,0.0,0.0
2017-12-26 00:00:00-05:00,139.08718409989888,139.53430770357392,138.86769720730834,139.24977111816406,1280200,0.0,0.0
2017-12-27 00:00:00-05:00,139.28226611485647,140.4285248155509,138.89205487372772,140.37161254882812,1596800,0.0,0.0
2017-12-28 00:00:00-05:00,140.85129937358352,141.08706112861506,140.3310133959297,140.7212371826172,1800100,0.0,0.0
2017-12-29 00:00:00-05:00,140.6236807619685,140.6236807619685,139.76195823930792,139.92454528808594,2201800,0.0,0.0
2018-01-02 00:00:00-05:00,141.2333701346639,141.84308077880112,140.3635227327507,140.8187713623047,3696900,0.0,0.0
2018-01-03 00:00:00-05:00,140.82693043109683,141.16024197427313,139.8270082061657,140.22535705566406,3789600,0.0,0.0
2018-01-04 00:00:00-05:00,140.83508111054564,141.55860415519493,140.4204697942709,141.2090301513672,2756400,0.0,0.0
2018-01-05 00:00:00-05:00,141.4528804130893,142.26582800167026,140.9651068981024,141.4935302734375,3737700,0.0,0.0
2018-01-08 00:00:00-05:00,141.24150071486744,141.6235870257404,140.5830028312011,141.3959503173828,2060800,0.0,0.0
2018-01-09 00:00:00-05:00,141.6398389560142,141.6398389560142,140.64804201711763,141.0789031982422,2674300,0.0,0.0
2018-01-10 00:00:00-05:00,141.0464404175092,141.4529143092023,140.20910519298928,141.0545654296875,2172500,0.0,0.0
2018-01-11 00:00:00-05:00,141.09520035240507,141.90002303835152,139.90830366097418,140.95700073242188,3078000,0.0,0.0
2018-01-12 00:00:00-05:00,140.9325928111065,141.28215431591894,140.54238144641934,141.1033172607422,2901600,0.0,0.0
2018-01-16 00:00:00-05:00,141.14395889319348,141.78619444627287,140.5423856057879,141.19273376464844,3662600,0.0,0.0
2018-01-17 00:00:00-05:00,141.73743938623662,142.8267863496476,141.35535296697194,142.2495880126953,4129600,0.0,0.0
2018-01-18 00:00:00-05:00,142.42029859016418,142.63166051024726,141.37158919127546,141.91627502441406,2154800,0.0,0.0
2018-01-19 00:00:00-05:00,142.25770819284702,143.5990668012118,141.76180964949714,143.17633056640625,3746300,0.0,0.0
2018-01-22 00:00:00-05:00,143.05435410191384,143.75348935785325,142.76169254350683,143.2494659423828,3217900,0.0,0.0
2018-01-23 00:00:00-05:00,142.72919670417375,144.50141627730764,142.14387351929054,143.73724365234375,3197600,0.0,0.0
2018-01-24 00:00:00-05:00,144.13561520639618,144.13561520639618,142.4690701079517,143.17633056640625,2810800,0.0,0.0
2018-01-25 00:00:00-05:00,143.4039567290986,143.58280619976568,141.9894357942181,142.80238342285156,2815800,0.0,0.0
2018-01-26 00:00:00-05:00,142.8104837257112,145.02982689462291,142.27393540653873,144.997314453125,3957700,0.0,0.0
2018-01-29 00:00:00-05:00,144.94856143652007,145.27373551888937,144.08683895410493,144.5177001953125,6091900,0.0,0.0
2018-01-30 00:00:00-05:00,143.97300414997594,144.43637776473233,138.8920823830315,140.21717834472656,9613000,0.0,0.0
2018-01-31 00:00:00-05:00,141.12769449282317,141.69675527614206,138.42057776154033,139.12783813476562,7004200,0.0,0.0
2018-02-01 00:00:00-05:00,138.4205403217091,141.0788690628902,137.29866907761235,139.74563598632812,4751300,0.0,0.0
2018-02-02 00:00:00-05:00,138.85145135415792,140.42043425431578,137.38001819568152,137.6970672607422,4604500,0.0,0.0
2018-02-05 00:00:00-05:00,137.07108768649374,137.76209806978824,125.08011125533857,133.2014617919922,7309300,0.0,0.0
2018-02-06 00:00:00-05:00,128.73023364230227,134.9899265250689,128.64893393548186,134.28265380859375,7020000,0.0,0.0
2018-02-07 00:00:00-05:00,134.02256672034787,136.78658411179111,133.7461674621232,134.7135772705078,4974000,0.0,0.0
2018-02-08 00:00:00-05:00,134.69727651278006,134.7297889555437,129.06354375133188,129.23426818847656,5656000,0.0,0.0
2018-02-09 00:00:00-05:00,130.05539219668916,131.68128787952423,126.19388994995589,130.72201538085938,7187100,0.0,0.0
2018-02-12 00:00:00-05:00,131.99825697910777,134.85983511852024,131.29099675552888,133.2420654296875,5255900,0.0,0.0
2018-02-13 00:00:00-05:00,132.51043272762328,133.1851805914133,131.4698609967309,132.0226593017578,5406000,0.0,0.0
2018-02-14 00:00:00-05:00,131.24221717666646,131.71372811028263,129.81142195615075,130.06344604492188,5865600,0.0,0.0
2018-02-15 00:00:00-05:00,130.99835005129341,131.3072740481187,129.10418102658966,130.7056884765625,5012100,0.0,0.0
2018-02-16 00:00:00-05:00,129.64078313129647,129.9903447215786,128.25063697309392,128.2750244140625,7165800,0.0,0.0
2018-02-20 00:00:00-05:00,127.63272757741584,129.38869674284402,127.0474045222731,127.76280212402344,5211100,0.0,0.0
2018-02-21 00:00:00-05:00,128.25060557908026,131.1447093797675,128.1205433939515,128.96600341796875,7833400,0.0,0.0
2018-02-22 00:00:00-05:00,129.2179934539333,131.20971220636085,129.1773436009055,130.60813903808594,4398200,0.0,0.0
2018-02-23 00:00:00-05:00,131.24227857438777,132.7624868027774,131.24227857438777,132.5592498779297,4272400,0.0,0.0
2018-02-26 00:00:00-05:00,133.3233700039896,133.93308053754444,131.94136194218385,132.98193359375,4525200,0.0,0.0
2018-02-27 00:00:00-05:00,133.47784251662142,133.72985423896293,130.5918766159561,130.60813903808594,4907500,0.0,0.0
2018-02-28 00:00:00-05:00,131.24626162564698,131.88438374238356,129.029243214163,129.0456085205078,6116800,1.01,0.0
2018-03-01 00:00:00-05:00,129.09467337667948,131.24624273619338,126.97582214207515,127.37667846679688,5609000,0.0,0.0
2018-03-02 00:00:00-05:00,121.82185621579643,123.08171006082256,120.12840293250443,121.29827880859375,11754300,0.0,0.0
2018-03-05 00:00:00-05:00,121.30648686312524,123.92437458203302,121.01197371455604,123.55623626708984,6397800,0.0,0.0
2018-03-06 00:00:00-05:00,123.73615847665613,124.11248550903561,122.81990133078244,123.69525146484375,5015400,0.0,0.0
2018-03-07 00:00:00-05:00,122.5990678146333,124.95517292938274,122.451805003425,124.66065979003906,4492000,0.0,0.0
2018-03-08 00:00:00-05:00,124.9469989367198,126.48501356819304,124.88155017760663,126.34593963623047,4291400,0.0,0.0
2018-03-09 00:00:00-05:00,127.31122074251111,129.03739194094237,126.67311124575154,128.63653564453125,5076500,0.0,0.0
2018-03-12 00:00:00-04:00,129.0456085205078,130.44453637774686,128.8574387052202,129.0456085205078,4461500,0.0,0.0
2018-03-13 00:00:00-04:00,129.71644126020826,130.8045032370648,129.43011704508075,129.43829345703125,4333100,0.0,0.0
2018-03-14 00:00:00-04:00,130.07637986013484,130.49360149030952,128.6365451807453,129.4546356201172,3879000,0.0,0.0
2018-03-15 00:00:00-04:00,129.83915138181294,132.65337227313057,129.74097203133314,132.21160888671875,5925700,0.0,0.0
2018-03-16 00:00:00-04:00,132.43253051866512,133.5369455072463,132.1871008046225,132.82521057128906,14293800,0.0,0.0
2018-03-19 00:00:00-04:00,132.53067481159698,132.8251879216123,129.43011698602535,130.08457946777344,4307600,0.0,0.0
2018-03-20 00:00:00-04:00,130.68995755724583,131.44259932032693,130.28091230667542,130.38726806640625,3105100,0.0,0.0
2018-03-21 00:00:00-04:00,130.8944866205255,131.22990673842762,129.49554630221738,129.79824829101562,3871900,0.0,0.0
2018-03-22 00:00:00-04:00,129.13561005855632,130.17457616376277,128.31751943413235,128.4729461669922,3669400,0.0,0.0
2018-03-23 00:00:00-04:00,128.92291412613133,129.078353360895,126.73861339225853,126.7876968383789,3447400,0.0,0.0
2018-03-26 00:00:00-04:00,127.7939265321536,129.42191868938616,127.7939265321536,129.2664794921875,3477000,0.0,0.0
2018-03-27 00:00:00-04:00,129.66734152994266,130.70631993840752,128.0066188484256,128.8328857421875,3519100,0.0,0.0
2018-03-28 00:00:00-04:00,129.1274475158253,130.6981803373101,129.11109468781152,129.59376525878906,3913200,0.0,0.0
2018-03-29 00:00:00-04:00,130.07641508237288,130.7554318288848,127.93302154541016,127.93302154541016,5289500,0.0,0.0
2018-04-02 00:00:00-04:00,129.4791881155769,131.0253786754087,127.00855128769976,129.02923583984375,6960100,0.0,0.0
2018-04-03 00:00:00-04:00,129.2419327081594,131.32806596384876,128.6856371642797,131.22171020507812,4719400,0.0,0.0
2018-04-04 00:00:00-04:00,129.66736985284746,132.6533957742107,129.16015763728083,132.30979919433594,4888000,0.0,0.0
2018-04-05 00:00:00-04:00,132.85791828321408,134.6249971059811,132.3261643470732,134.12596130371094,4503900,0.0,0.0
2018-04-06 00:00:00-04:00,132.87427879817957,133.9868825557389,131.63896643919077,131.9171142578125,4321900,0.0,0.0
2018-04-09 00:00:00-04:00,132.71062504556267,133.81505207345506,131.7616371902104,131.9007110595703,3581500,0.0,0.0
2018-04-10 00:00:00-04:00,133.20971271810478,134.13415922130932,132.5716029585875,133.16062927246094,3902600,0.0,0.0
2018-04-11 00:00:00-04:00,132.93971428304522,134.21593354287106,132.75973336352402,133.6269073486328,2711100,0.0,0.0
2018-04-12 00:00:00-04:00,133.83138060769124,135.31212195854272,132.1542931035137,132.21974182128906,5178900,0.0,0.0
2018-04-13 00:00:00-04:00,132.66158466999264,133.47967533152482,131.92529558477,132.30979919433594,2452800,0.0,0.0
2018-04-16 00:00:00-04:00,131.95802541151426,132.89064826075295,131.5980635253041,132.22799682617188,3115200,0.0,0.0
2018-04-17 00:00:00-04:00,132.84975434155243,133.74147024934368,132.57978290025275,132.98065185546875,2861900,0.0,0.0
2018-04-18 00:00:00-04:00,133.01330784260395,133.60233389693394,132.31793853059506,132.3751983642578,2503100,0.0,0.0
2018-04-19 00:00:00-04:00,132.21159356454598,132.6124623651272,129.8963961729165,130.5099639892578,3276600,0.0,0.0
2018-04-20 00:00:00-04:00,130.3463886681309,131.49171061921996,129.67554832315517,129.8882598876953,3961200,0.0,0.0
2018-04-23 00:00:00-04:00,130.05185673951178,130.64088293871998,129.38101649144136,130.06822204589844,3051900,0.0,0.0
2018-04-24 00:00:00-04:00,130.6899651497887,130.7554138916507,128.24386991536437,128.70201110839844,2904400,0.0,0.0
2018-04-25 00:00:00-04:00,128.51383528761468,128.71835791522236,126.81220552795047,127.57303619384766,3710200,0.0,0.0
2018-04-26 00:00:00-04:00,127.99846770232044,130.45273963527012,127.33580379464307,129.99459838867188,3680600,0.0,0.0
2018-04-27 00:00:00-04:00,130.46909464670497,130.77179667866403,129.4301284988245,129.50375366210938,4141500,0.0,0.0
2018-04-30 00:00:00-04:00,134.73131515622856,137.39828546891863,133.96230815335483,136.98106384277344,12954700,0.0,0.0
2018-05-01 00:00:00-04:00,136.11385111951677,136.2120179486825,132.61242607119289,133.7086639404297,6560100,0.0,0.0
2018-05-02 00:00:00-04:00,132.65335377806952,133.51235119734662,131.25442618025062,131.4507598876953,4318400,0.0,0.0
2018-05-03 00:00:00-04:00,131.38534098064525,131.58167471400176,130.14183990941493,130.95993041992188,3450100,0.0,0.0
2018-05-04 00:00:00-04:00,130.85357442412285,135.3530722238356,130.8126674020568,135.0094757080078,4283600,0.0,0.0
2018-05-07 00:00:00-04:00,136.4329479088781,136.86653484894583,134.69858766553753,134.98492431640625,3379000,0.0,0.0
2018-05-08 00:00:00-04:00,134.52676638305385,135.46756520303327,133.96228209783942,134.79673767089844,2808100,0.0,0.0
2018-05-09 00:00:00-04:00,134.9849339902243,135.156738489672,133.38965999422666,134.36318969726562,2762500,0.0,0.0
2018-05-10 00:00:00-04:00,134.53496600688794,135.5084955962688,134.4204338483178,135.0421905517578,1675100,0.0,0.0
2018-05-11 00:00:00-04:00,134.98494602684252,135.7866713019237,134.86223743277404,135.3040008544922,2258500,0.0,0.0
2018-05-14 00:00:00-04:00,135.51666215359597,135.78663346839755,134.42861296782195,134.75584411621094,2537300,0.0,0.0
2018-05-15 00:00:00-04:00,134.3877220882243,134.69858797159625,132.80062461354623,133.3978271484375,3471300,0.0,0.0
2018-05-16 00:00:00-04:00,133.54510310876307,134.11776398528292,132.31796730919012,133.24240112304688,2522000,0.0,0.0
2018-05-17 00:00:00-04:00,133.04605667320885,133.53690346367915,131.49167729571158,131.96617126464844,2975500,0.0,0.0
2018-05-18 00:00:00-04:00,132.26890430515334,133.21789255557252,131.3444702612609,131.6962432861328,2318000,0.0,0.0
2018-05-21 00:00:00-04:00,132.35068478226597,132.5061239800665,131.3935203613096,132.10525512695312,2424000,0.0,0.0
2018-05-22 00:00:00-04:00,132.57978213079204,132.6043238541247,130.20732399942924,130.44456481933594,3224000,0.0,0.0
2018-05-23 00:00:00-04:00,130.6490100438798,132.24428353007153,130.20724680272923,132.21974182128906,3835100,0.0,0.0
2018-05-24 00:00:00-04:00,131.8025764806038,133.02153596310197,131.25445727900404,132.8497314453125,3378000,0.0,0.0
2018-05-25 00:00:00-04:00,132.8906659803714,134.12597854269737,132.61251811596546,133.52059936523438,2582100,0.0,0.0
2018-05-29 00:00:00-04:00,132.8824602406195,133.11971352312713,131.0663104553541,131.40171813964844,3197100,0.0,0.0
2018-05-30 00:00:00-04:00,132.04801793996975,132.6125024991311,131.56534744097524,132.38343811035156,2396500,0.0,0.0
2018-05-31 00:00:00-04:00,131.85984399880357,132.22799477503582,130.8454195894811,130.90267944335938,4881100,0.0,0.0
2018-06-01 00:00:00-04:00,131.64361779651077,131.76711841350001,130.919133605443,131.03439331054688,3203800,1.01,0.0
2018-06-04 00:00:00-04:00,131.7917990255829,132.12934974783676,131.34721696155,131.9070587158203,3174600,0.0,0.0
2018-06-05 00:00:00-04:00,131.70128215679654,132.54103879531263,130.88622313449838,131.29786682128906,2952300,0.0,0.0
2018-06-06 00:00:00-04:00,131.55307065674495,133.69362263756443,131.17436553793922,133.68539428710938,3586200,0.0,0.0
2018-06-07 00:00:00-04:00,134.81326889853023,139.95881351297794,134.76387368020988,139.53070068359375,8342500,0.0,0.0
2018-06-08 00:00:00-04:00,139.15199397139187,141.2431377502642,138.69095518942726,139.06143188476562,5056600,0.0,0.0
2018-06-11 00:00:00-04:00,139.16849511259474,139.16849511259474,136.87975716952872,137.06912231445312,3246500,0.0,0.0
2018-06-12 00:00:00-04:00,137.34075272130858,137.68653177736874,136.85500381083884,137.2666473388672,2985300,0.0,0.0
2018-06-13 00:00:00-04:00,137.48075455265754,137.99118867282044,137.1185061206577,137.14320373535156,3140500,0.0,0.0
2018-06-14 00:00:00-04:00,137.52187993820002,138.2628459102399,137.22549606185706,137.53012084960938,2390000,0.0,0.0
2018-06-15 00:00:00-04:00,136.74806483690574,137.15970860515367,135.5048926168797,137.04444885253906,7384400,0.0,0.0
2018-06-18 00:00:00-04:00,136.27874424866278,137.14319841652394,134.86268910341917,136.89620971679688,4297700,0.0,0.0
2018-06-19 00:00:00-04:00,135.52957812767482,136.26230346718827,135.21673743417264,135.81773376464844,3350400,0.0,0.0
2018-06-20 00:00:00-04:00,135.76831791560403,136.27875204517272,133.6771610422958,133.83358764648438,3649500,0.0,0.0
2018-06-21 00:00:00-04:00,134.43456061745687,134.68979020043326,131.3472336345224,132.16229248046875,4655800,0.0,0.0
2018-06-22 00:00:00-04:00,132.77152761220722,135.95764499267602,132.76328670045757,135.47190856933594,8703600,0.0,0.0
2018-06-25 00:00:00-04:00,134.1958537837329,134.1958537837329,130.8615371128288,131.56956481933594,6126800,0.0,0.0
2018-06-26 00:00:00-04:00,131.7341926050532,133.24905074138155,131.56130931189432,132.47515869140625,3375100,0.0,0.0
2018-06-27 00:00:00-04:00,130.9438298126784,132.12936537381876,129.56894171568982,129.60186767578125,4962100,0.0,0.0
2018-06-28 00:00:00-04:00,129.4619402947195,129.52780479249677,127.69187745554196,128.6962890625,4136500,0.0,0.0
2018-06-29 00:00:00-04:00,129.0584780553212,130.03819168986914,128.4904205228723,129.0008544921875,4024500,0.0,0.0
2018-07-02 00:00:00-04:00,128.4245940671418,129.14907836914062,127.98001187769238,129.14907836914062,3024000,0.0,0.0
2018-07-03 00:00:00-04:00,129.55248448383736,129.93120215306453,128.68803034337463,128.82798767089844,1437700,0.0,0.0
2018-07-05 00:00:00-04:00,129.17375483478,129.8076894873092,128.84444498436682,129.51954650878906,2248300,0.0,0.0
2018-07-06 00:00:00-04:00,129.89003985256235,132.19524678753868,129.6265818886258,131.2484588623047,3298800,0.0,0.0
2018-07-09 00:00:00-04:00,132.11293128680677,132.38461763876663,131.2073101136072,131.6765899658203,2477300,0.0,0.0
2018-07-10 00:00:00-04:00,131.58601296801112,132.53278835462396,131.28140068164078,132.2364044189453,2187500,0.0,0.0
2018-07-11 00:00:00-04:00,130.81211958135071,131.48722120237997,129.832405676981,130.58982849121094,3203800,0.0,0.0
2018-07-12 00:00:00-04:00,131.0261166715732,131.54479148429573,130.754443025479,131.0014190673828,2360800,0.0,0.0
2018-07-13 00:00:00-04:00,129.58541815738135,130.70508940655944,127.84005307221481,130.499267578125,5186500,0.0,0.0
2018-07-16 00:00:00-04:00,130.5898133896698,131.13318596390098,130.04645337780454,130.72154235839844,2818200,0.0,0.0
2018-07-17 00:00:00-04:00,130.540412593528,131.7259481367371,130.540412593528,131.52012634277344,1877500,0.0,0.0
2018-07-18 00:00:00-04:00,131.60245083706354,131.6189075345211,129.92293808142176,130.021728515625,3824000,0.0,0.0
2018-07-19 00:00:00-04:00,129.74187468556335,130.6063290768721,129.34670020127405,129.59368896484375,4869700,0.0,0.0
2018-07-20 00:00:00-04:00,129.42073761751408,130.3675253785303,128.66331494612007,130.05467224121094,2695500,0.0,0.0
2018-07-23 00:00:00-04:00,129.91474841398693,130.76273339301875,129.28904197809442,130.69686889648438,2754300,0.0,0.0
2018-07-24 00:00:00-04:00,131.10027478676915,131.3801894551084,129.68421961916596,130.02999877929688,3388400,0.0,0.0
2018-07-25 00:00:00-04:00,129.82416113968304,130.8944370167869,129.5936417276749,130.81210327148438,4193400,0.0,0.0
2018-07-26 00:00:00-04:00,130.26874791213243,130.8121205532368,127.37078561764385,128.54808044433594,7409800,0.0,0.0
2018-07-27 00:00:00-04:00,128.91030694585476,130.0876015723051,128.76210872241123,129.65126037597656,4234100,0.0,0.0
2018-07-30 00:00:00-04:00,129.57716849292322,131.74241779185562,129.33017982695486,130.6062774658203,3274800,0.0,0.0
2018-07-31 00:00:00-04:00,130.6556845635914,130.90267325201188,129.44545129646082,129.70066833496094,3530000,0.0,0.0
2018-08-01 00:00:00-04:00,128.90213400287118,129.43726586993546,128.15293933908464,129.19027709960938,4252800,0.0,0.0
2018-08-02 00:00:00-04:00,128.9679661138406,129.19848558072383,126.07000351234628,127.94709777832031,6245900,0.0,0.0
2018-08-03 00:00:00-04:00,128.18576749760555,129.23134537545715,127.02492995653607,128.60565185546875,3673100,0.0,0.0
2018-08-06 00:00:00-04:00,128.45750354042013,129.5936439205174,127.98823635887952,129.02557373046875,2375200,0.0,0.0
2018-08-07 00:00:00-04:00,129.182012507805,129.420760295977,128.30108907198428,128.4657440185547,1929300,0.0,0.0
2018-08-08 00:00:00-04:00,128.8362553298236,130.8450661204584,128.5727973204732,130.8368377685547,2988000,0.0,0.0
2018-08-09 00:00:00-04:00,130.7709861942034,131.41314945251742,130.04650172160612,131.1497039794922,2764500,0.0,0.0
2018-08-10 00:00:00-04:00,130.35932175377454,131.32256648842386,129.97237567715874,130.6392364501953,3343200,0.0,0.0
2018-08-13 00:00:00-04:00,130.4745710460951,130.8944556194998,129.46193115925982,130.1946563720703,2879600,0.0,0.0
2018-08-14 00:00:00-04:00,130.36748365361444,132.90319621210153,130.23575473665485,132.21987915039062,3111600,0.0,0.0
2018-08-15 00:00:00-04:00,131.56953061183785,132.10467485036628,130.38399498709538,131.62716674804688,3355500,0.0,0.0
2018-08-16 00:00:00-04:00,131.84945783698225,133.60306382944006,131.84945783698225,133.15025329589844,2822100,0.0,0.0
2018-08-17 00:00:00-04:00,133.29019490259924,133.29019490259924,131.92354767495272,132.6727294921875,2527400,0.0,0.0
2018-08-20 00:00:00-04:00,132.7879883154373,133.5042567291543,132.63157429822854,133.10906982421875,2659500,0.0,0.0
2018-08-21 00:00:00-04:00,132.92796026689942,133.3313629653868,132.56571187958056,132.58216857910156,1920900,0.0,0.0
2018-08-22 00:00:00-04:00,132.8868148585636,132.9691360565641,131.79184116997553,132.1787872314453,2361500,0.0,0.0
2018-08-23 00:00:00-04:00,132.18700695754566,132.37635951919677,130.38400575948222,130.94384765625,2755500,0.0,0.0
2018-08-24 00:00:00-04:00,130.6886118425342,131.6106894667658,130.32636347233878,131.21551513671875,2199400,0.0,0.0
2018-08-27 00:00:00-04:00,131.91534817585986,132.15410857776612,131.06736308433742,132.1211700439453,2627100,0.0,0.0
2018-08-28 00:00:00-04:00,132.178746176238,133.10082370659862,131.85766471031857,133.0761260986328,2138000,0.0,0.0
2018-08-29 00:00:00-04:00,133.30667831342933,134.4757447737423,133.1173257516011,134.28639221191406,3168200,0.0,0.0
2018-08-30 00:00:00-04:00,134.2205415461769,134.43459174410268,133.67716885640152,134.03118896484375,3038400,0.0,0.0
2018-08-31 00:00:00-04:00,133.81574904387767,134.95898180852393,133.81574904387767,134.39564514160156,3649700,1.01,0.0
2018-09-04 00:00:00-04:00,134.0477304225541,134.18856145318838,132.6062759673625,133.97317504882812,3296300,0.0,0.0
2018-09-05 00:00:00-04:00,133.8737870569843,135.36494530822046,133.53412900697995,135.23240661621094,2749200,0.0,0.0
2018-09-06 00:00:00-04:00,135.0666671955622,136.11049280084274,134.78500518557308,135.64657592773438,3133800,0.0,0.0
2018-09-07 00:00:00-04:00,135.5140238325251,136.02764427601534,135.14951410845336,135.77911376953125,2868300,0.0,0.0
2018-09-10 00:00:00-04:00,136.25960127580117,137.53538529661293,136.0607869853376,136.74838256835938,3080100,0.0,0.0
2018-09-11 00:00:00-04:00,136.5910094011083,137.46084739391026,136.02767262628385,136.3756103515625,2946400,0.0,0.0
2018-09-12 00:00:00-04:00,136.1270684395664,137.03833013825619,135.64657948245923,136.47500610351562,2613300,0.0,0.0
2018-09-13 00:00:00-04:00,137.06323422755986,137.07152658703845,133.95663321315104,134.53652954101562,3663600,0.0,0.0
2018-09-14 00:00:00-04:00,135.03354523988196,135.12467267788392,132.75537193062013,133.244140625,3939800,0.0,0.0
2018-09-17 00:00:00-04:00,132.17553140189997,132.39921023305445,129.6985301020294,131.0074462890625,5360000,0.0,0.0
2018-09-18 00:00:00-04:00,131.03223227904482,131.78610351005372,130.54346362452605,130.70086669921875,3722800,0.0,0.0
2018-09-19 00:00:00-04:00,131.47962380942022,132.12579570618445,130.65947672162417,131.8689727783203,2822000,0.0,0.0
2018-09-20 00:00:00-04:00,132.72225189227882,133.41812731125452,132.02636383251442,133.20272827148438,3218700,0.0,0.0
2018-09-21 00:00:00-04:00,134.79331223378526,136.93893432617188,134.62761678322613,136.93893432617188,8805500,0.0,0.0
2018-09-24 00:00:00-04:00,135.77914351987314,135.92826691275243,133.4761180940295,135.29037475585938,4375300,0.0,0.0
2018-09-25 00:00:00-04:00,136.35073223883467,138.49635411759272,135.9199595044775,137.8584747314453,5282900,0.0,0.0
2018-09-26 00:00:00-04:00,137.8501692792228,138.76972323144346,137.14601431450424,137.31997680664062,3092600,0.0,0.0
2018-09-27 00:00:00-04:00,137.20406000099524,138.57097197911807,136.9389699645296,137.9579315185547,2390700,0.0,0.0
2018-09-28 00:00:00-04:00,138.13186933458468,139.0348513830461,137.94132209659566,138.58749389648438,3390200,0.0,0.0
2018-10-01 00:00:00-04:00,139.48217515577315,139.96266407503416,138.06557282418743,138.0738525390625,3118200,0.0,0.0
2018-10-02 00:00:00-04:00,137.8087937284517,138.3803975627515,136.8395233154297,136.8395233154297,3071200,0.0,0.0
2018-10-03 00:00:00-04:00,137.60165820605062,138.84429805990135,136.16847113991003,136.40872192382812,3830300,0.0,0.0
2018-10-04 00:00:00-04:00,136.59927808313114,137.5768281625254,136.27619217570174,137.3531494140625,3230400,0.0,0.0
2018-10-05 00:00:00-04:00,137.7176759883064,138.75320948985254,137.34487381511795,137.99105834960938,2822500,0.0,0.0
2018-10-08 00:00:00-04:00,137.725941054891,139.31651882717165,137.6182415371341,138.9851531982422,2560500,0.0,0.0
2018-10-09 00:00:00-04:00,139.3082554285156,141.2964747165582,139.0183009886473,140.6917266845703,4157900,0.0,0.0
2018-10-10 00:00:00-04:00,142.48112169127918,142.48940140811885,139.35794929541285,139.48220825195312,4190500,0.0,0.0
2018-10-11 00:00:00-04:00,137.8584873211783,138.9023003908426,134.05601188084256,135.00869750976562,5430700,0.0,0.0
2018-10-12 00:00:00-04:00,135.80400544199188,136.65729671438402,134.08916846109554,135.712890625,3446100,0.0,0.0
2018-10-15 00:00:00-04:00,136.43362198591177,137.07979392729555,135.56377125226723,135.588623046875,4265900,0.0,0.0
2018-10-16 00:00:00-04:00,135.39808521291621,136.24308413201322,134.95072763895112,135.9199981689453,4094700,0.0,0.0
2018-10-17 00:00:00-04:00,136.2513090052047,138.9519748750257,135.95307495620477,138.1566925048828,3608400,0.0,0.0
2018-10-18 00:00:00-04:00,138.04903408071354,139.16741525735785,137.32830684822093,138.1898651123047,3378600,0.0,0.0
2018-10-19 00:00:00-04:00,137.8418995246602,139.29992576941734,137.7673441655003,138.753173828125,3510000,0.0,0.0
2018-10-22 00:00:00-04:00,139.15915554134767,140.67517837695812,137.67627686258552,138.04078674316406,5703500,0.0,0.0
2018-10-23 00:00:00-04:00,141.82666154986927,147.35226662993972,141.24676533471748,146.75579833984375,12918300,0.0,0.0
2018-10-24 00:00:00-04:00,145.9108118540076,147.45996587744273,144.50247622456902,146.92149353027344,7866400,0.0,0.0
2018-10-25 00:00:00-04:00,147.09546672546077,147.68365533996015,144.64333037394718,145.23150634765625,4646400,0.0,0.0
2018-10-26 00:00:00-04:00,144.64332845127785,144.91669817915994,142.98647480414198,143.59950256347656,4741600,0.0,0.0
2018-10-29 00:00:00-04:00,144.97466528304335,145.9356432409943,142.6716401829529,143.5083465576172,3485200,0.0,0.0
2018-10-30 00:00:00-04:00,143.74030148338994,147.94871032351128,143.68231819190922,147.86587524414062,5582900,0.0,0.0
2018-10-31 00:00:00-04:00,148.13103523358905,148.25530687258333,146.10967125756443,146.54873657226562,5424700,0.0,0.0
2018-11-01 00:00:00-04:00,146.35813756965126,146.92147427575756,144.72613602632,144.87525939941406,3701200,0.0,0.0
2018-11-02 00:00:00-04:00,146.1759079057286,146.62326546138763,144.14626475203326,146.4244384765625,4190900,0.0,0.0
2018-11-05 00:00:00-05:00,146.97121755524427,150.0281148011752,146.63155949663167,149.43992614746094,4747300,0.0,0.0
2018-11-06 00:00:00-05:00,149.14165680921474,151.48610587169588,148.6943119561026,151.36184692382812,4864700,0.0,0.0
2018-11-07 00:00:00-05:00,151.6021008019208,152.82816889740053,150.67426685299446,152.63763427734375,4363900,0.0,0.0
2018-11-08 00:00:00-05:00,152.67074070539644,154.1204873328198,152.4967781889466,153.6565704345703,3318600,0.0,0.0
2018-11-09 00:00:00-05:00,154.08736226961233,154.56785126025082,153.31693152584248,154.03765869140625,3237000,0.0,0.0
2018-11-12 00:00:00-05:00,154.04596115084155,155.263749559836,152.24827650918064,152.73704528808594,3080800,0.0,0.0
2018-11-13 00:00:00-05:00,152.3808289525609,153.19268368426856,151.86720837710362,152.43881225585938,2358100,0.0,0.0
2018-11-14 00:00:00-05:00,152.61278828939243,153.333515570645,151.90034072557393,152.3062744140625,3407500,0.0,0.0
2018-11-15 00:00:00-05:00,151.57722557166255,152.4139319397417,150.3760094540717,152.0659942626953,3351100,0.0,0.0
2018-11-16 00:00:00-05:00,152.01630914783902,155.5536949219263,151.9500334907164,155.40457153320312,3759500,0.0,0.0
2018-11-19 00:00:00-05:00,155.52885202506548,156.48981750632709,153.91340965199342,154.68385314941406,3745900,0.0,0.0
2018-11-20 00:00:00-05:00,153.8140018008182,154.60929708746545,151.62695556352546,152.19029235839844,3708300,0.0,0.0
2018-11-21 00:00:00-05:00,151.7761119920017,153.73120016301698,151.3536061436972,151.37017822265625,3410600,0.0,0.0
2018-11-23 00:00:00-05:00,151.20447971497654,151.60212108331453,150.0032632509446,150.7156982421875,1747700,0.0,0.0
2018-11-26 00:00:00-05:00,151.10505591785144,152.50509934962326,150.83168617485333,152.33941650390625,3843300,0.0,0.0
2018-11-27 00:00:00-05:00,151.87548102699364,152.96071807149525,151.7595017850039,152.9524383544922,2194200,0.0,0.0
2018-11-28 00:00:00-05:00,154.0625334251215,155.78566269068986,153.02699992231285,155.61997985839844,3279500,0.0,0.0
2018-11-29 00:00:00-05:00,157.9975795157036,158.130130853608,156.24959824956247,156.78807067871094,4617100,0.0,0.0
2018-11-30 00:00:00-05:00,156.98809173412084,157.72993790881642,155.6711039608563,157.12979125976562,6635700,1.16,0.0
2018-12-03 00:00:00-05:00,156.78807387807564,157.05479869448726,153.9290397473067,154.51251220703125,4401700,0.0,0.0
2018-12-04 00:00:00-05:00,154.86259379843057,156.77139769477927,154.12074752607666,154.23744201660156,4436200,0.0,0.0
2018-12-06 00:00:00-05:00,152.32030345354693,154.82924108566226,151.78684116663143,154.5791778564453,4878000,0.0,0.0
2018-12-07 00:00:00-05:00,154.479168105833,156.03787574739678,152.26196015881257,152.50369262695312,3088000,0.0,0.0
2018-12-10 00:00:00-05:00,152.50367382413353,154.27909594345422,150.49485004344749,153.91233825683594,3084900,0.0,0.0
2018-12-11 00:00:00-05:00,155.51278502817152,155.72949976399622,152.4286922996241,153.02883911132812,2889100,0.0,0.0
2018-12-12 00:00:00-05:00,153.31220703154946,154.0707275306543,151.99523188817932,152.93711853027344,3024600,0.0,0.0
2018-12-13 00:00:00-05:00,153.3705563880334,155.67111015510594,153.212182582851,155.3960418701172,2737500,0.0,0.0
2018-12-14 00:00:00-05:00,154.4207984253582,154.4207984253582,151.87018156155247,152.7787322998047,4450000,0.0,0.0
2018-12-17 00:00:00-05:00,152.37034612098392,153.05383886026254,150.20314796291183,150.69493103027344,4566700,0.0,0.0
2018-12-18 00:00:00-05:00,151.9035525837325,152.21195672686957,149.2529024084404,149.79470825195312,4269000,0.0,0.0
2018-12-19 00:00:00-05:00,150.82825040755296,152.5203265024666,148.8527752871965,149.3362274169922,3883800,0.0,0.0
2018-12-20 00:00:00-05:00,148.54440692332707,149.0445207263215,143.81824817724493,144.7684783935547,5775300,0.0,0.0
2018-12-21 00:00:00-05:00,144.64342929158232,148.07759183757824,144.64342929158232,145.16021728515625,8536900,0.0,0.0
2018-12-24 00:00:00-05:00,145.2352549840092,146.09379567861603,141.8427588127273,141.9344482421875,2400900,0.0,0.0
2018-12-26 00:00:00-05:00,141.77609353038437,145.0685572192319,140.90087844379292,145.0602264404297,4065500,0.0,0.0
2018-12-27 00:00:00-05:00,144.44335844860808,146.4605255126953,142.3095096442345,146.4605255126953,3934500,0.0,0.0
2018-12-28 00:00:00-05:00,146.9523005403586,147.95254052409717,145.74367669672694,146.33547973632812,2896800,0.0,0.0
2018-12-31 00:00:00-05:00,146.6689173233351,148.20261964465953,146.36884402405488,148.0109100341797,2482600,0.0,0.0
2019-01-02 00:00:00-05:00,146.2104805149738,146.9523266793989,145.17689180730827,146.7522735595703,2571500,0.0,0.0
2019-01-03 00:00:00-05:00,146.24384760568915,147.07738337171614,145.37697600526948,145.785400390625,3728200,0.0,0.0
2019-01-04 00:00:00-05:00,146.72729724561052,149.36960405029353,146.44389814274143,148.60275268554688,3194300,0.0,0.0
2019-01-07 00:00:00-05:00,148.48600184941142,151.60342895437097,148.48600184941142,150.21975708007812,3283000,0.0,0.0
2019-01-08 00:00:00-05:00,151.67018454990148,151.945240180083,149.96143356223584,150.5365753173828,2941400,0.0,0.0
2019-01-09 00:00:00-05:00,150.5031953944758,150.7865944638536,149.3612556204423,150.27813720703125,2680700,0.0,0.0
2019-01-10 00:00:00-05:00,149.9030329867352,151.60345266216763,149.46960365034474,151.32838439941406,2498500,0.0,0.0
2019-01-11 00:00:00-05:00,150.52819421402194,152.03689164772214,150.4198432324194,152.0118865966797,2348900,0.0,0.0
2019-01-14 00:00:00-05:00,151.2199882248835,151.49505642855422,150.61151095425828,151.05328369140625,1886200,0.0,0.0
2019-01-15 00:00:00-05:00,151.26171569669538,152.71207230906776,150.6532382323429,150.88662719726562,3860200,0.0,0.0
2019-01-16 00:00:00-05:00,150.81996297556356,151.31174602318012,149.31959605857998,149.49464416503906,3375600,0.0,0.0
2019-01-17 00:00:00-05:00,149.41124751194792,150.9616241455078,149.22786867323435,150.9616241455078,3061000,0.0,0.0
2019-01-18 00:00:00-05:00,152.57036946388618,152.75374833602538,150.81995211902833,152.17861938476562,3498000,0.0,0.0
2019-01-22 00:00:00-05:00,151.9119091012055,154.6042263432313,151.9119091012055,153.84571838378906,3190300,0.0,0.0
2019-01-23 00:00:00-05:00,154.0207259056826,155.1793400220179,153.46225851192702,155.11265563964844,2530700,0.0,0.0
2019-01-24 00:00:00-05:00,155.75449727571393,156.60470733756404,154.98764587985283,156.17959594726562,3214200,0.0,0.0
2019-01-25 00:00:00-05:00,157.34652830652624,157.88832139185473,153.31220609185021,153.3705596923828,4405600,0.0,0.0
2019-01-28 00:00:00-05:00,152.58702355006668,153.13716009369455,151.561778332392,153.03713989257812,4138700,0.0,0.0
2019-01-29 00:00:00-05:00,152.77042473681033,153.13718248619142,150.84495927130516,151.84519958496094,3666700,0.0,0.0
2019-01-30 00:00:00-05:00,152.4703407022658,156.5296552778659,148.92781416349916,151.51177978515625,9489900,0.0,0.0
2019-01-31 00:00:00-05:00,150.24478375672106,151.57844573193404,147.42742951142384,149.0194854736328,10440100,0.0,0.0
2019-02-01 00:00:00-05:00,149.66132124175758,150.44484674975095,147.1023608153854,147.3024139404297,6529200,0.0,0.0
2019-02-04 00:00:00-05:00,147.77750480538302,148.18594178357077,146.4188505743566,147.99423217773438,4533800,0.0,0.0
2019-02-05 00:00:00-05:00,148.12760449952518,149.55294313204922,147.71916751144454,148.0109100341797,4495900,0.0,0.0
2019-02-06 00:00:00-05:00,147.9942627124358,147.9942627124358,146.69394908501232,146.85231018066406,3965200,0.0,0.0
2019-02-07 00:00:00-05:00,146.70228907953668,146.91900379147384,145.29361165508044,146.10214233398438,4176300,0.0,0.0
2019-02-08 00:00:00-05:00,145.67702888848078,146.2605012988376,145.36861204970708,145.6603546142578,4051600,0.0,0.0
2019-02-11 00:00:00-05:00,146.06881207361116,146.61893601240044,145.17692269984147,145.25193786621094,3216400,0.0,0.0
2019-02-12 00:00:00-05:00,145.69374678878566,146.10218399336458,144.86855431741637,145.01025390625,4692800,0.0,0.0
2019-02-13 00:00:00-05:00,145.03519203469278,145.5853285742194,144.8268081380912,145.16021728515625,5283000,0.0,0.0
2019-02-14 00:00:00-05:00,144.97684148132564,147.0690239871107,144.5434121247933,146.59390258789062,4428800,0.0,0.0
2019-02-15 00:00:00-05:00,147.76918558569588,150.01972909242454,147.54412741939996,150.0113983154297,4648600,0.0,0.0
2019-02-19 00:00:00-05:00,150.96161617573372,151.6201036299918,149.33622448089451,149.41123962402344,4765400,0.0,0.0
2019-02-20 00:00:00-05:00,149.59461446307148,150.80323837219026,149.4862507800583,150.44482421875,3707400,0.0,0.0
2019-02-21 00:00:00-05:00,150.41154743573392,152.82046562712645,150.36986809786416,152.37869262695312,4391000,0.0,0.0
2019-02-22 00:00:00-05:00,152.52036762793782,152.87879461337317,151.70350615603886,152.67874145507812,3073500,0.0,0.0
2019-02-25 00:00:00-05:00,153.3122050172819,153.96237452136157,152.0452399948951,152.21194458007812,3090800,0.0,0.0
2019-02-26 00:00:00-05:00,152.90379155982973,153.21219570027702,152.0952609095396,152.7120819091797,2219100,0.0,0.0
2019-02-27 00:00:00-05:00,152.59537742591374,153.42056957874345,152.40365506907412,152.83709716796875,2261700,0.0,0.0
2019-02-28 00:00:00-05:00,152.7783553598146,154.3302059671316,152.67768557792112,154.2127685546875,3297900,1.16,0.0
2019-03-01 00:00:00-05:00,154.84194052257905,155.73111156206167,154.40575162001258,155.22781372070312,2691000,0.0,0.0
2019-03-04 00:00:00-05:00,154.80837878529857,154.95936428445953,150.73998772830421,151.48655700683594,4899800,0.0,0.0
2019-03-05 00:00:00-05:00,151.49498302220152,152.45964691996284,151.28527236619055,152.12411499023438,3362500,0.0,0.0
2019-03-06 00:00:00-05:00,152.66933953241028,153.8940552506465,152.58545016003148,152.6945037841797,2083900,0.0,0.0
2019-03-07 00:00:00-05:00,152.76996601961883,152.99645704001705,150.94967964019577,151.42782592773438,3268100,0.0,0.0
2019-03-08 00:00:00-05:00,150.78194574127622,150.99165637513056,149.54046237278044,150.57223510742188,2757200,0.0,0.0
2019-03-11 00:00:00-04:00,150.99161651397344,151.9311158097062,150.82385061112373,151.89756774902344,2071500,0.0,0.0
2019-03-12 00:00:00-04:00,152.39246979034186,152.75317861314747,151.54524372702528,152.5266876220703,2191800,0.0,0.0
2019-03-13 00:00:00-04:00,153.10552341699508,153.65914969123438,152.4176664827334,152.7196502685547,2612100,0.0,0.0
2019-03-14 00:00:00-04:00,152.66092256422962,153.32360238312282,151.55364452794018,153.29005432128906,2375300,0.0,0.0
2019-03-15 00:00:00-04:00,153.73466355614087,155.571730619315,152.7616032158729,155.46267700195312,6010500,0.0,0.0
2019-03-18 00:00:00-04:00,156.00788729636645,156.24276211627804,153.85206924223826,154.30503845214844,3669200,0.0,0.0
2019-03-19 00:00:00-04:00,154.39736175062382,154.657400899982,153.11393363947266,153.6004638671875,4102800,0.0,0.0
2019-03-20 00:00:00-04:00,153.82693387281387,155.48783835388443,152.9377629162783,155.1606903076172,3522400,0.0,0.0
2019-03-21 00:00:00-04:00,154.716138119973,156.55320554419043,154.70774150177476,156.33509826660156,2830200,0.0,0.0
2019-03-22 00:00:00-04:00,155.99113897577388,158.2476142892661,155.97435854378367,156.7041473388672,3319600,0.0,0.0
2019-03-25 00:00:00-04:00,156.23445683410858,156.41061943745115,154.3554445305923,155.7898712158203,2651600,0.0,0.0
2019-03-26 00:00:00-04:00,156.5699335674184,158.44056139169598,156.31829107959595,157.26617431640625,2609600,0.0,0.0
2019-03-27 00:00:00-04:00,157.40038966903592,158.25601251316118,156.88869528574875,157.2913360595703,1684800,0.0,0.0
2019-03-28 00:00:00-04:00,157.6772380374704,158.91872145030294,157.64367716701122,158.86839294433594,1977100,0.0,0.0
2019-03-29 00:00:00-04:00,159.58978835440183,159.81627941719722,158.46574245711068,159.2961883544922,2952000,0.0,0.0
2019-04-01 00:00:00-04:00,159.79948380599348,160.09308377801838,157.4842832941837,158.02952575683594,3195100,0.0,0.0
2019-04-02 00:00:00-04:00,158.46576728974622,158.49931536370005,156.61191941065323,157.9960174560547,1797700,0.0,0.0
2019-04-03 00:00:00-04:00,158.44060303435012,158.74258689882652,157.38365310882116,157.9960174560547,2512300,0.0,0.0
2019-04-04 00:00:00-04:00,158.58316720169555,159.99241636911344,158.4573331547847,159.27101135253906,2324900,0.0,0.0
2019-04-05 00:00:00-04:00,159.673678412992,160.4202477419848,159.43880353194172,159.9756622314453,2438400,0.0,0.0
2019-04-08 00:00:00-04:00,159.97567760770806,160.6383576287111,159.04456181129166,159.2542724609375,2290100,0.0,0.0
2019-04-09 00:00:00-04:00,158.87678496010005,159.61497055163102,158.0715032236321,159.44720458984375,2279500,0.0,0.0
2019-04-10 00:00:00-04:00,159.84979948456868,160.47054744434644,158.33988066329755,158.7257537841797,2406800,0.0,0.0
2019-04-11 00:00:00-04:00,158.7760988787565,158.94386480983397,157.744326242896,158.44056701660156,1740400,0.0,0.0
2019-04-12 00:00:00-04:00,159.03614737781103,161.29263576317769,159.01937974351776,160.72222900390625,3238800,0.0,0.0
2019-04-15 00:00:00-04:00,160.86483686187245,161.35136706917035,160.09310326400308,160.93194580078125,1973500,0.0,0.0
2019-04-16 00:00:00-04:00,161.47715249022727,161.95529877393332,160.5460369690741,160.8060760498047,1559200,0.0,0.0
2019-04-17 00:00:00-04:00,161.05770826065014,161.3513081612203,160.52923355951057,160.73056030273438,1875000,0.0,0.0
2019-04-18 00:00:00-04:00,160.8648146077642,163.57427204280822,160.77254142949485,163.498779296875,2918400,0.0,0.0
2019-04-22 00:00:00-04:00,162.73542863136484,163.34778001085007,162.2153504295872,162.66831970214844,1738400,0.0,0.0
2019-04-23 00:00:00-04:00,162.99550625158022,164.3712076263251,162.83612410699084,163.7924041748047,2192900,0.0,0.0
2019-04-24 00:00:00-04:00,164.0524127458411,166.30888802853693,163.85946977988507,165.78042602539062,3070100,0.0,0.0
2019-04-25 00:00:00-04:00,164.82413649432073,166.1075642544352,164.09433495249917,166.0320587158203,2040800,0.0,0.0
2019-04-26 00:00:00-04:00,166.4850963960478,166.59415003293938,164.86612347794537,165.60430908203125,2302100,0.0,0.0
2019-04-29 00:00:00-04:00,166.0740203567104,166.39278457534743,163.90980535591513,165.3526153564453,3456100,0.0,0.0
2019-04-30 00:00:00-04:00,166.8038351669351,167.76849891581276,163.99370769020697,165.73011779785156,6162300,0.0,0.0
2019-05-01 00:00:00-04:00,164.30408149224652,165.4113597705711,162.69350537809174,162.8780517578125,4059600,0.0,0.0
2019-05-02 00:00:00-04:00,162.89481905108076,163.7001006433333,162.1650302081544,163.24713134765625,2418000,0.0,0.0
2019-05-03 00:00:00-04:00,163.85947302135702,166.06563265184974,163.3645590722236,165.6881561279297,2915200,0.0,0.0
2019-05-06 00:00:00-04:00,164.85772665534375,167.08065431085936,164.3628126187907,166.8457794189453,2371300,0.0,0.0
2019-05-07 00:00:00-04:00,166.05726299620386,167.4497317854136,165.02547752985896,166.12435913085938,3072500,0.0,0.0
2019-05-08 00:00:00-04:00,165.8475591069869,167.00515307272119,165.04226466151346,166.11598205566406,2040900,0.0,0.0
2019-05-09 00:00:00-04:00,165.35262442638071,166.3508490186822,164.75705343751338,165.86431884765625,1923600,0.0,0.0
2019-05-10 00:00:00-04:00,165.30228635528158,168.07046891994833,165.26873829013127,167.76010131835938,2668800,0.0,0.0
2019-05-13 00:00:00-04:00,166.09084234986733,167.69303486063035,165.48687462643545,166.95484924316406,2809400,0.0,0.0
2019-05-14 00:00:00-04:00,166.7870543756418,167.4413504960334,165.7888297612769,166.0991973876953,2787700,0.0,0.0
2019-05-15 00:00:00-04:00,165.80557157390507,167.54196847364776,165.67135373439052,166.98834228515625,1899000,0.0,0.0
2019-05-16 00:00:00-04:00,167.23162649427474,168.2969599588017,166.83736953023057,167.76010131835938,2520500,0.0,0.0
2019-05-17 00:00:00-04:00,166.8121825157476,168.07882979774996,166.76185402503089,167.11416625976562,2239600,0.0,0.0
2019-05-20 00:00:00-04:00,167.1141795526481,168.3388822565647,166.32566566945087,166.92124938964844,2217400,0.0,0.0
2019-05-21 00:00:00-04:00,168.5150645035563,168.73315893943237,166.98837785298306,167.63427734375,2264600,0.0,0.0
2019-05-22 00:00:00-04:00,167.36583162921747,167.91107404456176,166.51020883616332,167.73492431640625,1760300,0.0,0.0
2019-05-23 00:00:00-04:00,166.77027736572433,167.29035562601544,166.17470635146597,166.9044952392578,3560400,0.0,0.0
2019-05-24 00:00:00-04:00,167.65946521040695,167.6846294642557,165.5288106529714,165.8979034423828,2105800,0.0,0.0
2019-05-28 00:00:00-04:00,166.32568029178358,167.24841210850101,164.73188475351168,164.9751434326172,3675100,0.0,0.0
2019-05-29 00:00:00-04:00,164.2872994420882,165.0003078468815,163.4484569895878,164.42990112304688,2925100,0.0,0.0
2019-05-30 00:00:00-04:00,164.42148097808325,167.28193640371288,164.22855082553798,167.13095092773438,2685000,0.0,0.0
2019-05-31 00:00:00-04:00,166.56564535009488,168.7762789016518,166.43064148634315,167.29127502441406,3669100,1.16,0.0
2019-06-03 00:00:00-04:00,167.36725832220142,167.9916417168029,166.4897587031353,167.7216339111328,3211800,0.0,0.0
2019-06-04 00:00:00-04:00,167.90722728326145,169.0041112424596,167.7300330870991,168.4387969970703,3829900,0.0,0.0
2019-06-05 00:00:00-04:00,168.81846642222303,169.223465132093,168.11814837462222,168.86065673828125,4294600,0.0,0.0
2019-06-06 00:00:00-04:00,168.85219378219884,171.6028424635304,168.7762589458208,171.32440185546875,4657600,0.0,0.0
2019-06-07 00:00:00-04:00,171.70415496062515,174.14260657259717,171.70415496062515,173.37478637695312,4345000,0.0,0.0
2019-06-10 00:00:00-04:00,173.8978804867032,173.8978804867032,168.53159910251546,169.8478546142578,4647500,0.0,0.0
2019-06-11 00:00:00-04:00,170.69163511902258,171.8306966178162,169.92381499689432,171.5016326904297,2991400,0.0,0.0
2019-06-12 00:00:00-04:00,172.53947940803218,173.38323448052057,171.8729056909452,172.9107208251953,2874000,0.0,0.0
2019-06-13 00:00:00-04:00,173.1385180500977,173.30726646992312,171.839141055295,172.53945922851562,2277800,0.0,0.0
2019-06-14 00:00:00-04:00,172.12602397002797,173.65321849530346,171.9403968357722,173.21446228027344,2715800,0.0,0.0
2019-06-17 00:00:00-04:00,173.6025849426648,173.6025849426648,171.35819363428502,171.9656982421875,2694400,0.0,0.0
2019-06-18 00:00:00-04:00,172.96978004616508,173.3072769061393,172.05852307461882,172.55633544921875,2470900,0.0,0.0
2019-06-19 00:00:00-04:00,172.6490829897731,172.9697138964039,170.9531406737694,172.59002685546875,2328400,0.0,0.0
2019-06-20 00:00:00-04:00,172.96978317819637,173.29884712876768,172.21040879216415,173.07102966308594,2162200,0.0,0.0
2019-06-21 00:00:00-04:00,173.45917612707254,173.76292848002825,172.10916280845126,172.3454132080078,4267400,0.0,0.0
2019-06-24 00:00:00-04:00,172.7588509694741,173.1807285054191,171.81384940885513,172.05853271484375,2486800,0.0,0.0
2019-06-25 00:00:00-04:00,172.801012320874,174.14257957028732,172.73351038148058,173.56883239746094,3020900,0.0,0.0
2019-06-26 00:00:00-04:00,173.3831583352344,173.53502800173845,172.13439210660655,172.59002685546875,2576000,0.0,0.0
2019-06-27 00:00:00-04:00,172.69129271723273,174.10880747069783,172.29472693276,174.0413055419922,2253500,0.0,0.0
2019-06-28 00:00:00-04:00,174.5728494898494,175.4925519355854,174.08348307335297,175.214111328125,3658200,0.0,0.0
2019-07-01 00:00:00-04:00,176.2266610229118,176.7075946540843,173.97383683026837,174.066650390625,2689500,0.0,0.0
2019-07-02 00:00:00-04:00,174.4463092740572,176.83413696289062,174.08350088080488,176.83413696289062,3120000,0.0,0.0
2019-07-03 00:00:00-04:00,177.0366748852244,179.6101172570634,176.93541553352784,179.5594940185547,2306000,0.0,0.0
2019-07-05 00:00:00-04:00,179.12916510768935,179.7282238677155,177.39946501418504,178.2347869873047,1876200,0.0,0.0
2019-07-08 00:00:00-04:00,178.23477918728622,179.32321727916272,178.22633339899093,179.0110321044922,1818000,0.0,0.0
2019-07-09 00:00:00-04:00,178.86758231916488,179.4582080964113,178.42882622406339,178.9519500732422,1618800,0.0,0.0
2019-07-10 00:00:00-04:00,179.0869866492043,180.10793579507842,178.83385759137215,179.7198028564453,1842300,0.0,0.0
2019-07-11 00:00:00-04:00,180.96013481430612,181.23857550762793,178.54699501352982,179.458251953125,1922800,0.0,0.0
2019-07-12 00:00:00-04:00,179.45823569558004,180.0572944779615,178.26010525613881,179.71136474609375,1960100,0.0,0.0
2019-07-15 00:00:00-04:00,180.25135854128774,181.15416956508517,179.45822689674864,180.74073791503906,2408500,0.0,0.0
2019-07-16 00:00:00-04:00,180.16698553198185,181.32292564282466,179.00259963221546,180.32730102539062,2380400,0.0,0.0
2019-07-17 00:00:00-04:00,180.5466827432686,181.32293576153884,180.02355878794447,180.31887817382812,1698400,0.0,0.0
2019-07-18 00:00:00-04:00,180.63105209677533,182.20886965350337,179.99823591631073,182.1751251220703,2259800,0.0,0.0
2019-07-19 00:00:00-04:00,181.89669935515008,182.47044655924935,180.39481652714994,180.45387268066406,2860500,0.0,0.0
2019-07-22 00:00:00-04:00,180.3863689391224,181.68575879962856,179.3148093995595,181.40731811523438,2580000,0.0,0.0
2019-07-23 00:00:00-04:00,182.03166455562413,182.46197486724833,179.4160195348242,180.82508850097656,2503600,0.0,0.0
2019-07-24 00:00:00-04:00,180.4285272171824,181.36509558028436,179.10383884756357,179.53414916992188,2971600,0.0,0.0
2019-07-25 00:00:00-04:00,179.17977238171957,181.06978779538207,179.1375820661865,180.93478393554688,3789000,0.0,0.0
2019-07-26 00:00:00-04:00,183.89636230419933,184.7485629208126,180.9769778072884,181.89666748046875,5029300,0.0,0.0
2019-07-29 00:00:00-04:00,182.25107557856242,183.44920610453406,180.81669468829662,181.39044189453125,4278600,0.0,0.0
2019-07-30 00:00:00-04:00,180.80820682553295,181.58447255578545,178.5216385728991,179.1628875732422,2808500,0.0,0.0
2019-07-31 00:00:00-04:00,178.94358903165414,179.47515888201534,176.65700697067518,177.79608154296875,4048800,0.0,0.0
2019-08-01 00:00:00-04:00,178.184140820259,179.82947305697485,177.28132983685398,178.2432098388672,3231800,0.0,0.0
2019-08-02 00:00:00-04:00,178.2854021374476,181.4832273497402,177.93945955949556,180.96853637695312,3517800,0.0,0.0
2019-08-05 00:00:00-04:00,180.25980232651915,181.07824563676053,176.70758841431584,177.56822204589844,3685600,0.0,0.0
2019-08-06 00:00:00-04:00,177.61039852823393,181.02760829575539,177.08727463346324,180.63104248046875,2970300,0.0,0.0
2019-08-07 00:00:00-04:00,179.9391741772496,183.56732300039022,178.31916623464048,182.95138549804688,3767200,0.0,0.0
2019-08-08 00:00:00-04:00,183.35638035410938,185.40671151291602,182.39450025636805,183.94700622558594,3724300,0.0,0.0
2019-08-09 00:00:00-04:00,184.0060839861691,187.2545328708566,184.0060839861691,186.59640502929688,3784000,0.0,0.0
2019-08-12 00:00:00-04:00,185.9973275953446,186.1745089101233,182.56323905780982,183.2298126220703,2338200,0.0,0.0
2019-08-13 00:00:00-04:00,185.62610236992825,185.81172950227256,183.97233688395525,185.39828491210938,2913300,0.0,0.0
2019-08-14 00:00:00-04:00,184.7401426387222,185.40671625511362,182.5716991248358,182.65606689453125,3233700,0.0,0.0
2019-08-15 00:00:00-04:00,182.2510546474641,184.34356315146965,181.97261399123582,184.1663818359375,2774100,0.0,0.0
2019-08-16 00:00:00-04:00,184.9342181530575,185.4742337227741,183.34796747839428,184.3351593017578,2475900,0.0,0.0
2019-08-19 00:00:00-04:00,185.61764403436374,185.80327114128642,183.18762581623278,184.59669494628906,2721100,0.0,0.0
2019-08-20 00:00:00-04:00,184.664223242879,185.55860149953247,184.23391281977587,184.3351593017578,2333800,0.0,0.0
2019-08-21 00:00:00-04:00,185.5417063744719,186.29264775696845,184.5545146384716,186.22515869140625,2053200,0.0,0.0
2019-08-22 00:00:00-04:00,186.0817332850671,186.377052702793,183.83735463413538,185.19580078125,2550600,0.0,0.0
2019-08-23 00:00:00-04:00,184.92576774792386,185.1788968036182,180.47074271654654,181.1204376220703,3662300,0.0,0.0
2019-08-26 00:00:00-04:00,182.31855702283906,183.24667967116116,180.74073950841705,183.0188751220703,2553100,0.0,0.0
2019-08-27 00:00:00-04:00,183.58418733761283,183.85418220291305,182.29324340820312,182.29324340820312,2070000,0.0,0.0
2019-08-28 00:00:00-04:00,182.77414968382232,184.11572952003885,181.74476785964393,183.9976043701172,2146100,0.0,0.0
2019-08-29 00:00:00-04:00,185.48265201137022,186.48672246077896,184.25076412078732,186.0817108154297,2729800,0.0,0.0
2019-08-30 00:00:00-04:00,186.4379644702102,186.60760515907657,184.01206508543203,184.88572692871094,2733700,1.16,0.0
2019-09-03 00:00:00-04:00,184.8518111202466,185.47949597431722,183.4522591065123,184.17324829101562,3183100,0.0,0.0
2019-09-04 00:00:00-04:00,184.48708017030626,185.97993648148758,183.6388637097531,185.33529663085938,2252200,0.0,0.0
2019-09-05 00:00:00-04:00,186.78575044973869,186.8875322822205,185.25046780085438,186.17503356933594,2752100,0.0,0.0
2019-09-06 00:00:00-04:00,186.44644799402096,187.3201098655056,186.1410895671012,186.633056640625,1976500,0.0,0.0
2019-09-09 00:00:00-04:00,187.03171887671542,187.03171887671542,184.19867916643145,184.2834930419922,2569600,0.0,0.0
2019-09-10 00:00:00-04:00,182.73127943364796,182.73127943364796,176.66653646810522,177.85403442382812,6407600,0.0,0.0
2019-09-11 00:00:00-04:00,177.86248878309937,179.44017171429994,176.88703221340697,178.29507446289062,3393300,0.0,0.0
2019-09-12 00:00:00-04:00,179.73704258841153,181.54374758776427,179.22812053500195,179.9490966796875,3439100,0.0,0.0
2019-09-13 00:00:00-04:00,180.24598334063995,180.4834828950331,177.23481255981002,177.9642791748047,3791800,0.0,0.0
2019-09-16 00:00:00-04:00,177.53172416993885,178.00672336085393,175.860736552983,175.92010498046875,3437700,0.0,0.0
2019-09-17 00:00:00-04:00,176.4289940978991,178.83792533412873,175.99640843522354,177.99819946289062,3667900,0.0,0.0
2019-09-18 00:00:00-04:00,178.67676671113637,178.87186578797446,176.6749756325136,178.4901580810547,2534800,0.0,0.0
2019-09-19 00:00:00-04:00,178.4477480393072,179.67765907682153,178.0151494460876,178.56649780273438,2552000,0.0,0.0
2019-09-20 00:00:00-04:00,178.41383522140637,179.63526891339316,177.59106427451957,177.6080322265625,5979300,0.0,0.0
2019-09-23 00:00:00-04:00,177.32811341382995,180.2205343609154,177.32811341382995,179.4316864013672,2812100,0.0,0.0
2019-09-24 00:00:00-04:00,180.24597689965336,181.11116121274296,179.44017394441758,179.83883666992188,3049800,0.0,0.0
2019-09-25 00:00:00-04:00,179.83883445615396,180.7973101322075,178.97365015371454,180.3562469482422,2414500,0.0,0.0
2019-09-26 00:00:00-04:00,181.70491696351434,182.93482814629996,180.22901577851854,180.330810546875,3053100,0.0,0.0
2019-09-27 00:00:00-04:00,180.72097457897465,181.20446411398996,180.06784436146,180.80580139160156,2333200,0.0,0.0
2019-09-30 00:00:00-04:00,180.80574586302595,182.67181868292437,180.5088650527635,182.1204833984375,2488000,0.0,0.0
2019-10-01 00:00:00-04:00,179.08389568762414,179.56737220553944,176.8191599204889,177.29415893554688,4811900,0.0,0.0
2019-10-02 00:00:00-04:00,176.36960757893186,176.83612912860073,174.38478455970818,174.96157836914062,4171400,0.0,0.0
2019-10-03 00:00:00-04:00,175.42811167143873,178.15087890625,175.01248100066107,178.15087890625,3499900,0.0,0.0
2019-10-04 00:00:00-04:00,178.82946283116968,179.57589739510934,178.15936463597245,179.55892944335938,2220300,0.0,0.0
2019-10-07 00:00:00-04:00,179.0584975623603,180.55983135831744,179.0584975623603,179.7540283203125,3057000,0.0,0.0
2019-10-08 00:00:00-04:00,178.95668329836258,180.78883373494995,178.0999894375553,179.06695556640625,2555900,0.0,0.0
2019-10-09 00:00:00-04:00,179.56739033376004,181.068736827228,179.4995314757936,180.52587890625,1745900,0.0,0.0
2019-10-10 00:00:00-04:00,179.6182403564453,180.78030523832288,179.3977088253175,179.6182403564453,1853100,0.0,0.0
2019-10-11 00:00:00-04:00,180.69550133767842,180.89907789102577,176.9972780797594,177.29415893554688,3945700,0.0,0.0
2019-10-14 00:00:00-04:00,176.42901639027352,178.14241719265058,176.2508852462209,176.7513427734375,3088000,0.0,0.0
2019-10-15 00:00:00-04:00,177.7522181941447,177.88793591790147,175.1736461565385,175.76739501953125,3766800,0.0,0.0
2019-10-16 00:00:00-04:00,175.5807878150037,177.2178391893557,175.41962463457432,176.6834716796875,2891400,0.0,0.0
2019-10-17 00:00:00-04:00,176.8531347681881,177.69287373655163,175.44509231557078,175.45358276367188,3340500,0.0,0.0
2019-10-18 00:00:00-04:00,175.4111233403866,177.3196099056266,175.35174199027998,176.85308837890625,3518800,0.0,0.0
2019-10-21 00:00:00-04:00,177.87095924957157,178.77006647557602,176.80221134856222,177.99819946289062,3684200,0.0,0.0
2019-10-22 00:00:00-04:00,173.96072228309322,174.09644003201078,168.92231410365213,169.02410888671875,10265400,0.0,0.0
2019-10-23 00:00:00-04:00,169.73656454277037,170.61022629754453,167.96379557960753,168.97317504882812,7943700,0.0,0.0
2019-10-24 00:00:00-04:00,169.2530765906314,169.26156703708315,166.07226543211473,166.26736450195312,4955600,0.0,0.0
2019-10-25 00:00:00-04:00,166.33524298283163,166.80175165357974,164.89326473332022,165.07139587402344,4773700,0.0,0.0
2019-10-28 00:00:00-04:00,165.38524968640883,165.6736531331487,162.4334598878752,162.67095947265625,7711400,0.0,0.0
2019-10-29 00:00:00-04:00,162.8575632960126,163.87542047806141,162.5522048471223,163.38345336914062,4454600,0.0,0.0
2019-10-30 00:00:00-04:00,163.95177108109118,167.09866017307246,162.58614191932685,167.00535583496094,6332600,0.0,0.0
2019-10-31 00:00:00-04:00,167.43792618720317,167.94686124687192,165.9365923524171,166.84417724609375,4961000,0.0,0.0
2019-11-01 00:00:00-04:00,167.76022997858334,167.9213931571835,164.29950569040815,164.50308227539062,4192400,0.0,0.0
2019-11-04 00:00:00-05:00,161.29678404696062,161.79722846255044,159.08293940716797,160.0244598388672,17662100,0.0,0.0
2019-11-05 00:00:00-05:00,160.86420679192585,163.70573640929192,160.69456613031136,163.01019287109375,10496000,0.0,0.0
2019-11-06 00:00:00-05:00,163.96024335964734,165.63123081161754,163.748189245872,164.7066650390625,6473500,0.0,0.0
2019-11-07 00:00:00-05:00,166.0129113364543,166.2504108880168,163.1289808144784,163.77362060546875,4820200,0.0,0.0
2019-11-08 00:00:00-05:00,165.06294460417917,165.215617369543,163.89240163202734,164.22320556640625,3499400,0.0,0.0
2019-11-11 00:00:00-05:00,164.24014477458394,164.76603479802344,163.28165610614934,163.40040588378906,2746700,0.0,0.0
2019-11-12 00:00:00-05:00,163.705783497929,164.43525020117409,163.510697328095,163.9432830810547,2930600,0.0,0.0
2019-11-13 00:00:00-05:00,164.35891898229525,165.4785580603549,164.1383744033579,165.4022216796875,3405000,0.0,0.0
2019-11-14 00:00:00-05:00,165.59730352459778,165.8263256033671,163.8415021013838,164.5540008544922,3173900,0.0,0.0
2019-11-15 00:00:00-05:00,165.03745363983035,165.22404932068628,163.96869280592875,164.5285186767578,2991300,0.0,0.0
2019-11-18 00:00:00-05:00,164.7236297792457,166.01292238982413,164.43523929639764,164.79148864746094,3420300,0.0,0.0
2019-11-19 00:00:00-05:00,164.72363460376852,164.89327530789734,163.7142549414813,164.07899475097656,2910500,0.0,0.0
2019-11-20 00:00:00-05:00,164.2062471735572,165.37679021387166,164.163833755345,164.66429138183594,3131300,0.0,0.0
2019-11-21 00:00:00-05:00,164.79150110049255,165.1138275131838,163.07810014115654,163.15444946289062,3509500,0.0,0.0
2019-11-22 00:00:00-05:00,163.86690681116974,164.06199293351213,162.98475462337618,163.82449340820312,2417700,0.0,0.0
2019-11-25 00:00:00-05:00,164.50308257298045,164.8254089307638,162.51825940114,162.7642364501953,3999600,0.0,0.0
2019-11-26 00:00:00-05:00,162.85752886888883,164.57940691473857,162.81511546552852,164.56243896484375,3877200,0.0,0.0
2019-11-27 00:00:00-05:00,164.77449899894788,166.81870345297264,164.48610855407202,166.50486755371094,4133000,0.0,0.0
2019-11-29 00:00:00-05:00,167.751177575058,167.7767860972377,165.83900511524976,166.0182647705078,2815500,1.25,0.0
2019-12-02 00:00:00-05:00,166.78658560206551,166.9658452853637,165.4207367522413,166.6158447265625,3197500,0.0,0.0
2019-12-03 00:00:00-05:00,165.8646161197243,166.49631037720846,164.19999702464034,164.8572998046875,3745300,0.0,0.0
2019-12-04 00:00:00-05:00,165.2584926678695,166.0097106193391,164.66093885451693,165.8731231689453,2217200,0.0,0.0
2019-12-05 00:00:00-05:00,166.03539526673495,166.03539526673495,164.87442745746645,165.787841796875,2819600,0.0,0.0
2019-12-06 00:00:00-05:00,166.07806186532284,167.09391021270721,165.70245275949662,166.760986328125,3095100,0.0,0.0
2019-12-09 00:00:00-05:00,167.0256298589283,167.61465209251213,165.85611722641337,166.1890411376953,2227500,0.0,0.0
2019-12-10 00:00:00-05:00,166.13778783839362,166.79510368292307,165.84754921508932,166.41949462890625,2470100,0.0,0.0
2019-12-11 00:00:00-05:00,167.03414211966606,167.10243586599034,165.83048926388858,166.22317504882812,2490300,0.0,0.0
2019-12-12 00:00:00-05:00,166.67560553243231,168.31461632592845,166.38536688712256,167.58047485351562,3024700,0.0,0.0
2019-12-13 00:00:00-05:00,167.3499808893843,168.4511995831879,166.75242692119997,168.2719268798828,2077900,0.0,0.0
2019-12-16 00:00:00-05:00,168.67314887937417,169.15973692554158,167.72559433877962,168.92071533203125,3650100,0.0,0.0
2019-12-17 00:00:00-05:00,168.68165036734857,169.6377364955625,167.6999426939821,167.75970458984375,3338200,0.0,0.0
2019-12-18 00:00:00-05:00,167.82799775177833,167.99018069922116,166.21459590300236,166.9999542236328,4287700,0.0,0.0
2019-12-19 00:00:00-05:00,166.854867398683,168.32313722240653,166.67559470252252,168.220703125,3345700,0.0,0.0
2019-12-20 00:00:00-05:00,169.4926696129894,169.8768105492924,167.87072240036474,168.2890167236328,6415500,0.0,0.0
2019-12-23 00:00:00-05:00,168.6304478148173,168.6304478148173,167.34143769767698,167.48655700683594,2388900,0.0,0.0
2019-12-24 00:00:00-05:00,167.25606430802392,168.28898917054156,167.03411943189136,167.8877716064453,1152500,0.0,0.0
2019-12-26 00:00:00-05:00,167.83656223402645,168.30607355663813,167.4524213430529,168.220703125,1809600,0.0,0.0
2019-12-27 00:00:00-05:00,168.45119392923877,169.42435693781815,168.32313828097622,169.1682586669922,2263900,0.0,0.0
2019-12-30 00:00:00-05:00,168.66458144541176,168.85238594720084,167.2645925393366,168.09263610839844,2242400,0.0,0.0
2019-12-31 00:00:00-05:00,167.9987446526898,168.98043940864375,167.79386344874638,168.69020080566406,2278700,0.0,0.0
2020-01-02 00:00:00-05:00,169.02316191392748,171.4133910511838,168.8609658865646,171.40484619140625,3554200,0.0,0.0
2020-01-03 00:00:00-05:00,170.20972966655032,171.19996944960985,169.74876316102961,170.7987518310547,2767600,0.0,0.0
2020-01-06 00:00:00-05:00,170.38896998293689,173.09504566599205,170.175556950907,172.7194366455078,4660400,0.0,0.0
2020-01-07 00:00:00-05:00,172.3267713890989,173.0182276108345,171.1658038360307,172.97555541992188,4047400,0.0,0.0
2020-01-08 00:00:00-05:00,172.96700491650247,176.44137562928032,172.60847255492152,175.77552795410156,5284200,0.0,0.0
2020-01-09 00:00:00-05:00,176.5864977242059,178.72916009470467,175.93772673002715,177.8584442138672,5971600,0.0,0.0
2020-01-10 00:00:00-05:00,177.93524907337746,178.37060696311562,176.9364776611328,176.9364776611328,2336400,0.0,0.0
2020-01-13 00:00:00-05:00,177.03042135731593,177.37187707323704,175.64749574872403,176.28773498535156,2784200,0.0,0.0
2020-01-14 00:00:00-05:00,175.3913933389811,177.26088078569697,175.3913933389811,176.97918701171875,2622700,0.0,0.0
2020-01-15 00:00:00-05:00,176.97920264510242,179.56576809479864,176.97920264510242,179.07064819335938,3369400,0.0,0.0
2020-01-16 00:00:00-05:00,179.36086166163705,180.21451384925595,178.60111173568416,179.99256896972656,2726700,0.0,0.0
2020-01-17 00:00:00-05:00,180.4791407055119,181.6315763484022,180.41939182681378,180.95718383789062,3540400,0.0,0.0
2020-01-21 00:00:00-05:00,180.43644654255039,181.19619641719163,179.45475180336936,180.25718688964844,4100500,0.0,0.0
2020-01-22 00:00:00-05:00,181.96454473465718,182.391370925332,180.47065306729533,180.4962615966797,2757400,0.0,0.0
2020-01-23 00:00:00-05:00,179.72795479660203,182.25477141022543,178.08894389548175,182.1864776611328,3378200,0.0,0.0
2020-01-24 00:00:00-05:00,182.83524255642877,182.83524255642877,180.03526406681632,180.3255157470703,3106300,0.0,0.0
2020-01-27 00:00:00-05:00,177.42310421759964,179.7877249132094,176.96213767232223,178.70358276367188,3389300,0.0,0.0
2020-01-28 00:00:00-05:00,179.17305793748983,181.15353727393483,179.14744941380295,179.59988403320312,3855200,0.0,0.0
2020-01-29 00:00:00-05:00,180.70964626202013,184.74741774336837,179.94989628317407,183.05718994140625,5734800,0.0,0.0
2020-01-30 00:00:00-05:00,182.68155559752935,185.02056712013209,181.6827841697294,184.54251098632812,3560700,0.0,0.0
2020-01-31 00:00:00-05:00,183.9791543209092,185.32792656914765,181.94745760162962,182.65599060058594,3920800,0.0,0.0
2020-02-03 00:00:00-05:00,183.5267055606722,185.1401078241783,182.87792150134285,183.6888885498047,3539200,0.0,0.0
2020-02-04 00:00:00-05:00,184.48277715359472,184.9778969918481,182.89498354322996,183.21083068847656,3367900,0.0,0.0
2020-02-05 00:00:00-05:00,184.0815632255063,184.20107401464583,181.83645373056498,182.99742126464844,2911400,0.0,0.0
2020-02-06 00:00:00-05:00,183.29619593708873,183.38156636481176,181.52059785117672,181.71693420410156,2903300,0.0,0.0
2020-02-07 00:00:00-05:00,181.45227849156765,181.6913000246022,180.19740893028796,180.6413116455078,2421600,0.0,0.0
2020-02-10 00:00:00-05:00,180.4108635817547,182.06695103263758,180.33403800534046,182.0072021484375,2318800,0.0,0.0
2020-02-11 00:00:00-05:00,182.68161697475068,184.2694109891107,182.38283341895036,184.15843200683594,2694500,0.0,0.0
2020-02-12 00:00:00-05:00,184.388870220235,185.64373996240082,183.6291203037814,185.6352081298828,2844900,0.0,0.0
2020-02-13 00:00:00-05:00,184.99498840392886,186.42911795930831,184.55108557815433,185.60107421875,2853400,0.0,0.0
2020-02-14 00:00:00-05:00,185.66933643349608,185.95957502865,184.71325022560202,185.3193359375,1720400,0.0,0.0
2020-02-18 00:00:00-05:00,184.3205703912682,185.2766566296254,184.10715735408505,184.51690673828125,2712600,0.0,0.0
2020-02-19 00:00:00-05:00,185.08036259548936,185.1742648743457,184.05598238795707,184.07305908203125,2229500,0.0,0.0
2020-02-20 00:00:00-05:00,184.51693203479354,184.94375816767595,181.64012806738992,183.60353088378906,2869400,0.0,0.0
2020-02-21 00:00:00-05:00,183.74013147567646,184.70474974730539,182.93769620452085,184.27792358398438,2791200,0.0,0.0
2020-02-24 00:00:00-05:00,179.76206548577443,183.6888574331271,179.36084794621806,182.2718048095703,4218800,0.0,0.0
2020-02-25 00:00:00-05:00,183.17671596676183,185.09743368233774,180.2486817425418,181.05966186523438,5053700,0.0,0.0
2020-02-26 00:00:00-05:00,181.73402471472792,183.1596223913627,179.05355720418902,179.3523406982422,4190800,0.0,0.0
2020-02-27 00:00:00-05:00,177.30360558984654,179.26700876719917,171.5243750409645,171.58413696289062,6406200,0.0,0.0
2020-02-28 00:00:00-05:00,168.36290063948292,170.45884905072054,162.18672887091088,166.7909393310547,11324000,1.25,0.0
2020-03-02 00:00:00-05:00,166.48165925009297,173.98927307128906,165.94048872459118,173.98927307128906,6154200,0.0,0.0
2020-03-03 00:00:00-05:00,173.51684543284492,176.66935288343754,169.35931624246223,171.37794494628906,5115200,0.0,0.0
2020-03-04 00:00:00-05:00,173.4566742542027,177.94922288444997,172.57191136992142,177.82896423339844,4260400,0.0,0.0
2020-03-05 00:00:00-05:00,174.0666072882235,175.15753373717075,168.6463552633042,170.3557586669922,4107200,0.0,0.0
2020-03-06 00:00:00-05:00,165.69996909049132,171.4380569251468,164.24827996253174,170.819580078125,6360100,0.0,0.0
2020-03-09 00:00:00-04:00,161.20742559899915,167.0485882607709,158.14082339357535,160.5116424560547,7788500,0.0,0.0
2020-03-10 00:00:00-04:00,164.02494706372008,171.79884753617435,161.3964267935705,171.6785888671875,5835200,0.0,0.0
2020-03-11 00:00:00-04:00,165.73432721043744,168.13951336208157,159.62687850767153,161.7056427001953,5625100,0.0,0.0
2020-03-12 00:00:00-04:00,150.13500378386613,154.48151229692039,145.49644039135072,146.14068603515625,9079300,0.0,0.0
2020-03-13 00:00:00-04:00,153.12429524129521,154.16368394884418,144.48281603251095,152.1536407470703,8042600,0.0,0.0
2020-03-16 00:00:00-04:00,134.94800723847789,139.08835287096898,126.81333032167515,127.99873352050781,9341300,0.0,0.0
2020-03-17 00:00:00-04:00,127.14834650779493,128.402470910379,115.96423647547388,126.80474090576172,13708200,0.0,0.0
2020-03-18 00:00:00-04:00,118.1117071139407,121.72807860438436,106.71285651824007,117.93991088867188,12627600,0.0,0.0
2020-03-19 00:00:00-04:00,116.13599856741676,133.0066420028117,110.13163825551229,128.41961669921875,12773400,0.0,0.0
2020-03-20 00:00:00-04:00,131.93289430491458,138.76189444883914,126.93355569998,127.55203247070312,12000000,0.0,0.0
2020-03-23 00:00:00-04:00,122.79325229848678,131.6065436215463,117.25274079447648,117.76814270019531,10660400,0.0,0.0
2020-03-24 00:00:00-04:00,127.99016126076513,139.99889889561433,125.4990828281056,139.1141357421875,11678400,0.0,0.0
2020-03-25 00:00:00-04:00,141.73404280119468,147.1972464298201,136.7690573807358,139.99887084960938,9708700,0.0,0.0
2020-03-26 00:00:00-04:00,140.8664644918342,146.82787326850917,138.29806709855072,143.752685546875,8259900,0.0,0.0
2020-03-27 00:00:00-04:00,139.8270772602457,145.8056827634392,136.7690599521937,140.88363647460938,6441400,0.0,0.0
2020-03-30 00:00:00-04:00,141.6653068592287,146.29528458165984,140.50567267660264,144.4226837158203,5621700,0.0,0.0
2020-03-31 00:00:00-04:00,143.31456068362323,145.6080731686842,141.7340148156515,142.03466796875,4519900,0.0,0.0
2020-04-01 00:00:00-04:00,137.62806739618898,138.67604148773248,134.30376365911985,135.86712646484375,4668900,0.0,0.0
2020-04-02 00:00:00-04:00,133.14412167197779,139.11412966743993,133.14412167197779,138.7275848388672,4803200,0.0,0.0
2020-04-03 00:00:00-04:00,137.7053506266015,139.35461782817083,134.13193180292933,137.7225341796875,5050400,0.0,0.0
2020-04-06 00:00:00-04:00,145.3418569599418,152.78933719895903,144.51722963569065,152.0763702392578,8330900,0.0,0.0
2020-04-07 00:00:00-04:00,158.5101898466211,159.0771291327669,150.46141883533588,150.83078002929688,7848300,0.0,0.0
2020-04-08 00:00:00-04:00,150.33256045149344,154.12072777298587,149.5508857417844,152.46287536621094,5665700,0.0,0.0
2020-04-09 00:00:00-04:00,155.24604225021443,159.3090948855639,154.29255801557642,157.79725646972656,4901300,0.0,0.0
2020-04-13 00:00:00-04:00,156.92110011478854,157.06714070589865,151.96471156663162,154.72207641601562,3182500,0.0,0.0
2020-04-14 00:00:00-04:00,157.84019286332548,158.4758533246095,156.19951070606288,158.04635620117188,3863800,0.0,0.0
2020-04-15 00:00:00-04:00,153.5366679086212,155.4522218021781,152.27394505804486,152.76356506347656,4961500,0.0,0.0
2020-04-16 00:00:00-04:00,152.04198275170288,154.54165917318213,147.97894360581518,154.18946838378906,7120800,0.0,0.0
2020-04-17 00:00:00-04:00,156.61182865981235,160.4687042248714,154.8165208223453,159.85882568359375,6467600,0.0,0.0
2020-04-20 00:00:00-04:00,158.44148718662697,159.58395111484472,155.95040909829248,156.0363006591797,3856500,0.0,0.0
2020-04-21 00:00:00-04:00,152.35982758265646,154.0949998842909,151.26891416730078,152.54022216796875,4758300,0.0,0.0
2020-04-22 00:00:00-04:00,155.26322317951505,161.25899985689796,155.26322317951505,160.1852569580078,4243600,0.0,0.0
2020-04-23 00:00:00-04:00,159.91037259301385,160.9153942918143,155.75284357219527,156.37130737304688,5050100,0.0,0.0
2020-04-24 00:00:00-04:00,157.41928426596277,158.35559797617907,155.35770327310098,158.07212829589844,3319600,0.0,0.0
2020-04-27 00:00:00-04:00,159.0427910309791,161.80875375388422,158.71638210654086,159.67845153808594,4048200,0.0,0.0
2020-04-28 00:00:00-04:00,163.20891205888367,163.20891205888367,159.40357371655168,159.71279907226562,3805000,0.0,0.0
2020-04-29 00:00:00-04:00,161.94621291145137,163.56112657504787,160.52887739671738,161.33633422851562,3465200,0.0,0.0
2020-04-30 00:00:00-04:00,156.3369844545186,161.75723714806765,155.27182665502244,161.1129913330078,7127200,0.0,0.0
2020-05-01 00:00:00-04:00,158.05493397854747,159.3777792892384,156.4657894538134,156.9038848876953,3764800,0.0,0.0
2020-05-04 00:00:00-04:00,155.74424607669107,156.73209733299848,153.6482980000314,156.22528076171875,4027100,0.0,0.0
2020-05-05 00:00:00-04:00,157.65120484776497,157.93467450729625,153.8544520477113,153.96612548828125,3828400,0.0,0.0
2020-05-06 00:00:00-04:00,155.13435797862837,155.5810255260574,151.9217149475645,152.01620483398438,3916900,0.0,0.0
2020-05-07 00:00:00-04:00,154.18944264811438,155.9589684164489,153.15865233820406,155.5810089111328,3039600,0.0,0.0
2020-05-08 00:00:00-04:00,157.36772612084482,157.56529110590623,154.5416411262155,155.67550659179688,3411600,0.0,0.0
2020-05-11 00:00:00-04:00,154.07777314396205,157.09285093357636,153.3476359966501,155.37486267089844,2631300,0.0,0.0
2020-05-12 00:00:00-04:00,156.31118080349765,156.8437530308421,151.56094376862836,151.64683532714844,3610600,0.0,0.0
2020-05-13 00:00:00-04:00,151.33762456840816,151.6726449617285,146.89662516757917,148.451416015625,4729100,0.0,0.0
2020-05-14 00:00:00-04:00,146.20082716925253,150.89094181220287,144.18219842953715,150.6761932373047,4868400,0.0,0.0
2020-05-15 00:00:00-04:00,148.648942227328,150.07487568074868,147.47211131349977,149.30177307128906,6879600,0.0,0.0
2020-05-18 00:00:00-04:00,154.6705417421021,155.6068425660738,152.9955051516905,154.4729766845703,4653000,0.0,0.0
2020-05-19 00:00:00-04:00,154.7220549272301,155.87311729390242,152.96112703192617,154.24961853027344,3365000,0.0,0.0
2020-05-20 00:00:00-04:00,156.33696063166246,158.57035102642843,155.10860508959004,158.14085388183594,4920800,0.0,0.0
2020-05-21 00:00:00-04:00,158.20951773045567,159.32621261614165,156.43140686390788,158.9826202392578,2913600,0.0,0.0
2020-05-22 00:00:00-04:00,158.4672577923585,159.2145917132435,157.35056263025533,158.40713500976562,2475200,0.0,0.0
2020-05-26 00:00:00-04:00,162.85671182282456,163.77584193419418,158.26110058761168,158.7764892578125,3990900,0.0,0.0
2020-05-27 00:00:00-04:00,162.12658984844674,162.1351750729003,159.1458785614434,161.2504119873047,3993400,0.0,0.0
2020-05-28 00:00:00-04:00,162.7106737714681,163.62120549262812,160.3913921387148,162.1179656982422,3567600,0.0,0.0
2020-05-29 00:00:00-04:00,162.07472677537777,163.17292665536564,160.58741809625448,161.11489868164062,5717200,1.25,0.0
2020-06-01 00:00:00-04:00,161.45217737120984,162.42930381674122,160.49233585773771,162.05747985839844,2168200,0.0,0.0
2020-06-02 00:00:00-04:00,162.91349590786996,163.0518544895938,160.91599171465896,162.21307373046875,3125500,0.0,0.0
2020-06-03 00:00:00-04:00,162.97406276552684,167.59167242596266,162.64546437203413,167.1420135498047,3881500,0.0,0.0
2020-06-04 00:00:00-04:00,166.30324321331082,167.98079181966875,165.69792761490848,167.09878540039062,3469100,0.0,0.0
2020-06-05 00:00:00-04:00,171.21488841720483,173.0740347055091,169.71892364219048,170.488525390625,4728300,0.0,0.0
2020-06-08 00:00:00-04:00,169.20869932518062,175.30498863056212,169.1741162702871,175.23580932617188,4443900,0.0,0.0
2020-06-09 00:00:00-04:00,173.26421054395564,174.30188670686007,172.0881889946511,172.52920532226562,3728600,0.0,0.0
2020-06-10 00:00:00-04:00,172.19200913049102,172.56383306931804,169.20006671570326,169.31248474121094,3459900,0.0,0.0
2020-06-11 00:00:00-04:00,165.0753262047337,166.8134248340881,161.1235558795711,162.1439208984375,5796000,0.0,0.0
2020-06-12 00:00:00-04:00,165.74114920376564,165.74114920376564,160.36258103860357,163.579345703125,4108600,0.0,0.0
2020-06-15 00:00:00-04:00,159.62757669857805,164.40082935579144,159.2297990465095,163.85606384277344,4499000,0.0,0.0
2020-06-16 00:00:00-04:00,166.02657876988764,167.3236614165274,162.14397329755414,164.5738525390625,5434800,0.0,0.0
2020-06-17 00:00:00-04:00,165.95731817054627,166.78745646347636,164.66023615913085,164.9801788330078,3154100,0.0,0.0
2020-06-18 00:00:00-04:00,164.30570947342298,164.9369655994144,162.4725043164324,163.85606384277344,3153300,0.0,0.0
2020-06-19 00:00:00-04:00,166.27728374315123,166.33782057876232,161.29649288344703,161.3224334716797,6267700,0.0,0.0
2020-06-22 00:00:00-04:00,160.83823901566245,162.3688001459464,159.87839738407504,162.10073852539062,3223200,0.0,0.0
2020-06-23 00:00:00-04:00,163.9079540732565,164.06359760140467,161.1149074742452,161.3743133544922,2951900,0.0,0.0
2020-06-24 00:00:00-04:00,159.93884137674416,160.58738228655352,156.8085416130706,159.35946655273438,4146600,0.0,0.0
2020-06-25 00:00:00-04:00,158.68504015842393,159.17793775442314,155.93523207949096,158.0364990234375,3145200,0.0,0.0
2020-06-26 00:00:00-04:00,157.69924194314393,158.0797214810104,154.68137261657924,155.42503356933594,5107400,0.0,0.0
2020-06-29 00:00:00-04:00,156.1427805464909,158.0970465486158,154.93216242926155,158.07110595703125,2622200,0.0,0.0
2020-06-30 00:00:00-04:00,158.17483121681556,160.1463948823517,157.28416926241113,159.51515197753906,3163100,0.0,0.0
2020-07-01 00:00:00-04:00,159.93025258675573,161.21869248299464,158.86664874446421,159.6794891357422,2193800,0.0,0.0
2020-07-02 00:00:00-04:00,161.70292222599056,161.70292222599056,158.1229757055629,158.69369506835938,2690200,0.0,0.0
2020-07-06 00:00:00-04:00,160.83819628647214,163.19023978235867,159.2298137958233,163.0,3171500,0.0,0.0
2020-07-07 00:00:00-04:00,162.02291008561141,162.43798602575492,160.1897041977681,160.68260192871094,2399600,0.0,0.0
2020-07-08 00:00:00-04:00,160.405868750937,161.90183353590362,159.75732750261784,160.70852661132812,2776400,0.0,0.0
2020-07-09 00:00:00-04:00,161.0284424066627,161.3483851465844,157.91543965881849,159.3941192626953,2333500,0.0,0.0
2020-07-10 00:00:00-04:00,158.91850633150787,160.3539470989445,158.25266712342668,159.8697052001953,2714100,0.0,0.0
2020-07-13 00:00:00-04:00,160.49231435133342,163.38912343562882,159.72271275047848,159.904296875,3221600,0.0,0.0
2020-07-14 00:00:00-04:00,160.05129169739124,165.0234400871938,159.73999144433256,164.919677734375,4138600,0.0,0.0
2020-07-15 00:00:00-04:00,167.66946901284712,167.75594642802156,164.19329859213178,165.82762145996094,3735400,0.0,0.0
2020-07-16 00:00:00-04:00,165.26553195449335,166.68367437004284,164.42675123122203,165.09259033203125,2111100,0.0,0.0
2020-07-17 00:00:00-04:00,165.4558132936784,165.94005523615226,164.40950763824807,165.57687377929688,1972600,0.0,0.0
2020-07-20 00:00:00-04:00,165.07529681010783,166.69233467140657,164.61699556024573,165.6892547607422,2157100,0.0,0.0
2020-07-21 00:00:00-04:00,166.3118682532554,168.53419538749577,166.02650860823283,166.87393188476562,3505400,0.0,0.0
2020-07-22 00:00:00-04:00,167.07284337196273,172.64163863354702,166.93448476811398,171.7509765625,3484400,0.0,0.0
2020-07-23 00:00:00-04:00,171.61262907605436,172.31305135698207,169.49405091474625,170.8257293701172,2702200,0.0,0.0
2020-07-24 00:00:00-04:00,170.25500627847123,172.00174730725126,169.25192622672805,171.8374481201172,2199900,0.0,0.0
2020-07-27 00:00:00-04:00,172.11418222814729,175.12342290972123,171.82883571012303,174.0252227783203,4541700,0.0,0.0
2020-07-28 00:00:00-04:00,171.73372148567844,172.84920658593398,169.05307914719046,169.69297790527344,6051000,0.0,0.0
2020-07-29 00:00:00-04:00,169.74484447859516,171.6126462106271,169.23466192606722,169.66702270507812,3342900,0.0,0.0
2020-07-30 00:00:00-04:00,168.6206959962956,169.83130084355594,166.8220736556494,168.97523498535156,2705700,0.0,0.0
2020-07-31 00:00:00-04:00,167.88568988221303,168.34399126514498,165.7152434612598,167.99810791015625,3194700,0.0,0.0
2020-08-03 00:00:00-04:00,168.04134402716696,169.13954411389423,167.4014453162778,168.10186767578125,3143500,0.0,0.0
2020-08-04 00:00:00-04:00,168.57745929313316,172.68488655231374,168.0499786331174,172.39088439941406,3699900,0.0,0.0
2020-08-05 00:00:00-04:00,172.94426559819917,173.37662626219466,171.13700118940204,172.3043670654297,2259600,0.0,0.0
2020-08-06 00:00:00-04:00,171.889352683098,176.05731698521893,171.5348136725815,175.69412231445312,3158900,0.0,0.0
2020-08-07 00:00:00-04:00,175.84979848978878,177.4063001271934,175.78926163977044,176.92205810546875,2980000,0.0,0.0
2020-08-10 00:00:00-04:00,176.70579235986753,177.40621445982265,175.14063581705278,176.50689697265625,2783600,0.0,0.0
2020-08-11 00:00:00-04:00,177.2678985595703,179.36052290067735,176.6193574672792,177.2678985595703,2478400,0.0,0.0
2020-08-12 00:00:00-04:00,178.87628045701092,179.3432242364279,177.59649639990303,178.14991760253906,2167100,0.0,0.0
2020-08-13 00:00:00-04:00,178.09804935979034,179.21353431054905,177.57056870689433,178.5563507080078,1795000,0.0,0.0
2020-08-14 00:00:00-04:00,178.0893841409819,179.28270399207855,177.44084303836027,179.02328491210938,2060200,0.0,0.0
2020-08-17 00:00:00-04:00,178.94550250721312,181.1591878466124,178.8676807244855,180.44146728515625,2619000,0.0,0.0
2020-08-18 00:00:00-04:00,180.95160926005315,181.96333179211626,179.1962257393023,181.86822509765625,2921500,0.0,0.0
2020-08-19 00:00:00-04:00,181.78171305664122,182.60319565414508,180.41545181692118,181.16775512695312,2711100,0.0,0.0
2020-08-20 00:00:00-04:00,179.9658138227065,182.44757321685506,179.94852889479293,181.48773193359375,2084900,0.0,0.0
2020-08-21 00:00:00-04:00,181.55694024959467,183.4852655883027,180.95162461622664,182.9491424560547,3484800,0.0,0.0
2020-08-24 00:00:00-04:00,183.54580113821896,184.6180606668569,182.39571983267945,183.8571014404297,2463900,0.0,0.0
2020-08-25 00:00:00-04:00,185.01579169319953,185.21467391549072,183.51117174663733,183.88299560546875,2302400,0.0,0.0
2020-08-26 00:00:00-04:00,183.3987816537407,185.4135843528064,182.97507655893068,184.84286499023438,2316700,0.0,0.0
2020-08-27 00:00:00-04:00,185.34440598543324,186.86632429331678,183.40743824027697,183.48526000976562,3226800,0.0,0.0
2020-08-28 00:00:00-04:00,184.03003081449611,187.39379682759832,183.12207062597903,185.83729553222656,3212500,0.0,0.0
2020-08-31 00:00:00-04:00,185.71554565429688,186.99412411698276,185.09799562785628,185.71554565429688,2900900,1.25,0.0
2020-09-01 00:00:00-04:00,183.38450742152472,185.79380299107447,183.1583692817194,184.9936065673828,2926700,0.0,0.0
2020-09-02 00:00:00-04:00,185.48068968909342,188.85544224084543,184.9936147376647,188.0726318359375,4092000,0.0,0.0
2020-09-03 00:00:00-04:00,189.70782780709172,189.70782780709172,184.30648499356423,185.95907592773438,3126700,0.0,0.0
2020-09-04 00:00:00-04:00,187.25506249128946,189.42082099733577,183.3149573728165,184.1586456298828,3828600,0.0,0.0
2020-09-08 00:00:00-04:00,183.68023435090004,188.13351940798523,183.57586494086885,185.76771545410156,4107600,0.0,0.0
2020-09-09 00:00:00-04:00,187.00278090378632,189.75998310403133,186.5157060165474,187.62033081054688,3213200,0.0,0.0
2020-09-10 00:00:00-04:00,187.6290256799912,190.89939514915307,187.6290256799912,188.9510955810547,3325600,0.0,0.0
2020-09-11 00:00:00-04:00,189.3425070265983,190.63847139454234,188.11611341501143,189.6121368408203,3616500,0.0,0.0
2020-09-14 00:00:00-04:00,191.10817843617497,193.6044443014545,190.77765758897087,191.8387908935547,2543800,0.0,0.0
2020-09-15 00:00:00-04:00,192.88248886666932,194.51768019901394,192.56936740455643,193.41305541992188,2640700,0.0,0.0
2020-09-16 00:00:00-04:00,193.23913459538704,197.19663857600756,192.48242979756066,195.5353546142578,3463700,0.0,0.0
2020-09-17 00:00:00-04:00,194.5698834970318,194.5959758487192,191.7865887187382,193.59573364257812,3376600,0.0,0.0
2020-09-18 00:00:00-04:00,192.76074352303692,194.45682605705008,191.46477911662893,191.5865478515625,3861400,0.0,0.0
2020-09-21 00:00:00-04:00,188.86412301278847,189.6556263933992,185.61113940997507,188.22918701171875,2831800,0.0,0.0
2020-09-22 00:00:00-04:00,188.24657306471516,188.70756890504367,186.61139487270833,188.22918701171875,2475600,0.0,0.0
2020-09-23 00:00:00-04:00,189.3251352332296,191.08209570216172,186.3417942461669,186.9767303466797,2777700,0.0,0.0
2020-09-24 00:00:00-04:00,186.78536417898223,189.96876402495897,185.77641560400642,187.97695922851562,1727000,0.0,0.0
2020-09-25 00:00:00-04:00,187.26371829061102,190.6993481339909,185.82857270189604,189.7686767578125,2196800,0.0,0.0
2020-09-28 00:00:00-04:00,191.35168170550398,193.07384312475085,190.49930065764576,191.57781982421875,2111700,0.0,0.0
2020-09-29 00:00:00-04:00,191.71700552712952,192.1866944031458,190.02962932773107,190.20358276367188,1731700,0.0,0.0
2020-09-30 00:00:00-04:00,190.36883868024054,193.26520910799854,189.96874711419846,190.90811157226562,3034100,0.0,0.0
2020-10-01 00:00:00-04:00,192.73463217980503,193.9610257069498,189.42946406496876,190.9950714111328,2443000,0.0,0.0
2020-10-02 00:00:00-04:00,189.1859260175452,194.2654535324812,188.8293261476658,193.6739959716797,3833100,0.0,0.0
2020-10-05 00:00:00-04:00,195.57884636250319,197.00528587060612,194.83952761894975,196.63128662109375,2913800,0.0,0.0
2020-10-06 00:00:00-04:00,197.2923221174816,198.88402210343378,194.48293468031903,194.90911865234375,2453600,0.0,0.0
2020-10-07 00:00:00-04:00,196.2050569815222,198.66653701526982,195.81365847033018,196.98785400390625,1972500,0.0,0.0
2020-10-08 00:00:00-04:00,196.648638546043,197.50972588089732,195.08303124257836,196.3964080810547,3195800,0.0,0.0
2020-10-09 00:00:00-04:00,197.38798700301382,197.63152447906094,194.06541915268963,195.55274963378906,3237700,0.0,0.0
2020-10-12 00:00:00-04:00,195.5353744850336,197.01399885008797,194.06544314812825,196.6660919189453,2412400,0.0,0.0
2020-10-13 00:00:00-04:00,196.3094374786376,198.81440932677768,195.63970284138983,197.7445831298828,2098900,0.0,0.0
2020-10-14 00:00:00-04:00,198.66656517257164,199.59722339678532,197.7445999754227,197.97943115234375,1862600,0.0,0.0
2020-10-15 00:00:00-04:00,196.70088055688018,200.04954122966146,196.21380553650448,199.73641967773438,2177300,0.0,0.0
2020-10-16 00:00:00-04:00,199.84950714319461,201.71083723570243,199.31023410598976,199.5015869140625,2162800,0.0,0.0
2020-10-19 00:00:00-04:00,199.65809665876236,200.9366749288984,195.8484541990267,196.57037353515625,2009500,0.0,0.0
2020-10-20 00:00:00-04:00,197.21400633679878,200.0494855718403,196.94436327315483,197.83154296875,1883200,0.0,0.0
2020-10-21 00:00:00-04:00,197.640239779235,199.60595240688085,197.62285372312735,198.47523498535156,1518200,0.0,0.0
2020-10-22 00:00:00-04:00,198.10120156080666,199.5276410474769,197.3358037469476,199.31019592285156,1961300,0.0,0.0
2020-10-23 00:00:00-04:00,200.40609895552882,200.40609895552882,198.135971650817,198.92747497558594,2278100,0.0,0.0
2020-10-26 00:00:00-04:00,197.24881807592206,197.65761596716888,192.19539556236117,195.065673828125,2537800,0.0,0.0
2020-10-27 00:00:00-04:00,195.23963784412325,195.90066627318393,193.71752190716435,193.93496704101562,1801900,0.0,0.0
2020-10-28 00:00:00-04:00,189.95138565500935,191.86490033023858,186.53315425034336,186.7332000732422,3272900,0.0,0.0
2020-10-29 00:00:00-04:00,186.7331819110685,189.30772481735573,185.3241417160302,186.95932006835938,2477600,0.0,0.0
2020-10-30 00:00:00-04:00,185.78511823235436,187.19415838114847,182.57562609628158,185.26324462890625,3450900,0.0,0.0
2020-11-02 00:00:00-05:00,187.76820104228437,188.15090655001268,183.34100862438666,184.88052368164062,2983200,0.0,0.0
2020-11-03 00:00:00-05:00,187.51596496204712,189.69912239634508,186.08952554783093,188.5684051513672,2615000,0.0,0.0
2020-11-04 00:00:00-05:00,187.0028004391509,190.89072018909465,185.5241762993402,186.8897247314453,3360800,0.0,0.0
2020-11-05 00:00:00-05:00,187.93347309457795,189.78609647648713,186.72446549667836,188.1422119140625,3622000,0.0,0.0
2020-11-06 00:00:00-05:00,187.8726051747419,189.51648993914895,186.3504891605947,188.35968017578125,3916100,0.0,0.0
2020-11-09 00:00:00-05:00,197.2575199572947,198.17949846459186,180.19243025773395,185.45460510253906,7981200,0.0,0.0
2020-11-10 00:00:00-05:00,187.65517128226185,187.86392341170975,183.81943551137638,185.54161071777344,4255600,0.0,0.0
2020-11-11 00:00:00-05:00,186.83756092644757,190.69938875610217,186.3939776164244,189.6295623779297,4126900,0.0,0.0
2020-11-12 00:00:00-05:00,189.22941735075736,189.4555687435081,183.41929078277477,185.32411193847656,4253200,0.0,0.0
2020-11-13 00:00:00-05:00,185.92428109894442,186.47224707918303,184.6891943403951,185.5067901611328,3072100,0.0,0.0
2020-11-16 00:00:00-05:00,187.4376811202386,188.52490664877826,185.81119597651798,188.50750732421875,3702100,0.0,0.0
2020-11-17 00:00:00-05:00,187.52465623238672,189.08155728126317,186.15040163207462,187.88125610351562,2443100,0.0,0.0
2020-11-18 00:00:00-05:00,187.95955235661495,189.47296177966393,187.35940174880068,187.455078125,3095200,0.0,0.0
2020-11-19 00:00:00-05:00,186.86366625737446,187.420325326406,185.5503022916998,187.0985107421875,2840500,0.0,0.0
2020-11-20 00:00:00-05:00,186.47219467429477,187.19411390308846,185.81116643588084,186.2112579345703,3932600,0.0,0.0
2020-11-23 00:00:00-05:00,187.12457832655,189.26424422000926,186.69838109894866,188.74237060546875,3010300,0.0,0.0
2020-11-24 00:00:00-05:00,190.49061510219278,192.43892812409825,189.82958672580537,191.09947204589844,3870900,0.0,0.0
2020-11-25 00:00:00-05:00,191.33432321017088,191.86488988080563,189.54257738626276,190.7776641845703,1889200,0.0,0.0
2020-11-27 00:00:00-05:00,190.4992899503098,191.69957777054117,189.3163881808364,189.89913940429688,1394400,0.0,0.0
2020-11-30 00:00:00-05:00,189.39168298670424,190.36287802130775,187.61552220302676,190.24913024902344,3413600,1.29,0.0
2020-12-01 00:00:00-05:00,191.50906216588692,191.5527989857774,188.5779742966329,189.1116943359375,4224800,0.0,0.0
2020-12-02 00:00:00-05:00,187.23930110028127,187.58927576206685,182.97829884745897,184.49195861816406,6223700,0.0,0.0
2020-12-03 00:00:00-05:00,184.56198482501895,186.5656147730277,184.22949949931808,185.06069946289062,3732500,0.0,0.0
2020-12-04 00:00:00-05:00,185.1394357256502,186.69684574495875,183.82701065202983,184.38697814941406,3151100,0.0,0.0
2020-12-07 00:00:00-05:00,182.45335846821396,182.96083117052592,180.40597826799956,182.76834106445312,3826000,0.0,0.0
2020-12-08 00:00:00-05:00,180.72095129468116,182.9520767873423,180.59845881100105,182.3308563232422,2709400,0.0,0.0
2020-12-09 00:00:00-05:00,183.29330076094348,183.32829289055036,181.40340534587713,182.5933380126953,3010900,0.0,0.0
2020-12-10 00:00:00-05:00,182.4270953459445,182.65457756507152,181.17592311472748,182.0246124267578,2956400,0.0,0.0
2020-12-11 00:00:00-05:00,181.52590290723938,182.81208065483102,180.8784350106155,181.77963256835938,2770800,0.0,0.0
2020-12-14 00:00:00-05:00,184.37822560936067,187.88678395535945,183.92326118274366,185.41941833496094,4745000,0.0,0.0
2020-12-15 00:00:00-05:00,186.55688819413479,189.17299417525555,186.13691582398422,187.99180603027344,3798200,0.0,0.0
2020-12-16 00:00:00-05:00,188.00929408550581,190.31040392089747,186.94185382547352,187.06434631347656,2682000,0.0,0.0
2020-12-17 00:00:00-05:00,188.4555114804264,188.80548619867986,186.82810367425617,187.45806884765625,2558800,0.0,0.0
2020-12-18 00:00:00-05:00,188.24551996382726,189.73294590357153,187.0818480096393,188.1842803955078,7929100,0.0,0.0
2020-12-21 00:00:00-05:00,184.28198333087258,185.97064394369355,181.99836306631622,185.20068359375,4342500,0.0,0.0
2020-12-22 00:00:00-05:00,184.7894532127604,186.28562371565633,184.0632430482604,185.41941833496094,2772800,0.0,0.0
2020-12-23 00:00:00-05:00,185.75191245486832,186.74059700832703,185.3056793508942,185.50692749023438,1658800,0.0,0.0
2020-12-24 00:00:00-05:00,185.59441357924496,186.1368917274216,184.73696620724076,184.95570373535156,1047700,0.0,0.0
2020-12-28 00:00:00-05:00,186.3556079750699,188.00926296472502,185.65564529491013,187.25680541992188,2550100,0.0,0.0
2020-12-29 00:00:00-05:00,187.79928876266183,188.79673134174604,185.8831459092603,186.1106414794922,1665700,0.0,0.0
2020-12-30 00:00:00-05:00,186.32935387768728,186.6793285299096,184.8594309668636,185.1044158935547,1855000,0.0,0.0
2020-12-31 00:00:00-05:00,184.83321019447524,188.05302018148973,184.42198257592906,187.74679565429688,2610900,0.0,0.0
2021-01-04 00:00:00-05:00,187.6680474147177,187.86928219487325,182.1821066764105,183.9320068359375,4055400,0.0,0.0
2021-01-05 00:00:00-05:00,183.8969861483611,185.44565139966025,183.40701628032193,185.034423828125,2576100,0.0,0.0
2021-01-06 00:00:00-05:00,184.876974416644,185.23570719210903,182.8908337836851,184.61448669433594,3083400,0.0,0.0
2021-01-07 00:00:00-05:00,186.55686678977213,186.55686678977213,184.22949625224555,185.471923828125,3142000,0.0,0.0
2021-01-08 00:00:00-05:00,186.2768852171619,189.09422582300368,185.69067020734363,188.87548828125,2639100,0.0,0.0
2021-01-11 00:00:00-05:00,188.1929940400244,189.09419148032254,186.46934145599522,187.44053649902344,2545400,0.0,0.0
2021-01-12 00:00:00-05:00,186.96809261336983,187.5280601541494,184.56197979193473,185.1394500732422,2952000,0.0,0.0
2021-01-13 00:00:00-05:00,184.53572631494438,186.47811657889235,184.5269682696275,185.5681610107422,2069800,0.0,0.0
2021-01-14 00:00:00-05:00,185.57691916565653,186.0756337738951,181.98961846148083,182.42709350585938,3666700,0.0,0.0
2021-01-15 00:00:00-05:00,181.96336138322374,184.35197126074965,181.48213618977542,183.6607666015625,3593700,0.0,0.0
2021-01-19 00:00:00-05:00,184.3345118061093,184.61450229374435,181.8846617927089,182.94334411621094,3331600,0.0,0.0
2021-01-20 00:00:00-05:00,183.87075251218707,187.59804836783468,183.4157880866872,186.91558837890625,4077700,0.0,0.0
2021-01-21 00:00:00-05:00,187.29181696909873,188.95423017571235,186.6443624371162,186.82809448242188,2674900,0.0,0.0
2021-01-22 00:00:00-05:00,185.93565318092806,187.36182620999986,184.76322317393502,186.69686889648438,2196400,0.0,0.0
2021-01-25 00:00:00-05:00,185.68191014186283,187.2830704170433,184.22948978068112,186.66184997558594,2615300,0.0,0.0
2021-01-26 00:00:00-05:00,185.93563109375089,188.56048125468442,185.63815127967453,188.44674682617188,2907800,0.0,0.0
2021-01-27 00:00:00-05:00,185.83065028133765,186.49560754778818,181.1146697998047,181.1146697998047,5464000,0.0,0.0
2021-01-28 00:00:00-05:00,182.54084136306966,184.0545012790385,179.47851605118746,180.95718383789062,5401600,0.0,0.0
2021-01-29 00:00:00-05:00,179.460999553042,183.21452927326172,177.7110995089777,181.849609375,5203300,0.0,0.0
2021-02-01 00:00:00-05:00,182.40956989044196,183.46826525097674,180.7646729902867,181.9283447265625,2812500,0.0,0.0
2021-02-02 00:00:00-05:00,182.06840612304777,186.04068799197887,181.68342585197792,183.52957153320312,2786000,0.0,0.0
2021-02-03 00:00:00-05:00,182.29587250860976,183.73079024746988,181.92838169012558,182.61085510253906,3020700,0.0,0.0
2021-02-04 00:00:00-05:00,183.73950384314978,185.5856489157914,182.57581871672852,184.6407012939453,2777500,0.0,0.0
2021-02-05 00:00:00-05:00,186.00564716098046,187.3968146801843,185.49817447741916,185.9969024658203,2600200,0.0,0.0
2021-02-08 00:00:00-05:00,185.95313285987518,186.35561575674382,183.70451817612906,185.12193298339844,2696200,0.0,0.0
2021-02-09 00:00:00-05:00,185.55069558237884,189.14672809276541,185.28820785187483,188.97174072265625,3047300,0.0,0.0
2021-02-10 00:00:00-05:00,189.7591802748101,190.13540240614262,187.07307708334164,187.58929443359375,3161600,0.0,0.0
2021-02-11 00:00:00-05:00,187.7117823265637,187.93927788941983,185.83938970896483,187.47555541992188,2583600,0.0,0.0
2021-02-12 00:00:00-05:00,187.23932530326755,187.8517877158994,186.35563049009014,187.15182495117188,2781200,0.0,0.0
2021-02-16 00:00:00-05:00,187.56304792060476,189.811676077009,187.09058074277812,188.14051818847656,2892900,0.0,0.0
2021-02-17 00:00:00-05:00,187.20433552734147,188.01803273921223,186.04065025336544,186.7581024169922,3280000,0.0,0.0
2021-02-18 00:00:00-05:00,186.61813130748124,188.86675983853866,186.05816368643164,188.4905242919922,2191000,0.0,0.0
2021-02-19 00:00:00-05:00,188.36801976109828,188.75299997923406,185.4631920845217,185.69943237304688,3181600,0.0,0.0
2021-02-22 00:00:00-05:00,185.0519611926234,186.36438644930868,183.46830351899865,185.54193115234375,2910800,0.0,0.0
2021-02-23 00:00:00-05:00,187.67677427824023,188.72671160406694,184.11572138360998,184.89443969726562,3243000,0.0,0.0
2021-02-24 00:00:00-05:00,184.4744656290797,187.326811341017,184.10698820958095,186.60060119628906,2887100,0.0,0.0
2021-02-25 00:00:00-05:00,186.10187180648498,186.2943618843411,183.51202715098515,184.57070922851562,3131400,0.0,0.0
2021-02-26 00:00:00-05:00,185.5302768788485,186.313773121712,181.47193908691406,181.47193908691406,5334000,1.29,0.0
2021-03-01 00:00:00-05:00,182.5371577328525,185.20456717980832,182.5371577328525,183.32945251464844,2827500,0.0,0.0
2021-03-02 00:00:00-05:00,183.1093816142961,184.7820100155278,181.5159800100774,183.69920349121094,3016600,0.0,0.0
2021-03-03 00:00:00-05:00,182.68682622338486,183.98091764602265,181.00538588066166,181.1902618408203,3488600,0.0,0.0
2021-03-04 00:00:00-05:00,181.48957669736208,182.66042198760783,178.4700254892915,180.32752990722656,3926200,0.0,0.0
2021-03-05 00:00:00-05:00,181.1286428823711,183.3118665056189,178.6725179853205,182.55477905273438,3608100,0.0,0.0
2021-03-08 00:00:00-05:00,182.84528948702837,185.3894531017697,182.3523048109688,184.08656311035156,3157100,0.0,0.0
2021-03-09 00:00:00-05:00,185.42467772493734,185.92646091151076,183.35588831082487,183.5935821533203,3646700,0.0,0.0
2021-03-10 00:00:00-05:00,183.7432080313347,188.06564871284658,183.3206517152004,187.783935546875,3447200,0.0,0.0
2021-03-11 00:00:00-05:00,189.0076169784846,189.47419270135507,186.18175370848246,186.25218200683594,3618000,0.0,0.0
2021-03-12 00:00:00-05:00,186.6659052039842,188.6026496064005,186.120102744843,186.9300079345703,2818200,0.0,0.0
2021-03-15 00:00:00-04:00,188.08324112967296,194.1575501529488,187.95119648185462,194.0783233642578,5479700,0.0,0.0
2021-03-16 00:00:00-04:00,193.3036175757162,194.81779216094267,191.17321227157717,193.55010986328125,3583400,0.0,0.0
2021-03-17 00:00:00-04:00,197.68768179861263,197.98699195442111,193.68216182507453,197.29153442382812,5240600,0.0,0.0
2021-03-18 00:00:00-04:00,196.91302330435045,198.38319231267428,194.91467560144395,196.2263641357422,3254600,0.0,0.0
2021-03-19 00:00:00-04:00,196.103095623319,198.23350119000784,194.55371342013362,195.82139587402344,7719400,0.0,0.0
2021-03-22 00:00:00-04:00,196.6577208110522,199.75649881973067,196.00626911638852,198.13668823242188,4220700,0.0,0.0
2021-03-23 00:00:00-04:00,197.15950497711077,199.30750752512782,196.97462902378567,197.5204315185547,2794000,0.0,0.0
2021-03-24 00:00:00-04:00,198.35673571802084,199.8532998686633,197.22989656475104,197.23870849609375,2442500,0.0,0.0
2021-03-25 00:00:00-04:00,198.20708747633105,198.35675599623602,195.82139114962482,197.3707733154297,3249600,0.0,0.0
2021-03-26 00:00:00-04:00,197.37078794986024,198.3215498378355,195.80379523620414,198.2599334716797,3263100,0.0,0.0
2021-03-29 00:00:00-04:00,197.92538513405785,200.61040503248242,197.45880944727855,200.14382934570312,3621300,0.0,0.0
2021-03-30 00:00:00-04:00,199.06984103935997,199.85333740515298,197.3884006414006,198.0574493408203,2419000,0.0,0.0
2021-03-31 00:00:00-04:00,197.20353023567307,199.38676729437597,197.1947317352519,197.31797790527344,3564100,0.0,0.0
2021-04-01 00:00:00-04:00,197.78454581127977,199.14906556067456,196.56088265999048,198.2599334716797,2441200,0.0,0.0
2021-04-05 00:00:00-04:00,199.48358970359052,202.03655164978278,199.12264972077412,201.46434020996094,2866300,0.0,0.0
2021-04-06 00:00:00-04:00,202.22141110599688,204.47506268231493,201.34987611849544,204.15814208984375,3230900,0.0,0.0
2021-04-07 00:00:00-04:00,203.95566637457745,204.9504475648681,203.56833090382514,204.77438354492188,2551300,0.0,0.0
2021-04-08 00:00:00-04:00,204.77438024318315,204.94164576092342,201.7724397216957,202.69679260253906,2772200,0.0,0.0
2021-04-09 00:00:00-04:00,202.6439625321663,203.89403444098755,201.48191591018383,203.7795867919922,2728900,0.0,0.0
2021-04-12 00:00:00-04:00,203.77960214372803,204.5719103819017,202.90808054440777,203.32183837890625,2292700,0.0,0.0
2021-04-13 00:00:00-04:00,202.8640808052332,203.9380888923583,202.20383059263128,203.63877868652344,2570900,0.0,0.0
2021-04-14 00:00:00-04:00,203.5507712449686,203.6123876225485,202.115822930472,202.74966430664062,2129200,0.0,0.0
2021-04-15 00:00:00-04:00,202.3094395636648,203.67395917575496,201.77243559114507,203.60353088378906,2063000,0.0,0.0
2021-04-16 00:00:00-04:00,205.68992399637972,206.2269279872146,204.51028028956983,205.18814086914062,2694300,0.0,0.0
2021-04-19 00:00:00-04:00,205.22337960476,205.3818466494664,203.20742142315427,204.0701446533203,2254800,0.0,0.0
2021-04-20 00:00:00-04:00,203.56831480357565,205.30257280017207,203.42745822562955,205.12649536132812,1885700,0.0,0.0
2021-04-21 00:00:00-04:00,205.38181721980945,205.87480185212053,204.1053362755418,204.4662628173828,2065500,0.0,0.0
2021-04-22 00:00:00-04:00,204.96807186577024,206.03326798985643,204.18457550609438,205.08251953125,1839500,0.0,0.0
2021-04-23 00:00:00-04:00,205.8131806864369,207.0896751170519,205.2057618029712,206.50865173339844,2137500,0.0,0.0
2021-04-26 00:00:00-04:00,206.68469394138373,207.18649047415076,204.15814114517732,204.51026916503906,2490100,0.0,0.0
2021-04-27 00:00:00-04:00,204.73918511085375,207.4330036895938,204.59832851557766,206.86077880859375,2623800,0.0,0.0
2021-04-28 00:00:00-04:00,207.05443693751806,207.27452031296883,204.46625429296532,204.5983123779297,2777000,0.0,0.0
2021-04-29 00:00:00-04:00,205.98927009929275,207.582671813996,204.78320389667405,207.0632781982422,3146700,0.0,0.0
2021-04-30 00:00:00-04:00,205.9980519319774,208.01400986309136,205.88360427128927,207.8291473388672,2640400,0.0,0.0
2021-05-03 00:00:00-04:00,209.51058591481433,209.67783800535463,207.2129148173258,207.37136840820312,2458000,0.0,0.0
2021-05-04 00:00:00-04:00,206.5526469118394,207.8731471203379,205.32898392261035,205.87478637695312,2529700,0.0,0.0
2021-05-05 00:00:00-04:00,206.10366903304214,207.18648887978904,203.85001748449454,206.91357421875,2070000,0.0,0.0
2021-05-06 00:00:00-04:00,207.3537319841559,207.45056919960584,205.26734603552393,206.75511169433594,1832600,0.0,0.0
2021-05-07 00:00:00-04:00,206.8783596268705,207.5122007820552,205.9892276830136,206.7375030517578,1406800,0.0,0.0
2021-05-10 00:00:00-04:00,206.96638978662742,209.4489230144315,206.96638978662742,208.73585510253906,2031500,0.0,0.0
2021-05-11 00:00:00-04:00,209.29048454810587,209.34330240719416,204.41342958900398,205.87478637695312,3028500,0.0,0.0
2021-05-12 00:00:00-04:00,204.33418133100014,205.6194739760018,200.33747369698702,200.66319274902344,3198200,0.0,0.0
2021-05-13 00:00:00-04:00,200.7160520505529,203.42748103229752,200.6104163216616,202.2742462158203,2819200,0.0,0.0
2021-05-14 00:00:00-04:00,203.10172807207442,204.80076511516103,202.89044321667208,203.99085998535156,1943100,0.0,0.0
2021-05-17 00:00:00-04:00,203.18974171278725,204.50144326171943,202.69675717791426,203.95562744140625,1630900,0.0,0.0
2021-05-18 00:00:00-04:00,204.14052804523612,205.33778210306423,203.92924317638784,204.1757354736328,2913000,0.0,0.0
2021-05-19 00:00:00-04:00,202.67917768149607,203.0225072087388,200.87449132226712,202.60874938964844,2967000,0.0,0.0
2021-05-20 00:00:00-04:00,203.11057916837223,206.0156828765625,202.96972256162746,204.39585876464844,1890200,0.0,0.0
2021-05-21 00:00:00-04:00,204.60710063098577,205.46982365835956,202.74959649788693,203.5683135986328,2601100,0.0,0.0
2021-05-24 00:00:00-04:00,203.8148125674019,204.80958027288455,203.3746458241266,204.15814208984375,1823300,0.0,0.0
2021-05-25 00:00:00-04:00,204.38701989135896,204.91522534590246,203.10174054896467,204.36061096191406,2681900,0.0,0.0
2021-05-26 00:00:00-04:00,205.81320141929166,205.81320141929166,204.37826668113155,204.5455322265625,1564200,0.0,0.0
2021-05-27 00:00:00-04:00,205.12648946162903,206.94878612523587,204.5894855273742,206.75511169433594,5242900,0.0,0.0
2021-05-28 00:00:00-04:00,207.25087346128007,207.49872717659696,205.76373766236418,207.03842163085938,2853600,1.29,0.0
2021-06-01 00:00:00-04:00,208.88847070748585,208.89733130868683,206.0204453772913,206.46304321289062,2574300,0.0,0.0
2021-06-02 00:00:00-04:00,207.1091682905991,207.42783917406712,206.0823383875343,206.94097900390625,3172000,0.0,0.0
2021-06-03 00:00:00-04:00,205.86993504308646,206.03811085128467,203.72774993115783,205.76370239257812,3249400,0.0,0.0
2021-06-04 00:00:00-04:00,206.64006941538753,206.9587403815228,205.42735572812896,206.5869598388672,1615200,0.0,0.0
2021-06-07 00:00:00-04:00,207.1357880078788,207.1977581885129,204.62183553185972,205.0909881591797,1877000,0.0,0.0
2021-06-08 00:00:00-04:00,204.9227775994102,207.11805886473192,204.78114306435393,205.93190002441406,2106200,0.0,0.0
2021-06-09 00:00:00-04:00,206.23288081671225,207.41905326490064,204.87853253923416,204.896240234375,1982200,0.0,0.0
2021-06-10 00:00:00-04:00,205.40964436799882,207.93244375678728,205.30341170984056,207.6580352783203,2534000,0.0,0.0
2021-06-11 00:00:00-04:00,208.02094923027897,210.2339380518777,207.76424847005873,209.7293701171875,2654300,0.0,0.0
2021-06-14 00:00:00-04:00,209.95064172800923,210.47291728739506,207.85273291988332,209.7736053466797,1836800,0.0,0.0
2021-06-15 00:00:00-04:00,210.26048182733618,210.50833548181598,208.60517059770098,209.21595764160156,1948300,0.0,0.0
2021-06-16 00:00:00-04:00,209.9772665454928,210.03922321748314,206.94103843560873,208.53439331054688,2951700,0.0,0.0
2021-06-17 00:00:00-04:00,208.0917883187896,209.1451732694751,206.49843349871966,207.02955627441406,1895600,0.0,0.0
2021-06-18 00:00:00-04:00,204.89622319250188,206.1531993026793,202.55046029446174,203.25860595703125,4408200,0.0,0.0
2021-06-21 00:00:00-04:00,204.15264895741984,206.45414922615404,203.12581890319393,206.1620330810547,2193000,0.0,0.0
2021-06-22 00:00:00-04:00,206.68433052231669,207.89704420150255,205.7460118176548,207.02955627441406,1758300,0.0,0.0
2021-06-23 00:00:00-04:00,206.5161527920403,207.5341224111131,205.9850299865155,206.46304321289062,1701500,0.0,0.0
2021-06-24 00:00:00-04:00,207.22429849606644,208.1626036851317,206.0204319215833,206.54269409179688,1839800,0.0,0.0
2021-06-25 00:00:00-04:00,206.02046700386245,206.61354654498112,205.6663805940051,205.73719787597656,3000100,0.0,0.0
2021-06-28 00:00:00-04:00,205.95845561909053,206.0292728868964,203.60383211584292,204.55984497070312,2901700,0.0,0.0
2021-06-29 00:00:00-04:00,204.94931538502206,205.1086576004955,203.63922981195975,203.9224853515625,1932100,0.0,0.0
2021-06-30 00:00:00-04:00,204.4093738165051,205.5866856284591,204.12611823777917,204.47134399414062,2450700,0.0,0.0
2021-07-01 00:00:00-04:00,204.8431318235357,205.71946688630248,204.25889944368194,205.60440063476562,2210500,0.0,0.0
2021-07-02 00:00:00-04:00,206.32139776180423,207.23314817440087,205.75487310245282,206.80825805664062,1851500,0.0,0.0
2021-07-06 00:00:00-04:00,206.8347975577955,207.0472358474678,204.48017412917056,206.02926635742188,1762700,0.0,0.0
2021-07-07 00:00:00-04:00,205.29457995680636,208.01213717078448,205.11754352266448,207.69346618652344,2069400,0.0,0.0
2021-07-08 00:00:00-04:00,206.20628928173048,206.98526564494927,205.31224668813542,206.10891723632812,1932600,0.0,0.0
2021-07-09 00:00:00-04:00,207.1977726349073,209.1097851614216,206.30371629608243,208.6229248046875,2560500,0.0,0.0
2021-07-12 00:00:00-04:00,207.6580402760126,209.11862117447532,207.5783759107365,208.56094360351562,2158600,0.0,0.0
2021-07-13 00:00:00-04:00,208.60518051131385,210.20738224927553,208.1979846270251,209.05662536621094,1884600,0.0,0.0
2021-07-14 00:00:00-04:00,209.81793864899285,211.60603777017013,209.47271286140554,209.90646362304688,1993200,0.0,0.0
2021-07-15 00:00:00-04:00,209.42840536353197,210.1365644827211,207.9501304622435,209.68511962890625,2165800,0.0,0.0
2021-07-16 00:00:00-04:00,210.49065604265897,210.5703339120879,207.47214930823532,207.79966735839844,1680900,0.0,0.0
2021-07-19 00:00:00-04:00,205.8168116738609,206.5338314124846,200.4259740368436,202.93992614746094,3774900,0.0,0.0
2021-07-20 00:00:00-04:00,204.1703389291842,208.48125024660666,203.78086425076836,207.374755859375,3275600,0.0,0.0
2021-07-21 00:00:00-04:00,208.88843972449132,210.77391054672987,208.21569597668892,208.84417724609375,2146600,0.0,0.0
2021-07-22 00:00:00-04:00,208.59634349378544,212.17254138040428,208.16260628230398,211.26963806152344,2538300,0.0,0.0
2021-07-23 00:00:00-04:00,212.56207863259618,216.91724048823332,212.0929259240246,215.0671844482422,3996400,0.0,0.0
2021-07-26 00:00:00-04:00,214.2173027216094,216.4922615520595,213.86322993809702,215.96998596191406,2638400,0.0,0.0
2021-07-27 00:00:00-04:00,216.13819877985733,218.68756632098163,216.04082672774462,218.06793212890625,3135200,0.0,0.0
2021-07-28 00:00:00-04:00,214.65995550477004,215.81071260681705,211.8715944752458,214.02261352539062,4948500,0.0,0.0
2021-07-29 00:00:00-04:00,215.38581313096344,217.0499717766128,215.08483634311045,216.0054473876953,2572300,0.0,0.0
2021-07-30 00:00:00-04:00,215.8549322859159,217.2358351317149,214.40321217789494,214.84580993652344,2336800,0.0,0.0
2021-08-02 00:00:00-04:00,216.20018606143475,216.58966079369415,212.17254323370125,212.5354766845703,2693900,0.0,0.0
2021-08-03 00:00:00-04:00,212.05741567308334,212.40264135151781,208.24222551968913,209.74705505371094,3300000,0.0,0.0
2021-08-04 00:00:00-04:00,209.30452666960522,209.43731413268767,206.29486660461066,207.87051391601562,2240600,0.0,0.0
2021-08-05 00:00:00-04:00,208.67599711269608,209.62314929710837,207.43671527831918,209.27792358398438,2230500,0.0,0.0
2021-08-06 00:00:00-04:00,209.5080872923769,209.91528320984503,208.61404460245308,209.1363067626953,1558600,0.0,0.0
2021-08-09 00:00:00-04:00,208.7202384316181,208.96810559501623,207.16229923332753,207.7376708984375,2093100,0.0,0.0
2021-08-10 00:00:00-04:00,208.10946063624883,208.10946063624883,206.46299651989776,206.6488800048828,2027500,0.0,0.0
2021-08-11 00:00:00-04:00,207.30393085260044,208.85302293684865,206.91444268172484,208.50779724121094,1969100,0.0,0.0
2021-08-12 00:00:00-04:00,208.90614242503662,209.5788861567625,208.0652093836263,209.4992218017578,1490800,0.0,0.0
2021-08-13 00:00:00-04:00,209.60546054636043,211.56174876885692,209.14516855860722,211.4024200439453,1699700,0.0,0.0
2021-08-16 00:00:00-04:00,211.56176646587147,213.3764203022326,211.17227820748985,213.30560302734375,2175300,0.0,0.0
2021-08-17 00:00:00-04:00,212.75674861214185,213.19048577240815,210.8624307398241,212.6947784423828,1652000,0.0,0.0
2021-08-18 00:00:00-04:00,211.95121138361384,212.2344669182339,210.48178362092654,210.74734497070312,2215500,0.0,0.0
2021-08-19 00:00:00-04:00,209.50807383383798,210.78275757201237,208.96811752140147,209.99493408203125,1455400,0.0,0.0
2021-08-20 00:00:00-04:00,209.75594242317086,211.9069611155588,209.18941781428165,211.11029052734375,1989700,0.0,0.0
2021-08-23 00:00:00-04:00,211.96894441628234,212.50891427281044,210.66770580312462,212.14598083496094,2086900,0.0,0.0
2021-08-24 00:00:00-04:00,212.7921485702773,212.7921485702773,210.959800884248,211.05715942382812,1687700,0.0,0.0
2021-08-25 00:00:00-04:00,210.61455558210844,212.0928439304703,210.53489123002032,211.41123962402344,1668000,0.0,0.0
2021-08-26 00:00:00-04:00,211.37581140801666,211.4908911364983,208.83530483869143,209.74705505371094,2008000,0.0,0.0
2021-08-27 00:00:00-04:00,210.17198507713798,211.00407110325975,209.23367990113277,210.21624755859375,1784000,0.0,0.0
2021-08-30 00:00:00-04:00,210.09231771181615,210.4640982381073,208.78223202293125,209.4284210205078,2245600,0.0,0.0
2021-08-31 00:00:00-04:00,209.82897817522854,211.59127077459584,208.86772396255589,211.35096740722656,2938100,1.29,0.0
2021-09-01 00:00:00-04:00,211.7247692836963,212.75721535744574,211.128438340243,211.96507263183594,2197100,0.0,0.0
2021-09-02 00:00:00-04:00,212.89961026384097,213.56714667577677,212.16977751561066,213.49594116210938,2140200,0.0,0.0
2021-09-03 00:00:00-04:00,212.1786734282875,213.3001297128291,211.3954263578415,212.5614013671875,1339300,0.0,0.0
2021-09-07 00:00:00-04:00,212.37446620718814,212.37446620718814,210.0069340148885,210.22055053710938,1820000,0.0,0.0
2021-09-08 00:00:00-04:00,210.7635109460602,213.13104347870552,210.05146935069254,212.38339233398438,2718400,0.0,0.0
2021-09-09 00:00:00-04:00,212.20540030005083,214.88444188267624,211.62687410235193,212.37451171875,2992200,0.0,0.0
2021-09-10 00:00:00-04:00,213.8965044665855,214.7865531431321,212.75722966602606,212.8818359375,2035200,0.0,0.0
2021-09-13 00:00:00-04:00,214.3503911011191,215.21373926972535,213.46923815904987,214.68861389160156,2294800,0.0,0.0
2021-09-14 00:00:00-04:00,215.15143737607326,215.61426643592966,213.16663286441758,214.61741638183594,2013800,0.0,0.0
2021-09-15 00:00:00-04:00,214.02996686660154,214.74200839274496,211.9917481677792,214.48388671875,2507200,0.0,0.0
2021-09-16 00:00:00-04:00,213.86979584829635,216.80695927040267,213.56718255017518,216.46875,3410700,0.0,0.0
2021-09-17 00:00:00-04:00,217.029438270388,217.7325842403199,215.28495069288277,215.827880859375,4756600,0.0,0.0
2021-09-20 00:00:00-04:00,213.50487332993848,215.35617614145175,210.62111083066623,212.80172729492188,4549900,0.0,0.0
2021-09-21 00:00:00-04:00,213.61163165118242,215.7032509768583,213.07759713962975,214.05665588378906,2008300,0.0,0.0
2021-09-22 00:00:00-04:00,215.2137556966754,218.82735086489905,214.92003802689996,216.39752197265625,3361900,0.0,0.0
2021-09-23 00:00:00-04:00,216.94044432585315,218.90744406908746,216.75352814963668,217.8660888671875,2941700,0.0,0.0
2021-09-24 00:00:00-04:00,219.52158692565177,220.1802277811297,218.27552431373556,219.32577514648438,2508800,0.0,0.0
2021-09-27 00:00:00-04:00,218.95193785882617,221.53307315725715,218.31110183226653,220.82994079589844,2463300,0.0,0.0
2021-09-28 00:00:00-04:00,220.10010907461051,220.47394143243736,216.20170549918657,216.96714782714844,3007500,0.0,0.0
2021-09-29 00:00:00-04:00,217.5100918397426,218.69385816529962,216.41532222989497,217.42108154296875,1719000,0.0,0.0
2021-09-30 00:00:00-04:00,217.85720586251742,218.4357320366566,214.34151650806686,214.59962463378906,3136800,0.0,0.0
2021-10-01 00:00:00-04:00,216.34410225363467,217.78597652327963,213.83415888537283,216.219482421875,2076000,0.0,0.0
2021-10-04 00:00:00-04:00,215.44517391858892,217.8928077046411,215.26716690490716,216.35302734375,2236500,0.0,0.0
2021-10-05 00:00:00-04:00,217.1451450052024,219.7351895353198,216.29069242478013,218.25770568847656,2463100,0.0,0.0
2021-10-06 00:00:00-04:00,217.67025375600502,219.98438523281703,216.29958507461217,219.9309844970703,2107900,0.0,0.0
2021-10-07 00:00:00-04:00,220.732054148053,222.46764621243983,220.4472320754029,221.01687622070312,2423900,0.0,0.0
2021-10-08 00:00:00-04:00,221.84462020183614,222.18284302591792,219.93991668396765,220.4650421142578,1687500,0.0,0.0
2021-10-11 00:00:00-04:00,220.82107845239568,221.74672308511398,219.35249001160466,219.46820068359375,1504000,0.0,0.0
2021-10-12 00:00:00-04:00,220.49172229692644,221.26607376636355,217.33204724529355,217.63467407226562,2346700,0.0,0.0
2021-10-13 00:00:00-04:00,216.522099918922,217.05612086417108,213.52262727313803,215.9702606201172,3214300,0.0,0.0
2021-10-14 00:00:00-04:00,216.17498234065116,218.4356995373593,215.42733128487245,217.66136169433594,2512000,0.0,0.0
2021-10-15 00:00:00-04:00,218.27550782390915,219.290162611549,215.38285008235857,215.6142578125,2564700,0.0,0.0
2021-10-18 00:00:00-04:00,215.765549443033,216.68229828479215,214.61739288721,215.62313842773438,2484900,0.0,0.0
2021-10-19 00:00:00-04:00,216.47763710243095,217.10956404835167,214.97345268759335,216.07711791992188,2071600,0.0,0.0
2021-10-20 00:00:00-04:00,213.9676532167789,215.97026233475188,212.97969884200305,213.3624267578125,3040200,0.0,0.0
2021-10-21 00:00:00-04:00,213.76294071113773,215.31162994754536,212.99749847903678,214.85769653320312,2702400,0.0,0.0
2021-10-22 00:00:00-04:00,214.24358902778894,215.60536220107602,211.83155152010661,212.22317504882812,3283700,0.0,0.0
2021-10-25 00:00:00-04:00,212.92630124810708,212.94410602100487,210.49647261846457,211.24411010742188,3178400,0.0,0.0
2021-10-26 00:00:00-04:00,211.35981608221783,212.18755465930343,210.17604996036792,210.42526245117188,3066400,0.0,0.0
2021-10-27 00:00:00-04:00,214.54619839445417,217.7236645476981,212.5880943672851,216.04147338867188,5249400,0.0,0.0
2021-10-28 00:00:00-04:00,216.637835158663,219.0231725937998,215.86349718203076,218.50694274902344,3448500,0.0,0.0
2021-10-29 00:00:00-04:00,216.28176542105527,219.03201177127576,215.81004084633375,218.5513916015625,4329400,0.0,0.0
2021-11-01 00:00:00-04:00,218.77395009695684,224.016335843676,218.36452176248017,223.02838134765625,4456200,0.0,0.0
2021-11-02 00:00:00-04:00,224.0786058043486,224.48803409062543,220.87443934821673,221.835693359375,2624300,0.0,0.0
2021-11-03 00:00:00-04:00,220.72312703371986,223.51787871247765,220.6519215257249,222.86813354492188,2399000,0.0,0.0
2021-11-04 00:00:00-04:00,223.50895121447905,226.23249716198907,222.69010831125166,225.5916748046875,2711000,0.0,0.0
2021-11-05 00:00:00-04:00,226.68643412051563,229.2141683722747,226.62412421224542,226.70423889160156,3224300,0.0,0.0
2021-11-08 00:00:00-05:00,226.76656100653608,227.54089887356773,224.22991729023823,225.2712860107422,2471300,0.0,0.0
2021-11-09 00:00:00-05:00,225.10216409428247,225.79640082145124,222.9126388601688,224.87074279785156,2258900,0.0,0.0
2021-11-10 00:00:00-05:00,223.23305466280834,225.82309897083428,223.23305466280834,225.2979736328125,1794300,0.0,0.0
2021-11-11 00:00:00-05:00,225.4759931942084,225.4759931942084,221.8534891990127,222.654541015625,1640500,0.0,0.0
2021-11-12 00:00:00-05:00,222.64563044247544,223.41107270809417,221.52417420352532,223.10845947265625,1625200,0.0,0.0
2021-11-15 00:00:00-05:00,223.1084315374529,225.85867784311014,223.1084315374529,225.12884521484375,1709200,0.0,0.0
2021-11-16 00:00:00-05:00,225.62728933959716,226.2414249628405,224.63043938944094,224.70164489746094,2195500,0.0,0.0
2021-11-17 00:00:00-05:00,224.6571595608054,225.48489820001186,222.97496833110094,224.9063720703125,1412000,0.0,0.0
2021-11-18 00:00:00-05:00,225.3246886035107,225.61840624747248,223.47338603557955,225.6094970703125,1751200,0.0,0.0
2021-11-19 00:00:00-05:00,225.44040356187767,225.46711751441416,222.7168570231542,224.24774169921875,2743100,0.0,0.0
2021-11-22 00:00:00-05:00,224.88855993561668,227.36289375692309,224.47914521813988,225.6094970703125,2438700,0.0,0.0
2021-11-23 00:00:00-05:00,226.79325607426694,227.66549980142426,225.2267756037102,227.5408935546875,2770000,0.0,0.0
2021-11-24 00:00:00-05:00,226.5173489432616,229.44561618725524,226.11682982440746,228.84036254882812,2642800,0.0,0.0
2021-11-26 00:00:00-05:00,224.74614792148083,225.32468761075816,220.97235087134197,222.52102661132812,2573300,0.0,0.0
2021-11-29 00:00:00-05:00,224.15870683755605,224.57703069418358,222.36080517169282,222.7791290283203,2084600,0.0,0.0
2021-11-30 00:00:00-05:00,221.40086251782114,221.86624376874835,218.331064231106,218.91281127929688,3836100,1.38,0.0
2021-12-01 00:00:00-05:00,219.95103165906346,224.5512440359753,218.47431507428666,218.53695678710938,3275300,0.0,0.0
2021-12-02 00:00:00-05:00,219.8614769784687,224.0499899093768,219.2707850554882,222.67172241210938,3290500,0.0,0.0
2021-12-03 00:00:00-05:00,224.0320949932352,224.35427568242383,221.57089235978597,223.14605712890625,3229900,0.0,0.0
2021-12-06 00:00:00-05:00,225.89365169747205,229.9479226609656,225.86680330616576,228.92764282226562,3616800,0.0,0.0
2021-12-07 00:00:00-05:00,229.96584870955724,233.0356332562809,229.51835729530453,232.614990234375,2596200,0.0,0.0
2021-12-08 00:00:00-05:00,232.69556121932533,235.21046106133267,231.88112347753233,232.3196563720703,3453100,0.0,0.0
2021-12-09 00:00:00-05:00,232.24806202790322,235.47000592320234,231.22776841409578,234.78981018066406,2955100,0.0,0.0
2021-12-10 00:00:00-05:00,236.16807246119149,237.41208438654553,234.87033643859345,237.1436004638672,2529600,0.0,0.0
2021-12-13 00:00:00-05:00,236.47242531619764,237.9401833326714,234.84354959118485,235.46109008789062,2878800,0.0,0.0
2021-12-14 00:00:00-05:00,235.38054469438538,235.90858142206747,234.2618158697923,234.95094299316406,3695500,0.0,0.0
2021-12-15 00:00:00-05:00,234.62872863557797,237.77012746569284,233.95749143684995,236.74087524414062,2641800,0.0,0.0
2021-12-16 00:00:00-05:00,237.67169355580668,238.86203629231608,236.35606739649958,237.66273498535156,2347700,0.0,0.0
2021-12-17 00:00:00-05:00,236.2754754130018,237.03621630774464,233.4831332554271,234.21702575683594,5943200,0.0,0.0
2021-12-20 00:00:00-05:00,232.36442683366624,234.44972508199086,231.2904363724864,234.243896484375,2824500,0.0,0.0
2021-12-21 00:00:00-05:00,236.53505373672954,238.4950686007555,235.75642293291065,236.6245574951172,2851800,0.0,0.0
2021-12-22 00:00:00-05:00,236.56189047583257,237.5642669698699,236.33814474724525,237.1167755126953,1795100,0.0,0.0
2021-12-23 00:00:00-05:00,237.9938577830562,239.29156656224714,237.57321473992442,238.0207061767578,1509800,0.0,0.0
2021-12-27 00:00:00-05:00,238.48609577925953,240.0881228267108,238.06545272141628,240.07020568847656,1485500,0.0,0.0
2021-12-28 00:00:00-05:00,239.47953559133097,240.94732079979133,239.18420322327958,239.748046875,1304000,0.0,0.0
2021-12-29 00:00:00-05:00,240.2581504058446,241.39476876153768,239.8106589931406,240.29393005371094,1318500,0.0,0.0
2021-12-30 00:00:00-05:00,240.7504035262017,240.98310782358078,238.69195375199143,239.14837646484375,1714600,0.0,0.0
2021-12-31 00:00:00-05:00,239.85543545749272,240.85781201175865,239.14839126511444,239.9180908203125,1519200,0.0,0.0
2022-01-03 00:00:00-05:00,241.188934180537,242.2987315547,237.6716579210936,240.37449645996094,2750600,0.0,0.0
2022-01-04 00:00:00-05:00,241.19788343197095,242.6745997047268,240.09704466944623,240.31185913085938,2506000,0.0,0.0
2022-01-05 00:00:00-05:00,241.01887867207577,241.89597172709924,238.8709252225005,239.13047790527344,2473000,0.0,0.0
2022-01-06 00:00:00-05:00,239.96280550349877,242.32557341766537,239.67640442674343,241.36793518066406,2908400,0.0,0.0
2022-01-07 00:00:00-05:00,240.3566039805259,241.79754064339195,238.96043285001454,239.01412963867188,2209100,0.0,0.0
2022-01-10 00:00:00-05:00,238.7008752269683,238.70983379579607,234.49447209710226,236.64242553710938,3122400,0.0,0.0
2022-01-11 00:00:00-05:00,235.81900227883818,236.2307140198483,232.98192218160537,234.59288024902344,3206200,0.0,0.0
2022-01-12 00:00:00-05:00,235.71165854606946,236.23076395962008,232.94616446850227,233.5189666748047,3044000,0.0,0.0
2022-01-13 00:00:00-05:00,233.9574737548828,236.14123412805134,233.2235812513553,233.9574737548828,2371300,0.0,0.0
2022-01-14 00:00:00-05:00,233.71585405940883,233.80533050170715,230.15381218663114,230.6460418701172,3460100,0.0,0.0
2022-01-18 00:00:00-05:00,229.97480136830976,230.10011208606286,227.60310211458463,229.54522705078125,3076500,0.0,0.0
2022-01-19 00:00:00-05:00,230.50283968597859,230.860854703472,228.29224444159692,228.41754150390625,2304700,0.0,0.0
2022-01-20 00:00:00-05:00,229.67050919282502,231.0040249840048,226.34117168673296,226.54702758789062,2602200,0.0,0.0
2022-01-21 00:00:00-05:00,227.36147061814705,231.31729375773057,227.04823476842677,227.8537139892578,3738100,0.0,0.0
2022-01-24 00:00:00-05:00,225.87578316001,227.25405078357994,221.75885645793284,226.9766082763672,5153100,0.0,0.0
2022-01-25 00:00:00-05:00,224.4885494442798,226.0100175548914,221.12341885146267,224.3542938232422,3908600,0.0,0.0
2022-01-26 00:00:00-05:00,226.4306559050016,227.51359113769095,221.83044470678263,223.61146545410156,3839000,0.0,0.0
2022-01-27 00:00:00-05:00,223.38772779969952,225.94737933106697,219.4945468877721,222.6180419921875,5199000,0.0,0.0
2022-01-28 00:00:00-05:00,223.74573931869853,229.42888655993593,221.2039909975636,229.19618225097656,3833200,0.0,0.0
2022-01-31 00:00:00-05:00,228.238527034193,232.24804632225855,227.71943534970057,232.20330810546875,3174200,0.0,0.0
2022-02-01 00:00:00-05:00,232.47183706365246,232.60607905273451,228.73975954724523,231.79164123535156,2496500,0.0,0.0
2022-02-02 00:00:00-05:00,231.64838244805514,235.0314162861196,231.34409157838562,234.736083984375,2371500,0.0,0.0
2022-02-03 00:00:00-05:00,234.48550461955364,235.2014799681176,232.75819428942918,233.26834106445312,2242200,0.0,0.0
2022-02-04 00:00:00-05:00,232.579203382201,234.24388578975595,230.71765095555372,232.74925231933594,1989700,0.0,0.0
2022-02-07 00:00:00-05:00,233.59053467711675,234.1096127365845,231.95272800329502,232.56130981445312,1959300,0.0,0.0
2022-02-08 00:00:00-05:00,233.14307101450652,234.82564342103694,231.8901002796584,232.7671661376953,2920000,0.0,0.0
2022-02-09 00:00:00-05:00,234.47658486279593,235.27313283417757,232.16754076567017,232.5702667236328,2379300,0.0,0.0
2022-02-10 00:00:00-05:00,231.44258686453307,233.08935214764065,229.08877743229036,229.89425659179688,3246600,0.0,0.0
2022-02-11 00:00:00-05:00,229.89422825330038,231.58575886119309,227.97896560099522,228.3638153076172,3592700,0.0,0.0
2022-02-14 00:00:00-05:00,229.03508492881795,229.33937584753906,225.24929730176342,226.77972412109375,2825800,0.0,0.0
2022-02-15 00:00:00-05:00,228.05955060576403,229.939020170443,226.9318634044145,227.15560913085938,2171500,0.0,0.0
2022-02-16 00:00:00-05:00,227.11979537360887,227.86263275728354,224.81968295780678,226.51119995117188,2941800,0.0,0.0
2022-02-17 00:00:00-05:00,225.070292023918,226.32327625632965,223.74572117832176,224.5780487060547,2831900,0.0,0.0
2022-02-18 00:00:00-05:00,224.05001055524264,225.79522443727313,223.75466456653672,224.28271484375,2813500,0.0,0.0
2022-02-22 00:00:00-05:00,223.75464918833592,227.95212078557878,223.3877166121516,226.1621551513672,3980500,0.0,0.0
2022-02-23 00:00:00-05:00,226.9050137743274,227.19141485766804,221.13237679475125,221.76780700683594,3497200,0.0,0.0
2022-02-24 00:00:00-05:00,217.41819882253432,219.78991180476672,214.44686256627307,219.29766845703125,4856000,0.0,0.0
2022-02-25 00:00:00-05:00,220.16580581485573,223.32509453749537,218.04470059228314,223.2534942626953,4549700,0.0,0.0
2022-02-28 00:00:00-05:00,219.98661088413985,221.13856060832975,218.1146891492503,220.28359985351562,4410400,1.38,0.0
2022-03-01 00:00:00-05:00,218.0607176916855,219.23067062151333,214.46087097364637,215.65782165527344,3910700,0.0,0.0
2022-03-02 00:00:00-05:00,216.75576822211897,218.45669518604234,215.63981083594848,216.83676147460938,4482000,0.0,0.0
2022-03-03 00:00:00-05:00,216.89973948308483,218.09669005460813,212.10294252466102,212.9759063720703,4707400,0.0,0.0
2022-03-04 00:00:00-05:00,211.14898369705813,212.74191955524407,208.46710200586995,212.21994018554688,4184100,0.0,0.0
2022-03-07 00:00:00-05:00,210.86999463992672,210.86999463992672,201.76238788668195,201.8883819580078,5425000,0.0,0.0
2022-03-08 00:00:00-05:00,201.88838997821642,206.7571855927329,199.97146735116357,200.50244140625,5258800,0.0,0.0
2022-03-09 00:00:00-05:00,204.10230488480357,204.5162933029095,199.8004891209566,200.2144775390625,5630500,0.0,0.0
2022-03-10 00:00:00-05:00,198.17155491196246,199.83648947695468,195.90364768226456,199.79148864746094,5444900,0.0,0.0
2022-03-11 00:00:00-05:00,202.25737699902066,206.19020483695428,201.77139003994193,204.17428588867188,6126300,0.0,0.0
2022-03-14 00:00:00-04:00,204.09329667812918,205.5872362747485,200.8354399826428,203.55331420898438,4436100,0.0,0.0
2022-03-15 00:00:00-04:00,205.17324294330126,211.1040003591433,205.17324294330126,209.3040771484375,5087400,0.0,0.0
2022-03-16 00:00:00-04:00,211.373970561866,214.37985265659935,210.9149951026088,214.3168487548828,4173200,0.0,0.0
2022-03-17 00:00:00-04:00,212.78692309602616,213.71388244628906,211.0769878150658,213.71388244628906,3752800,0.0,0.0
2022-03-18 00:00:00-04:00,213.4979071563302,215.26183810502692,212.38196345316797,215.0188446044922,5336500,0.0,0.0
2022-03-21 00:00:00-04:00,215.6128235589081,216.07179907764097,210.65403958556658,211.77899169921875,3704000,0.0,0.0
2022-03-22 00:00:00-04:00,213.32686805648927,214.58682239670216,212.81389714196354,214.298828125,2938100,0.0,0.0
2022-03-23 00:00:00-04:00,213.40787125539592,214.1998280239309,212.34590956267138,212.4989013671875,2200500,0.0,0.0
2022-03-24 00:00:00-04:00,213.79489864387767,216.9267615058767,212.81394368943907,216.22479248046875,2337500,0.0,0.0
2022-03-25 00:00:00-04:00,216.4767519950594,217.65571319774634,215.47779409388573,217.4127197265625,2134800,0.0,0.0
2022-03-28 00:00:00-04:00,217.70969843151144,218.6456523865658,215.86477453656886,218.63665771484375,2041800,0.0,0.0
2022-03-29 00:00:00-04:00,221.70555232134038,223.77545307773903,220.28361130269266,223.34347534179688,2657400,0.0,0.0
2022-03-30 00:00:00-04:00,222.7495013567485,225.44039161345626,222.7495013567485,224.11744689941406,2227300,0.0,0.0
2022-03-31 00:00:00-04:00,224.73843497220938,226.2053769254756,222.5425262451172,222.5425262451172,3803400,0.0,0.0
2022-04-01 00:00:00-04:00,223.29848387074415,224.47743145443326,221.5525560438999,224.31544494628906,2023000,0.0,0.0
2022-04-04 00:00:00-04:00,222.10152131105582,222.53351277428297,218.13270101854928,222.1375274658203,2500700,0.0,0.0
2022-04-05 00:00:00-04:00,221.4805627460555,224.75642253159137,220.87757636920998,223.6494598388672,2532500,0.0,0.0
2022-04-06 00:00:00-04:00,222.866506902337,227.1323301520665,221.3725672377786,226.3043670654297,2886000,0.0,0.0
2022-04-07 00:00:00-04:00,225.70137592679066,229.92219825807757,224.57642386545942,228.91424560546875,4041800,0.0,0.0
2022-04-08 00:00:00-04:00,227.7262944163476,229.55322923602938,225.81838007463347,226.3043670654297,2551000,0.0,0.0
2022-04-11 00:00:00-04:00,226.1153884021382,227.63632594816463,224.92743230737446,225.39541625976562,2326700,0.0,0.0
2022-04-12 00:00:00-04:00,225.64736131840553,227.051299174897,223.91044207429908,224.24342346191406,2724900,0.0,0.0
2022-04-13 00:00:00-04:00,224.41445226469406,226.48436694148256,224.10846857944796,226.1873779296875,2133800,0.0,0.0
2022-04-14 00:00:00-04:00,226.18733111913622,228.3472332804107,225.37735750941602,225.44935607910156,2105900,0.0,0.0
2022-04-18 00:00:00-04:00,224.65741273342448,227.2313033914775,224.20743194517974,225.94435119628906,1426600,0.0,0.0
2022-04-19 00:00:00-04:00,225.02639444041867,230.35417924465787,225.02639444041867,229.85018920898438,2324500,0.0,0.0
2022-04-20 00:00:00-04:00,230.39017673953472,232.00111574355748,229.32822861014176,230.25518798828125,2278700,0.0,0.0
2022-04-21 00:00:00-04:00,231.87511241670978,233.63902955138133,229.3822285465232,229.7152099609375,2476900,0.0,0.0
2022-04-22 00:00:00-04:00,229.49020292048723,229.49020292048723,224.93639952245252,225.1433868408203,2643600,0.0,0.0
2022-04-25 00:00:00-04:00,224.49543031519335,227.8072963201711,223.127484765377,227.58230590820312,2523000,0.0,0.0
2022-04-26 00:00:00-04:00,225.10736058848258,227.1592715840984,223.48742724133277,223.71241760253906,2948500,0.0,0.0
2022-04-27 00:00:00-04:00,223.17248364689718,225.86337389419137,222.33552591319528,222.41651916503906,2706500,0.0,0.0
2022-04-28 00:00:00-04:00,224.93636384253463,230.7321176960882,223.26243501981463,228.76119995117188,3547400,0.0,0.0
2022-04-29 00:00:00-04:00,228.84223504274587,229.35521974736739,223.91044930916485,224.23443603515625,3388000,0.0,0.0
2022-05-02 00:00:00-04:00,225.76439220004295,226.38536796908392,218.02471610121117,221.966552734375,3418700,0.0,0.0
2022-05-03 00:00:00-04:00,222.6414897274567,223.04646968289805,218.04268560763063,221.27354431152344,2562000,0.0,0.0
2022-05-04 00:00:00-04:00,221.5345746373148,229.292240071392,221.5345746373148,228.87826538085938,3289300,0.0,0.0
2022-05-05 00:00:00-04:00,227.59129665498077,229.03124075966613,222.09253053204662,224.01844787597656,2925900,0.0,0.0
2022-05-06 00:00:00-04:00,223.36147031988324,227.19530176853775,222.92048419497362,225.69236755371094,2964500,0.0,0.0
2022-05-09 00:00:00-04:00,222.29056589581495,224.90044963809802,222.1015678744892,222.73155212402344,2918900,0.0,0.0
2022-05-10 00:00:00-04:00,224.08142322104266,225.78234994009102,220.4275679242693,221.1025390625,3070800,0.0,0.0
2022-05-11 00:00:00-04:00,220.73360887593833,222.10154076567264,218.87968998058534,219.97763061523438,2833200,0.0,0.0
2022-05-12 00:00:00-04:00,220.7785728789836,221.73252991980596,216.9987234029595,219.76161193847656,2861000,0.0,0.0
2022-05-13 00:00:00-04:00,222.4255003047441,222.45249805371606,218.04269177885848,220.52658081054688,3255200,0.0,0.0
2022-05-16 00:00:00-04:00,220.0046439489105,220.92259499865966,216.64777690957857,219.62664794921875,2147100,0.0,0.0
2022-05-17 00:00:00-04:00,221.3905300154135,222.2904915195412,215.50478782064036,217.45770263671875,3204900,0.0,0.0
2022-05-18 00:00:00-04:00,215.5048069254294,216.06277871311022,207.32414569111677,207.93612670898438,3946100,0.0,0.0
2022-05-19 00:00:00-04:00,206.5411825721441,208.92607526577743,205.4972238437777,206.09120178222656,3518300,0.0,0.0
2022-05-20 00:00:00-04:00,208.23310813936473,210.644998505394,205.72220772107354,210.510009765625,3208200,0.0,0.0
2022-05-23 00:00:00-04:00,212.17495315752342,214.99183750969158,210.14104477698064,214.1908721923828,3053500,0.0,0.0
2022-05-24 00:00:00-04:00,213.7408748829865,221.21055873062514,213.695874057599,220.05860900878906,5258200,0.0,0.0
2022-05-25 00:00:00-04:00,218.3126861398749,221.1205619319234,217.4217192140176,219.59962463378906,2641700,0.0,0.0
2022-05-26 00:00:00-04:00,221.3905375455768,224.3874111041335,221.03055842461083,223.27145385742188,1972300,0.0,0.0
2022-05-27 00:00:00-04:00,224.54040486468648,226.67330932617188,223.89243145546905,226.67330932617188,2063800,0.0,0.0
2022-05-31 00:00:00-04:00,224.99040313488518,228.84223773796847,223.75746012004984,226.9793243408203,3924700,0.0,0.0
2022-06-01 00:00:00-04:00,227.86130656961586,228.06829391697215,223.36149803901742,224.3424530029297,2264100,0.0,0.0
2022-06-02 00:00:00-04:00,224.63045891017285,225.38642348649174,221.58858379246988,225.33242797851562,2089700,0.0,0.0
2022-06-03 00:00:00-04:00,224.8165436150921,226.48166078923728,224.58126177268568,224.75320434570312,1838900,1.38,0.0
2022-06-06 00:00:00-04:00,225.40479285143533,225.81201731006976,223.8211314390769,224.4907989501953,1569300,0.0,0.0
2022-06-07 00:00:00-04:00,222.61755323413507,226.04730539727606,222.19222590986683,225.27810668945312,2782000,0.0,0.0
2022-06-08 00:00:00-04:00,224.33694592577118,224.86181822352725,221.61305326121996,222.26461791992188,2101300,0.0,0.0
2022-06-09 00:00:00-04:00,220.46379668573607,222.6175809526762,219.0249302692124,219.142578125,2682600,0.0,0.0
2022-06-10 00:00:00-04:00,216.44577704169367,216.74441198163464,214.6177893125003,214.81687927246094,1992300,0.0,0.0
2022-06-13 00:00:00-04:00,210.6631639388212,217.27835562642255,210.5636189528674,215.80328369140625,4697000,0.0,0.0
2022-06-14 00:00:00-04:00,217.15165462506715,219.81219414590103,215.9390119875682,216.06570434570312,3564800,0.0,0.0
2022-06-15 00:00:00-04:00,217.06115553858902,218.6176695531958,213.67663993781724,216.19239807128906,3152100,0.0,0.0
2022-06-16 00:00:00-04:00,213.6404569072835,214.76259913903715,211.59527622571986,212.83505249023438,3272000,0.0,0.0
2022-06-17 00:00:00-04:00,211.95725555913677,213.10654519595795,210.10210647505403,212.10205078125,7236300,0.0,0.0
2022-06-21 00:00:00-04:00,213.76715829523337,217.27836654891348,211.88486179884984,216.81683349609375,3263500,0.0,0.0
2022-06-22 00:00:00-04:00,216.0928479061023,221.30536496802705,215.70372631599867,219.9569854736328,3054300,0.0,0.0
2022-06-23 00:00:00-04:00,220.53615603270526,221.79403508941274,217.60412894686036,220.4275665283203,1937000,0.0,0.0
2022-06-24 00:00:00-04:00,221.94786368568796,224.42742977602262,221.25106265627608,224.33692932128906,3104800,0.0,0.0
2022-06-27 00:00:00-04:00,224.33695366920287,225.12426904722858,223.13338310288975,223.54965209960938,2059200,0.0,0.0
2022-06-28 00:00:00-04:00,223.5767564827978,226.20111755749053,219.46829301887132,219.7488250732422,2381700,0.0,0.0
2022-06-29 00:00:00-04:00,222.7442294667273,225.21473729270448,221.8121327534135,224.19215393066406,2997200,0.0,0.0
2022-06-30 00:00:00-04:00,224.6536861582118,224.96136563691238,222.11982510350228,223.41390991210938,2786200,0.0,0.0
2022-07-01 00:00:00-04:00,222.93429929498717,229.07889989558802,222.6175614687115,228.916015625,2531400,0.0,0.0
2022-07-05 00:00:00-04:00,227.27802017470555,228.9521819693957,225.92965450168876,228.30966186523438,2390700,0.0,0.0
2022-07-06 00:00:00-04:00,228.47258771935648,228.825517450933,225.66723891359138,227.55859375,1948600,0.0,0.0
2022-07-07 00:00:00-04:00,229.18748006999442,230.68969938799864,227.305183661007,228.8979034423828,2396700,0.0,0.0
2022-07-08 00:00:00-04:00,228.59022076183166,230.41820858215857,228.33683603805503,229.1693878173828,1450300,0.0,0.0
2022-07-11 00:00:00-04:00,228.11964515270597,231.12406996377527,228.11964515270597,229.20558166503906,1478100,0.0,0.0
2022-07-12 00:00:00-04:00,228.9250396675815,231.32314993735324,226.92509551532498,227.57666015625,2112800,0.0,0.0
2022-07-13 00:00:00-04:00,225.29620989404893,230.58111110404155,224.66273426394517,228.653564453125,2205300,0.0,0.0
2022-07-14 00:00:00-04:00,226.13780625653777,229.04269992221342,225.89346605083387,228.59022521972656,2371000,0.0,0.0
2022-07-15 00:00:00-04:00,229.875242385694,232.01998177814698,229.3594146177523,230.77113342285156,2627200,0.0,0.0
2022-07-18 00:00:00-04:00,230.97928628460429,231.2960102846876,228.11059838761196,228.4273223876953,2164400,0.0,0.0
2022-07-19 00:00:00-04:00,229.74855907526427,232.22811160449368,228.92505180371154,232.11952209472656,2181300,0.0,0.0
2022-07-20 00:00:00-04:00,232.3729049537983,232.49055279405428,229.37752466040752,230.38201904296875,2183700,0.0,0.0
2022-07-21 00:00:00-04:00,229.84809523850814,230.58110201816123,228.3368314490587,229.3775177001953,2056500,0.0,0.0
2022-07-22 00:00:00-04:00,229.63092117630188,230.33678063721354,228.45448413863824,229.84811401367188,2226600,0.0,0.0
2022-07-25 00:00:00-04:00,230.37299354600415,230.58112805805013,225.0247388563856,226.5812530517578,2860400,0.0,0.0
2022-07-26 00:00:00-04:00,225.83915956325592,234.5809736751772,225.0609025630727,232.65342712402344,5272300,0.0,0.0
2022-07-27 00:00:00-04:00,231.48605974558936,235.2054023393803,230.48156535723905,234.28236389160156,2718300,0.0,0.0
2022-07-28 00:00:00-04:00,234.20090109827984,238.9066491742149,233.07877264410075,238.41796875,2849100,0.0,0.0
2022-07-29 00:00:00-04:00,238.58990205947558,239.22337768163544,237.18724154637502,238.33651733398438,2653800,0.0,0.0
2022-08-01 00:00:00-04:00,237.58542516219333,240.2278619664761,237.46777732052777,239.1147918701172,2384000,0.0,0.0
2022-08-02 00:00:00-04:00,239.4676596157769,240.2187829383284,236.0922166796958,236.2369842529297,2375200,0.0,0.0
2022-08-03 00:00:00-04:00,236.23702180311267,237.92930032182633,235.06965700088628,237.1781768798828,2305300,0.0,0.0
2022-08-04 00:00:00-04:00,236.8252260361847,237.2595839945433,234.10131999925514,235.86598205566406,2089600,0.0,0.0
2022-08-05 00:00:00-04:00,234.96105939810963,235.3139752791969,232.63533297116817,234.59002685546875,1818500,0.0,0.0
2022-08-08 00:00:00-04:00,235.28680939418564,236.11031654108848,231.06974249640513,232.39096069335938,2253500,0.0,0.0
2022-08-09 00:00:00-04:00,232.48151237821529,235.4768929024365,231.99283193367162,235.34115600585938,2315800,0.0,0.0
2022-08-10 00:00:00-04:00,237.09675903675796,238.64421488400822,235.7393348437994,236.517578125,2967900,0.0,0.0
2022-08-11 00:00:00-04:00,238.18268281081723,238.24600827725789,234.0470576038879,234.63526916503906,2007000,0.0,0.0
2022-08-12 00:00:00-04:00,234.87960694284217,237.558277064893,234.87960694284217,237.25962829589844,1530800,0.0,0.0
2022-08-15 00:00:00-04:00,237.28681139038397,240.37269263892554,236.4180675638295,240.20980834960938,2342700,0.0,0.0
2022-08-16 00:00:00-04:00,239.84781706026664,241.73915815272684,239.14195757304768,240.97900390625,1828000,0.0,0.0
2022-08-17 00:00:00-04:00,240.6803320689837,242.49928918056202,240.3364468820322,241.45860290527344,1699100,0.0,0.0
2022-08-18 00:00:00-04:00,240.71650510177506,241.94722284921014,240.1916466781595,241.24136352539062,1591900,0.0,0.0
2022-08-19 00:00:00-04:00,240.6622555272226,242.3002117991299,240.30028127573235,241.20523071289062,1833800,0.0,0.0
2022-08-22 00:00:00-04:00,239.35912726229887,240.52651977448568,237.4315805333218,237.9564666748047,1986700,0.0,0.0
2022-08-23 00:00:00-04:00,237.6577952023799,238.31841817363096,235.76645436436604,235.7755126953125,2211100,0.0,0.0
2022-08-24 00:00:00-04:00,235.92935710362286,237.09674959580528,235.16014456820244,236.06509399414062,1777200,0.0,0.0
2022-08-25 00:00:00-04:00,237.08768783163575,237.71210513584208,235.46784826680081,237.603515625,1330400,0.0,0.0
2022-08-26 00:00:00-04:00,237.8206803096843,238.18268214648717,232.01997922593785,232.52674865722656,2357800,0.0,0.0
2022-08-29 00:00:00-04:00,231.21459502615767,232.30957617790327,230.3910876750542,231.35939025878906,2017500,0.0,0.0
2022-08-30 00:00:00-04:00,231.6670479206868,232.3186125976383,228.56307808635938,229.3956298828125,2051300,0.0,0.0
2022-08-31 00:00:00-04:00,231.27000882297475,232.64395714667293,229.47749907369092,229.55029296875,3119200,1.38,0.0
2022-09-01 00:00:00-04:00,229.13173514415166,233.4173696578013,229.07712931229608,233.36277770996094,2577800,0.0,0.0
2022-09-02 00:00:00-04:00,234.2181337596508,235.28270471590312,230.5330238454737,231.57940673828125,1791300,0.0,0.0
2022-09-06 00:00:00-04:00,231.5429782198984,233.59936753662976,230.55118745040377,231.47018432617188,2645700,0.0,0.0
2022-09-07 00:00:00-04:00,232.1525760506414,236.4109279380249,231.98880022774875,235.13706970214844,4185200,0.0,0.0
2022-09-08 00:00:00-04:00,234.61845638044284,237.55742482635736,234.14528912497812,236.64752197265625,2448900,0.0,0.0
2022-09-09 00:00:00-04:00,236.81134754470716,237.24808318343318,234.94602986086818,236.13800048828125,2007000,0.0,0.0
2022-09-12 00:00:00-04:00,236.5747630864469,237.84862164176712,236.04703160211204,236.9114227294922,2204300,0.0,0.0
2022-09-13 00:00:00-04:00,234.51834647680386,235.61934889389053,230.81504917904917,231.41558837890625,2604900,0.0,0.0
2022-09-14 00:00:00-04:00,232.02524293708177,235.00061546766534,231.45199965870484,232.6803741455078,2745200,0.0,0.0
2022-09-15 00:00:00-04:00,232.04342406558266,232.23449588522226,229.74137101172664,230.63307189941406,2289500,0.0,0.0
2022-09-16 00:00:00-04:00,229.15899832628725,232.7713131209771,229.06800250356434,231.94329833984375,4304100,0.0,0.0
2022-09-19 00:00:00-04:00,231.11532476087976,234.34546878319915,230.52389345978298,233.85414123535156,2195800,0.0,0.0
2022-09-20 00:00:00-04:00,233.02614909950336,233.38099680765743,230.0052646664427,232.3892059326172,2140200,0.0,0.0
2022-09-21 00:00:00-04:00,232.1435602992118,233.76318655267434,228.4584503173828,228.4584503173828,2438800,0.0,0.0
2022-09-22 00:00:00-04:00,227.83059300931248,227.8669830173729,225.3374539946632,225.60133361816406,2300500,0.0,0.0
2022-09-23 00:00:00-04:00,224.9371207907272,226.6568368598903,222.18920991586796,223.79063415527344,2672100,0.0,0.0
2022-09-26 00:00:00-04:00,223.78152341557936,224.0635910956175,220.5968632375706,221.7979278564453,3179100,0.0,0.0
2022-09-27 00:00:00-04:00,222.54406305811554,222.86252075717303,215.2466375810736,215.3740234375,4193800,0.0,0.0
2022-09-28 00:00:00-04:00,214.85537285176972,217.0391342239301,212.69889357144396,215.59239196777344,4202400,0.0,0.0
2022-09-29 00:00:00-04:00,215.02824514774954,216.24751161741295,211.51601964085708,213.28121948242188,3053200,0.0,0.0
2022-09-30 00:00:00-04:00,212.29855521983177,213.67250362600376,209.80541622946302,209.9510040283203,3629300,0.0,0.0
2022-10-03 00:00:00-04:00,212.4804893781879,215.51046713489953,210.83356765847688,214.13650512695312,3286700,0.0,0.0
2022-10-04 00:00:00-04:00,215.38312074450673,219.33209598324493,214.9281692962461,217.0118408203125,3685700,0.0,0.0
2022-10-05 00:00:00-04:00,215.56509392951014,218.74975399911764,214.864464826672,217.54867553710938,3033000,0.0,0.0
2022-10-06 00:00:00-04:00,217.7761518117933,218.26750714169208,213.33583520168958,213.59970092773438,2999200,0.0,0.0
2022-10-07 00:00:00-04:00,212.88089648046815,213.46323380268382,211.17027452220225,212.18026733398438,2294300,0.0,0.0
2022-10-10 00:00:00-04:00,212.3804329305651,214.97364778834557,212.3804329305651,213.78167724609375,2668700,0.0,0.0
2022-10-11 00:00:00-04:00,213.06284059919182,217.57595066170958,212.8535529610399,215.6924591064453,3169200,0.0,0.0
2022-10-12 00:00:00-04:00,215.89263903974256,218.41305977352397,215.70155334472656,215.70155334472656,2709300,0.0,0.0
2022-10-13 00:00:00-04:00,213.33582445498456,226.83877917218922,213.33582445498456,224.51852416992188,5026900,0.0,0.0
2022-10-14 00:00:00-04:00,226.63860692894585,226.95706460079265,220.56955649488603,221.25198364257812,2918300,0.0,0.0
2022-10-17 00:00:00-04:00,223.65409993940966,224.94616018533327,221.58861679818708,224.2728271484375,2758200,0.0,0.0
2022-10-18 00:00:00-04:00,226.9024690858503,227.85786985441337,224.97347948822957,226.7386932373047,3123600,0.0,0.0
2022-10-19 00:00:00-04:00,227.47573015815834,229.76868940567726,226.67501114511626,228.1581573486328,3021300,0.0,0.0
2022-10-20 00:00:00-04:00,227.06629971856407,229.06808357078017,226.61134821196868,227.2664794921875,2410700,0.0,0.0
2022-10-21 00:00:00-04:00,227.66679347781866,232.35278750436353,227.02075635877281,231.6157684326172,3254900,0.0,0.0
2022-10-24 00:00:00-04:00,232.27998710393837,233.72672923268556,230.2691096786013,232.31639099121094,4125100,0.0,0.0
2022-10-25 00:00:00-04:00,231.6339459863395,234.09977462391953,231.4792503034085,232.68942260742188,2689000,0.0,0.0
2022-10-26 00:00:00-04:00,234.60936392010976,237.20259277758308,233.04432979793208,233.49017333984375,3582600,0.0,0.0
2022-10-27 00:00:00-04:00,239.30448327893097,242.93498727636478,238.63116396079954,241.224365234375,4145700,0.0,0.0
2022-10-28 00:00:00-04:00,243.40808460353824,250.05036332751018,242.02501470276823,249.78648376464844,4647600,0.0,0.0
2022-10-31 00:00:00-04:00,248.4580870811424,248.97673840562737,246.41080552789103,248.09413146972656,3336100,0.0,0.0
2022-11-01 00:00:00-04:00,249.03130565291727,249.12230148875196,245.36439838982562,248.3579864501953,2740900,0.0,0.0
2022-11-02 00:00:00-04:00,248.40351684138713,251.74287304030412,245.95587557121414,246.01046752929688,3069900,0.0,0.0
2022-11-03 00:00:00-04:00,245.06411490837417,249.93210056121075,244.19972388802066,248.3579864501953,3225400,0.0,0.0
2022-11-04 00:00:00-04:00,250.76923249495414,250.8693084803903,247.61186847608164,249.8775177001953,3256500,0.0,0.0
2022-11-07 00:00:00-05:00,250.28698958757843,253.02577834918546,250.28698958757843,251.50625610351562,3029500,0.0,0.0
2022-11-08 00:00:00-05:00,251.91569735987443,254.3360423464177,251.5881456525988,253.31695556640625,2628800,0.0,0.0
2022-11-09 00:00:00-05:00,253.41709416327888,255.00031650217744,252.66185912095105,252.761962890625,2610800,0.0,0.0
2022-11-10 00:00:00-05:00,256.1285281532423,256.29233175958086,248.02129094059424,251.02398681640625,4510900,0.0,0.0
2022-11-11 00:00:00-05:00,251.43344748107558,252.0430946210171,244.92764752370624,246.9385528564453,4742800,0.0,0.0
2022-11-14 00:00:00-05:00,246.51997604925202,249.95940776124263,246.20150449354273,247.73924255371094,3357400,0.0,0.0
2022-11-15 00:00:00-05:00,245.90122781012334,246.61095087217515,242.34350458623888,243.70835876464844,5429100,0.0,0.0
2022-11-16 00:00:00-05:00,244.69107855141633,249.7046242069271,244.69107855141633,247.95762634277344,4132700,0.0,0.0
2022-11-17 00:00:00-05:00,247.55724825122755,249.63182541381158,246.18328621076955,248.7310028076172,2467400,0.0,0.0
2022-11-18 00:00:00-05:00,249.2406060609676,250.31428478191586,247.60276423616824,248.74014282226562,2699200,0.0,0.0
2022-11-21 00:00:00-05:00,249.90477556069084,250.20505900726423,248.49443745717113,249.78648376464844,2974200,0.0,0.0
2022-11-22 00:00:00-05:00,250.22328112601818,250.49624087094324,249.586338030485,250.00491333007812,2770400,0.0,0.0
2022-11-23 00:00:00-05:00,250.72373215749448,250.8147280007997,248.2943069726381,248.64915466308594,2514800,0.0,0.0
2022-11-25 00:00:00-05:00,249.77748404779217,250.5145032641156,248.2761218675429,250.22332763671875,1596600,0.0,0.0
2022-11-28 00:00:00-05:00,250.11410198014067,251.07859678790905,247.83934483577536,248.29429626464844,3160500,0.0,0.0
2022-11-29 00:00:00-05:00,246.58370829553914,247.42083125750383,245.1915578428208,246.95677185058594,2873500,0.0,0.0
2022-11-30 00:00:00-05:00,246.7097172749737,250.0861710823689,245.9868377100595,249.61036682128906,5196500,1.52,0.0
2022-12-01 00:00:00-05:00,249.94887466151516,250.93709191429147,248.32928630231388,250.16847229003906,2599600,0.0,0.0
2022-12-02 00:00:00-05:00,246.8835274494149,250.2142404122607,246.7096700186939,250.16847229003906,2807500,0.0,0.0
2022-12-05 00:00:00-05:00,247.9907110155972,249.40902021234183,247.05739313875299,248.5122833251953,2586900,0.0,0.0
2022-12-06 00:00:00-05:00,248.7044058784399,250.1410054234408,247.08481763036414,248.6769561767578,3573000,0.0,0.0
2022-12-07 00:00:00-05:00,249.34491611504023,250.69916644617905,246.7554013830466,247.3684539794922,2766400,0.0,0.0
2022-12-08 00:00:00-05:00,247.97243382891048,250.32406102870624,247.62471893718396,250.15936279296875,3022700,0.0,0.0
2022-12-09 00:00:00-05:00,250.36064412195557,250.86392596793956,248.63125678335302,248.924072265625,1677400,0.0,0.0
2022-12-12 00:00:00-05:00,249.06124353442416,253.19715622192044,248.1736660771653,253.11480712890625,3230500,0.0,0.0
2022-12-13 00:00:00-05:00,254.9997774898614,256.11611180876815,250.38806043336768,250.97366333007812,3390100,0.0,0.0
2022-12-14 00:00:00-05:00,251.83377881810125,253.53571595040538,249.16188719523825,251.20240783691406,2660900,0.0,0.0
2022-12-15 00:00:00-05:00,250.52536563189568,251.06522845982383,246.3345244024022,248.64041137695312,2735300,0.0,0.0
2022-12-16 00:00:00-05:00,247.43257083259957,247.99072416148283,243.17769886565597,243.50709533691406,5932500,0.0,0.0
2022-12-19 00:00:00-05:00,243.6260382612591,245.61165994904374,242.18030729747673,243.24171447753906,2160800,0.0,0.0
2022-12-20 00:00:00-05:00,244.2391603798462,245.17247840683382,242.06139039245093,244.54110717773438,1785600,0.0,0.0
2022-12-21 00:00:00-05:00,244.7515368546239,247.00249642001134,244.5959699112457,245.37374877929688,2366800,0.0,0.0
2022-12-22 00:00:00-05:00,244.5593697503513,245.33714864624184,241.24697494079624,243.18682861328125,2366700,0.0,0.0
2022-12-23 00:00:00-05:00,243.3057695846184,245.5475977877266,242.29010261813207,244.83387756347656,1269000,0.0,0.0
2022-12-27 00:00:00-05:00,245.83128075130506,246.0234286990644,243.94632641768357,244.16592407226562,1674700,0.0,0.0
2022-12-28 00:00:00-05:00,245.22735902008534,245.35547626807212,242.54633526698822,242.58291625976562,1427800,0.0,0.0
2022-12-29 00:00:00-05:00,243.34239590441064,245.0534927231234,242.37246906680426,243.33323669433594,1393900,0.0,0.0
2022-12-30 00:00:00-05:00,242.6652846021975,242.8299828370553,239.1881636279249,241.13717651367188,1720100,0.0,0.0
2023-01-03 00:00:00-05:00,241.13717563283686,241.88750482145403,237.4587754456775,241.8691864013672,2743800,0.0,0.0
2023-01-04 00:00:00-05:00,243.6260556750988,243.90055273707682,240.55157688325923,241.9241180419922,2584100,0.0,0.0
2023-01-05 00:00:00-05:00,242.2626675644164,242.2626675644164,239.169870430832,239.8835906982422,1945600,0.0,0.0
2023-01-06 00:00:00-05:00,241.3476348603197,246.9567572646737,241.00907919176925,246.5724334716797,2855400,0.0,0.0
2023-01-09 00:00:00-05:00,246.99337425411892,247.01169267633426,244.10188391092746,244.54110717773438,2654600,0.0,0.0
2023-01-10 00:00:00-05:00,244.2940015501762,246.23385498164185,244.27568313232854,246.05999755859375,1718400,0.0,0.0
2023-01-11 00:00:00-05:00,246.61819807343687,246.819505237415,244.27572994228552,245.96853637695312,2391400,0.0,0.0
2023-01-12 00:00:00-05:00,246.59984988953983,246.9841736306563,243.57111185212253,244.02862548828125,1933000,0.0,0.0
2023-01-13 00:00:00-05:00,243.75417938828645,246.09664746072738,243.2875064461193,246.041748046875,2168900,0.0,0.0
2023-01-17 00:00:00-05:00,247.07570208975582,251.98942295463047,247.07570208975582,250.8181610107422,3640200,0.0,0.0
2023-01-18 00:00:00-05:00,250.26913907875812,251.0560491949192,243.1410682135477,243.4338836669922,3276500,0.0,0.0
2023-01-19 00:00:00-05:00,244.05613739317226,246.27051624331233,241.13719741656294,241.1829376220703,2845400,0.0,0.0
2023-01-20 00:00:00-05:00,241.96068334052055,245.82210000028314,240.49663394794536,245.75804138183594,2588600,0.0,0.0
2023-01-23 00:00:00-05:00,245.99595661323596,248.12798603872707,245.00773933309577,246.40773010253906,2434000,0.0,0.0
2023-01-24 00:00:00-05:00,239.02344515974303,247.20379189159993,239.02344515974303,246.65476989746094,2517100,0.0,0.0
2023-01-25 00:00:00-05:00,247.35940002015323,249.86659464491495,245.9777273260664,249.8025360107422,3097400,0.0,0.0
2023-01-26 00:00:00-05:00,249.8024641122414,251.40376195911475,248.61293973861711,251.37631225585938,2222500,0.0,0.0
2023-01-27 00:00:00-05:00,251.6325423508975,251.9161986192303,248.86001036488082,249.30836486816406,2203200,0.0,0.0
2023-01-30 00:00:00-05:00,248.58551593772407,249.4090350456137,247.11230724439616,247.87179565429688,2862400,0.0,0.0
2023-01-31 00:00:00-05:00,242.56464859003387,244.77902753601768,240.8810012579086,244.67835998535156,5477900,0.0,0.0
2023-02-01 00:00:00-05:00,244.3306187294563,245.6482604864661,241.10973217033316,243.64434814453125,3557700,0.0,0.0
2023-02-02 00:00:00-05:00,242.38161228961678,243.37898876724034,239.7554602937015,240.84434509277344,3735600,0.0,0.0
2023-02-03 00:00:00-05:00,240.31364530907103,242.68356287265394,239.14241137949298,241.77769470214844,3008500,0.0,0.0
2023-02-06 00:00:00-05:00,242.47313815680755,245.41039665692617,241.89666634043988,245.15419006347656,2863900,0.0,0.0
2023-02-07 00:00:00-05:00,242.5005126386521,245.01683758545408,241.22863927714653,244.62338256835938,2514000,0.0,0.0
2023-02-08 00:00:00-05:00,242.56460515448865,243.29664381417015,240.14894738858868,240.4875030517578,2801800,0.0,0.0
2023-02-09 00:00:00-05:00,241.28359472688254,241.52151080384127,238.08099859610303,238.5110626220703,3534600,0.0,0.0
2023-02-10 00:00:00-05:00,238.7031661567686,240.36852253677068,238.17246261201626,240.12147521972656,3049900,0.0,0.0
2023-02-13 00:00:00-05:00,241.292708257482,244.1201392410269,240.652177982818,243.5802764892578,2418300,0.0,0.0
2023-02-14 00:00:00-05:00,243.99205325116915,244.78812262982993,242.10709902083528,243.9554443359375,2202100,0.0,0.0
2023-02-15 00:00:00-05:00,243.6443632091562,244.93455533951897,242.6195368735435,243.90972900390625,1862000,0.0,0.0
2023-02-16 00:00:00-05:00,242.54631266209333,244.96197040809844,240.90840584424123,243.24171447753906,2785400,0.0,0.0
2023-02-17 00:00:00-05:00,243.67176472072362,247.05737698247276,242.7841871012543,247.0482177734375,3055600,0.0,0.0
2023-02-21 00:00:00-05:00,246.40774536844958,247.2770046755598,244.8704780577193,245.73060607910156,2824300,0.0,0.0
2023-02-22 00:00:00-05:00,245.41035873433725,247.49662007987806,244.91623612174547,245.81297302246094,2192000,0.0,0.0
2023-02-23 00:00:00-05:00,244.95284518184806,245.10838420155818,241.53062373076511,244.1110076904297,4217000,0.0,0.0
2023-02-24 00:00:00-05:00,243.31493518289017,243.65349084727524,239.96593160442052,241.2744140625,2645300,0.0,0.0
2023-02-27 00:00:00-05:00,242.50971693888815,243.67179171396876,241.146335013656,242.2809600830078,2024800,0.0,0.0
2023-02-28 00:00:00-05:00,242.17052140780638,243.49574270519042,241.8668032111356,242.879150390625,2853400,1.52,0.0
2023-03-01 00:00:00-05:00,241.6183474182688,242.52944590461237,240.8268657153203,241.78399658203125,2058900,0.0,0.0
2023-03-02 00:00:00-05:00,241.53552706138268,247.0665746429689,241.4066700968801,246.2475128173828,2385900,0.0,0.0
2023-03-03 00:00:00-05:00,247.0297944235999,247.91328477429317,244.98670367873606,247.62799072265625,2725800,0.0,0.0
2023-03-06 00:00:00-05:00,247.7015789001165,249.20168959022794,247.47150126263065,249.07286071777344,2217600,0.0,0.0
2023-03-07 00:00:00-05:00,249.88264645497782,251.38275676115205,245.55720482868432,245.84249877929688,2766600,0.0,0.0
2023-03-08 00:00:00-05:00,244.67376814422886,244.94987818183645,242.1705502180883,244.18600463867188,2314000,0.0,0.0
2023-03-09 00:00:00-05:00,245.80574100176432,246.28429237609842,240.081408267293,240.78085327148438,2339300,0.0,0.0
2023-03-10 00:00:00-05:00,242.71352607989115,245.33638883683523,240.44035776106236,241.14898681640625,3093100,0.0,0.0
2023-03-13 00:00:00-04:00,239.62130690323306,246.09109039063173,239.62130690323306,242.11534118652344,3552400,0.0,0.0
2023-03-14 00:00:00-04:00,242.1520788676054,245.6676714946008,241.67352754887008,244.71054077148438,3194400,0.0,0.0
2023-03-15 00:00:00-04:00,243.4957686323394,245.1799527751945,241.6459634060301,245.1155242919922,3419400,0.0,0.0
2023-03-16 00:00:00-04:00,244.60017258550678,249.10968932210392,244.35169881154468,249.0084686279297,3097900,0.0,0.0
2023-03-17 00:00:00-04:00,248.08816004512386,248.45627870488534,244.53574616857446,245.9070281982422,5075300,0.0,0.0
2023-03-20 00:00:00-04:00,246.49600640833225,249.75391404313447,246.49600640833225,249.16490173339844,2108900,0.0,0.0
2023-03-21 00:00:00-04:00,248.48377517621216,249.2844406247441,246.29343221984524,248.67703247070312,3120100,0.0,0.0
2023-03-22 00:00:00-04:00,248.52064563546296,250.30605018299855,246.37630652575172,246.5235595703125,2240800,0.0,0.0
2023-03-23 00:00:00-04:00,246.63401407316073,249.84591697483268,246.63401407316073,248.13412475585938,2263800,0.0,0.0
2023-03-24 00:00:00-04:00,248.82438014398483,250.16802579766718,247.41630600574848,249.70787048339844,2229200,0.0,0.0
2023-03-27 00:00:00-04:00,250.3244846397418,253.03941215961694,249.00844721472873,252.01785278320312,2799100,0.0,0.0
2023-03-28 00:00:00-04:00,252.15591383216073,254.2082167561921,251.71418268126828,253.86770629882812,2036000,0.0,0.0
2023-03-29 00:00:00-04:00,254.9260242429069,255.98437576613566,254.41986467090814,255.33096313476562,2053400,0.0,0.0
2023-03-30 00:00:00-04:00,255.16532793228822,256.21446741992736,254.4658828834282,255.65309143066406,1788800,0.0,0.0
2023-03-31 00:00:00-04:00,256.693014529638,258.275949697721,256.3064717656997,257.3280029296875,2902500,0.0,0.0
2023-04-03 00:00:00-04:00,258.5980838933665,260.32827243139934,257.39247917316004,259.6564636230469,2352700,0.0,0.0
2023-04-04 00:00:00-04:00,258.9845821583986,260.8344152578279,258.0458755556684,259.7852478027344,2282300,0.0,0.0
2023-04-05 00:00:00-04:00,260.89881704345373,262.2700987992342,259.3250939380437,259.54595947265625,2600800,0.0,0.0
2023-04-06 00:00:00-04:00,259.92328612094883,260.89881299789124,259.1318325770945,260.3466491699219,1731000,0.0,0.0
2023-04-10 00:00:00-04:00,260.61354898961974,261.52467558193973,259.5183771286745,261.1657409667969,1941800,0.0,0.0
2023-04-11 00:00:00-04:00,260.60433203659795,262.7854633893436,260.217789275745,261.8099365234375,2732900,0.0,0.0
2023-04-12 00:00:00-04:00,261.2301721802175,263.9358876195849,260.9080578496926,262.5646057128906,2557400,0.0,0.0
2023-04-13 00:00:00-04:00,263.73334278566966,266.46666563870417,263.3099798045388,266.03411865234375,3229300,0.0,0.0
2023-04-14 00:00:00-04:00,266.23667955671766,266.83487587052247,264.6997483918583,265.9513854980469,2054700,0.0,0.0
2023-04-17 00:00:00-04:00,266.7428600015599,267.359480551558,265.2151408115282,266.2550964355469,2371000,0.0,0.0
2023-04-18 00:00:00-04:00,266.33792189619993,267.98528598080827,265.96980321821917,267.72760009765625,2086700,0.0,0.0
2023-04-19 00:00:00-04:00,267.7275091011639,268.36252554125156,267.0648844717526,268.0588073730469,2254000,0.0,0.0
2023-04-20 00:00:00-04:00,267.773543484413,268.4269841812564,266.77962047140727,267.81036376953125,2274200,0.0,0.0
2023-04-21 00:00:00-04:00,269.0252089396276,269.2184663071101,267.3594489533779,268.7859191894531,2171200,0.0,0.0
2023-04-24 00:00:00-04:00,269.4945140099385,270.04670593250324,268.4637707334966,269.8350524902344,2995200,0.0,0.0
2023-04-25 00:00:00-04:00,271.49166055987104,271.49166055987104,266.36552314365815,268.27978515625,5845200,0.0,0.0
2023-04-26 00:00:00-04:00,266.8716894348813,268.27055149651557,266.6692199707031,266.6692199707031,3290000,0.0,0.0
2023-04-27 00:00:00-04:00,267.552675160963,271.5376073498606,266.89005046397136,271.2339172363281,3142300,0.0,0.0
2023-04-28 00:00:00-04:00,271.3351257334535,272.5775504952528,270.48845582208514,272.18182373046875,2838200,0.0,0.0
2023-05-01 00:00:00-04:00,272.15429384996037,274.9888385786976,272.08986535743895,273.8660583496094,2124400,0.0,0.0
2023-05-02 00:00:00-04:00,273.6727878784471,274.6759231693841,272.0254238643946,274.3170166015625,2083800,0.0,0.0
2023-05-03 00:00:00-04:00,273.11137796055596,273.571533252666,271.16950802331354,271.694091796875,2425500,0.0,0.0
2023-05-04 00:00:00-04:00,272.46715943747915,272.69723709207983,270.08355830609406,271.6388854980469,2005300,0.0,0.0
2023-05-05 00:00:00-04:00,272.2002074210528,273.35059546552947,270.994602997293,272.9640808105469,1815800,0.0,0.0
2023-05-08 00:00:00-04:00,273.42426672638595,273.6727404610573,272.01619272528427,273.04693603515625,2969600,0.0,0.0
2023-05-09 00:00:00-04:00,274.8323918846554,275.0440453731859,272.68805220189256,273.0193786621094,1637500,0.0,0.0
2023-05-10 00:00:00-04:00,272.7616621753314,274.25256086485234,270.4240653697494,272.9365234375,1849300,0.0,0.0
2023-05-11 00:00:00-04:00,272.87206293294014,273.2770017993214,269.982274485187,271.29833984375,1955100,0.0,0.0
2023-05-12 00:00:00-04:00,271.6665260935139,272.80770240902746,270.85664815902504,272.54083251953125,1801700,0.0,0.0
2023-05-15 00:00:00-04:00,272.20020988491626,273.0009035630619,271.17867877328433,272.3198547363281,1700500,0.0,0.0
2023-05-16 00:00:00-04:00,272.35671438261875,272.5867920268505,270.5529135158239,270.7093505859375,2859500,0.0,0.0
2023-05-17 00:00:00-04:00,271.9701476777167,271.9701476777167,269.32886104779703,270.0743103027344,2802100,0.0,0.0
2023-05-18 00:00:00-04:00,269.8811027893929,270.96706263465546,267.93004867128656,270.6173400878906,2410700,0.0,0.0
2023-05-19 00:00:00-04:00,270.4240490379727,272.41192319916337,269.16322807632906,271.9977722167969,2371200,0.0,0.0
2023-05-22 00:00:00-04:00,271.99774765125017,273.0009107769904,266.09858226526205,266.2918395996094,2514700,0.0,0.0
2023-05-23 00:00:00-04:00,265.18743728429706,265.5095515428124,262.69340395354266,263.5492858886719,2943900,0.0,0.0
2023-05-24 00:00:00-04:00,263.6229563170303,264.23954862958226,261.9019520746941,263.13519287109375,2262100,0.0,0.0
2023-05-25 00:00:00-04:00,263.93590235815265,264.0463351437791,262.0216404551188,262.76708984375,2748100,0.0,0.0
2023-05-26 00:00:00-04:00,262.91430958580395,265.739669697691,262.91430958580395,263.2456359863281,2148200,0.0,0.0
2023-05-30 00:00:00-04:00,261.30377820585556,263.5309421839069,261.0737005591236,262.21490478515625,3385200,0.0,0.0
2023-05-31 00:00:00-04:00,262.17802554249477,262.9326867946332,260.76995178455064,262.3896789550781,3104900,0.0,0.0
2023-06-01 00:00:00-04:00,262.2149101348761,265.0862747309685,261.0000933947906,264.9298095703125,2605300,0.0,0.0
2023-06-02 00:00:00-04:00,265.2536100280093,268.49179487478085,264.7355027113043,268.2234802246094,2869400,1.52,0.0
2023-06-05 00:00:00-04:00,268.30675102636957,268.76934887296676,266.48411438138737,266.85418701171875,1974500,0.0,0.0
2023-06-06 00:00:00-04:00,268.1771764835463,268.5195225643191,260.886659051593,263.2551574707031,2771500,0.0,0.0
2023-06-07 00:00:00-04:00,263.1720108578382,263.4402973661372,260.2668818942616,260.812744140625,3614800,0.0,0.0
2023-06-08 00:00:00-04:00,259.95227609215016,264.6615195259217,259.05483499865824,264.4024658203125,3043700,0.0,0.0
2023-06-09 00:00:00-04:00,264.16186693199035,265.79022040423627,263.44021541310536,265.3368835449219,1975900,0.0,0.0
2023-06-12 00:00:00-04:00,266.6044614481531,267.1503236563732,265.06863282268716,266.9837951660156,1885000,0.0,0.0
2023-06-13 00:00:00-04:00,266.91896146948045,268.01994661958895,266.04001425393756,266.9652099609375,2027800,0.0,0.0
2023-06-14 00:00:00-04:00,266.54887070707025,267.899648441706,265.8179582425207,266.8634338378906,1964500,0.0,0.0
2023-06-15 00:00:00-04:00,267.98289504373344,271.52640993905953,266.6968878650636,270.7214660644531,2619200,0.0,0.0
2023-06-16 00:00:00-04:00,272.479417306885,274.3853183486388,271.21190361001067,271.7300109863281,4891200,0.0,0.0
2023-06-20 00:00:00-04:00,271.6837100690748,274.9496497415842,270.78626911593426,271.1193542480469,2729800,0.0,0.0
2023-06-21 00:00:00-04:00,271.3783990868007,273.0807557213088,270.906540262793,272.4886169433594,2837100,0.0,0.0
2023-06-22 00:00:00-04:00,272.58115892743945,273.00674105356785,269.7130465440884,271.3598937988281,1799400,0.0,0.0
2023-06-23 00:00:00-04:00,269.5557642489167,270.57348513341975,267.97368755807594,268.2234802246094,3720600,0.0,0.0
2023-06-26 00:00:00-04:00,267.97365721684366,268.07541517640686,265.5958978365284,267.46478271484375,1851800,0.0,0.0
2023-06-27 00:00:00-04:00,268.59361710413793,270.61053737203343,267.9829844273485,269.5095520019531,1815000,0.0,0.0
2023-06-28 00:00:00-04:00,269.64830902408164,269.99062692944483,267.4278166660002,269.9165954589844,1666500,0.0,0.0
2023-06-29 00:00:00-04:00,269.74082912146486,272.61820279406675,268.50107011499557,272.4424133300781,1744000,0.0,0.0
2023-06-30 00:00:00-04:00,273.0623271391169,276.7260949391649,272.83102816779274,276.08770751953125,2644700,0.0,0.0
2023-07-03 00:00:00-04:00,275.51403711209514,276.0783929399129,272.7476827523743,272.7846984863281,1601300,0.0,0.0
2023-07-05 00:00:00-04:00,273.0345044931462,275.0699464390026,272.5534128671863,274.69061279296875,2356000,0.0,0.0
2023-07-06 00:00:00-04:00,273.2288067718656,274.39453417929866,271.4894343009304,272.8587341308594,2569600,0.0,0.0
2023-07-07 00:00:00-04:00,271.7485381672914,272.34064885532257,269.7408506610289,270.2497253417969,2586500,0.0,0.0
2023-07-10 00:00:00-04:00,270.52725111398837,273.5063827726877,270.46248063049296,272.4609069824219,1703700,0.0,0.0
2023-07-11 00:00:00-04:00,273.2010743353533,273.3953575466658,269.9443670652439,272.69219970703125,1529600,0.0,0.0
2023-07-12 00:00:00-04:00,274.6258407692065,274.8756616907716,273.1177954209116,273.4971008300781,2156000,0.0,0.0
2023-07-13 00:00:00-04:00,273.2935566701464,274.46854498141846,272.9419778055072,273.1362609863281,1656900,0.0,0.0
2023-07-14 00:00:00-04:00,273.1640361974854,273.9041814792333,272.01680254035637,272.8772277832031,1550000,0.0,0.0
2023-07-17 00:00:00-04:00,273.00676090094765,274.6536082754119,272.5164082623357,272.6366882324219,1669900,0.0,0.0
2023-07-18 00:00:00-04:00,272.44240555241277,273.6266550348394,270.5827529784302,271.8410339355469,1991600,0.0,0.0
2023-07-19 00:00:00-04:00,272.932784550239,273.302857255224,271.2859370135287,272.12786865234375,1969200,0.0,0.0
2023-07-20 00:00:00-04:00,272.2943531294179,275.3012392529327,272.1093026894623,274.9034118652344,2104300,0.0,0.0
2023-07-21 00:00:00-04:00,275.39376904957805,276.957352118569,273.2288143928368,273.4971008300781,2835500,0.0,0.0
2023-07-24 00:00:00-04:00,273.85786957933465,274.7368166032939,272.80313315058356,273.219482421875,2034400,0.0,0.0
2023-07-25 00:00:00-04:00,272.1926195177327,272.86799439108927,269.83335325340124,270.490234375,2780600,0.0,0.0
2023-07-26 00:00:00-04:00,270.3884095598105,270.6937116794033,267.84412170253256,269.9258117675781,2896900,0.0,0.0
2023-07-27 00:00:00-04:00,270.15714397072367,276.5409886436334,269.70380711355824,273.1085205078125,4698300,0.0,0.0
2023-07-28 00:00:00-04:00,273.67286447123973,275.4307588100512,271.03607943248403,272.0352783203125,2843000,0.0,0.0
2023-07-31 00:00:00-04:00,271.6467615367391,272.22963948608214,268.3530663079725,271.2674560546875,3296000,0.0,0.0
2023-08-01 00:00:00-04:00,271.0823433582357,271.924274843523,268.538055152655,269.2967224121094,1916200,0.0,0.0
2023-08-02 00:00:00-04:00,268.54733905361405,271.4987158826368,267.7331622408168,267.9552001953125,2388300,0.0,0.0
2023-08-03 00:00:00-04:00,267.19652206346075,269.48175670182746,267.0577483475141,269.2504577636719,1910700,0.0,0.0
2023-08-04 00:00:00-04:00,270.53650142417445,270.9158350821513,265.30915091400146,265.5496826171875,2520500,0.0,0.0
2023-08-07 00:00:00-04:00,266.3453415770931,269.6020202636719,266.326819592938,269.6020202636719,2176800,0.0,0.0
2023-08-08 00:00:00-04:00,269.2781906307236,269.7870651941652,266.95596867991736,267.91815185546875,1948400,0.0,0.0
2023-08-09 00:00:00-04:00,267.38158003820337,268.04772212824156,266.3453652836405,266.669189453125,1895800,0.0,0.0
2023-08-10 00:00:00-04:00,267.2057520182717,268.6490549659342,265.32760598799746,266.0862731933594,2436300,0.0,0.0
2023-08-11 00:00:00-04:00,265.76251546391757,267.3445925066447,265.30917851965205,267.030029296875,1761800,0.0,0.0
2023-08-14 00:00:00-04:00,267.18731679442396,268.16802213432237,266.10482522920364,267.205810546875,1712400,0.0,0.0
2023-08-15 00:00:00-04:00,266.410090838603,267.455538175035,265.6421626603473,266.73388671875,1883800,0.0,0.0
2023-08-16 00:00:00-04:00,266.05849859096196,267.27050253685445,263.70849392198335,264.0508117675781,1829400,0.0,0.0
2023-08-17 00:00:00-04:00,264.7447320465199,265.10557190602435,260.70163153622275,260.775634765625,2148400,0.0,0.0
2023-08-18 00:00:00-04:00,260.6461180680213,262.51500310519395,259.3323278297007,260.66461181640625,2624500,0.0,0.0
2023-08-21 00:00:00-04:00,260.62765573556754,261.1735178433902,257.8335464824701,259.0918273925781,2682600,0.0,0.0
2023-08-22 00:00:00-04:00,259.75790201031015,259.81341148247134,258.2128130758873,259.341552734375,2052300,0.0,0.0
2023-08-23 00:00:00-04:00,260.92365528609486,261.96913084102187,259.6561418202911,260.7848815917969,2308800,0.0,0.0
2023-08-24 00:00:00-04:00,260.6646807669763,263.4495294283588,260.6646807669763,261.22906494140625,2006400,0.0,0.0
2023-08-25 00:00:00-04:00,263.458762511345,264.73553722063315,262.3022677724586,263.2922058105469,3725200,0.0,0.0
2023-08-28 00:00:00-04:00,263.29220425152704,264.791045141426,262.3022662193004,262.45953369140625,2317600,0.0,0.0
2023-08-29 00:00:00-04:00,262.70936691875903,263.28298381513827,259.452659530692,262.37628173828125,2348500,0.0,0.0
2023-08-30 00:00:00-04:00,262.57051175662895,264.5874597134388,262.09868117909343,262.97760009765625,2410700,0.0,0.0
2023-08-31 00:00:00-04:00,263.43342075466325,263.9822176128698,261.2661372845752,261.51727294921875,2979800,1.52,0.0
2023-09-01 00:00:00-04:00,262.8102074259085,263.36831503457546,259.6383247096256,261.3219299316406,2136400,0.0,0.0
2023-09-05 00:00:00-04:00,261.3777384349739,261.97306078861743,259.5732065819735,259.6662292480469,2410300,0.0,0.0
2023-09-06 00:00:00-04:00,258.5872570720365,259.1918618878835,255.79674710363324,256.2060241699219,2705800,0.0,0.0
2023-09-07 00:00:00-04:00,257.88962447796496,259.50811114392815,256.81993468854637,258.8941955566406,3732800,0.0,0.0
2023-09-08 00:00:00-04:00,258.66160817234476,260.7731118075881,258.44768728350857,259.7220153808594,2351300,0.0,0.0
2023-09-11 00:00:00-04:00,260.1592465223695,260.5685235884964,259.1081498928406,260.224365234375,2433200,0.0,0.0
2023-09-12 00:00:00-04:00,259.9731628365714,261.84281332267193,258.2988684576819,261.10797119140625,1450200,0.0,0.0
2023-09-13 00:00:00-04:00,262.00099984862595,263.13580839906746,261.01499351999735,262.093994140625,1724300,0.0,0.0
2023-09-14 00:00:00-04:00,263.5449882440383,265.6564917877143,262.8380785222142,264.8751525878906,2219700,0.0,0.0
2023-09-15 00:00:00-04:00,264.03797946454876,264.03797946454876,258.3360625721013,258.8011474609375,5730700,0.0,0.0
2023-09-18 00:00:00-04:00,259.25701336875557,260.698765680047,257.5920009289288,258.32684326171875,2884800,0.0,0.0
2023-09-19 00:00:00-04:00,257.1361709889188,258.8290870299704,257.1361709889188,258.7081604003906,2128100,0.0,0.0
2023-09-20 00:00:00-04:00,259.2755196597505,260.6986783111066,257.7872706964853,257.84307861328125,1979300,0.0,0.0
2023-09-21 00:00:00-04:00,257.60127405346014,257.8338165462226,252.0946553347699,252.28070068359375,2370100,0.0,0.0
2023-09-22 00:00:00-04:00,252.44816068396264,254.5317610208888,251.9179569116284,253.21090698242188,1958300,0.0,0.0
2023-09-25 00:00:00-04:00,251.56448003280732,252.78300042399744,250.1320103291166,250.94125366210938,1895500,0.0,0.0
2023-09-26 00:00:00-04:00,250.04826268964106,250.49472604454732,247.96466294946592,249.0250701904297,2251600,0.0,0.0
2023-09-27 00:00:00-04:00,249.02507626953997,249.22971477437778,243.97426073814924,245.22999572753906,2735000,0.0,0.0
2023-09-28 00:00:00-04:00,245.77883615014377,247.71357731384083,244.7556434443988,247.04385375976562,2182400,0.0,0.0
2023-09-29 00:00:00-04:00,248.4949138972214,248.69955243603826,243.47200149216872,245.0439910888672,3367100,0.0,0.0
2023-10-02 00:00:00-04:00,243.70451915900065,243.76963786620044,239.4815397719093,239.7512969970703,4425000,0.0,0.0
2023-10-03 00:00:00-04:00,239.2489974922073,240.26287929996772,236.14223336167183,236.7189483642578,3408100,0.0,0.0
2023-10-04 00:00:00-04:00,237.50026927272043,238.35602383069633,236.27243825914707,237.94674682617188,2820000,0.0,0.0
2023-10-05 00:00:00-04:00,238.12350490573434,239.84432497396145,234.0121554695383,234.61676025390625,3799600,0.0,0.0
2023-10-06 00:00:00-04:00,232.54246574702475,233.30521184744254,228.57063645795117,230.8867645263672,5130700,0.0,0.0
2023-10-09 00:00:00-04:00,230.42172262995584,232.53321258740903,229.99383816802987,232.4680938720703,2782300,0.0,0.0
2023-10-10 00:00:00-04:00,234.14237575170904,235.73295838266998,233.0075673024394,233.9563446044922,3129600,0.0,0.0
2023-10-11 00:00:00-04:00,234.95160586863943,235.04462853366306,231.97506510034034,233.39822387695312,2919400,0.0,0.0
2023-10-12 00:00:00-04:00,234.11445412283953,234.54232430982427,228.7101695120439,228.99851989746094,3528300,0.0,0.0
2023-10-13 00:00:00-04:00,229.58453024398992,231.43555917029968,228.82178415072005,230.97047424316406,2646500,0.0,0.0
2023-10-16 00:00:00-04:00,231.81694036428502,232.99826009484204,230.74725067158445,232.48666381835938,2774700,0.0,0.0
2023-10-17 00:00:00-04:00,232.6261934944547,233.84471382715512,231.96578079491886,233.60287475585938,2627500,0.0,0.0
2023-10-18 00:00:00-04:00,235.1934793132684,239.13739084740013,234.71908355149023,238.1514129638672,4559200,0.0,0.0
2023-10-19 00:00:00-04:00,238.36533994983753,244.2253987757319,238.36533994983753,240.33729553222656,5646200,0.0,0.0
2023-10-20 00:00:00-04:00,240.87678594537007,242.16042493104118,239.57455378111396,240.0861358642578,3779200,0.0,0.0
2023-10-23 00:00:00-04:00,238.69088732165315,239.27689890763827,236.76544298569218,236.96078491210938,3409800,0.0,0.0
2023-10-24 00:00:00-04:00,236.89567283888525,239.7606121424711,236.89567283888525,239.3048095703125,2468000,0.0,0.0
2023-10-25 00:00:00-04:00,240.09546115606778,241.31398151052966,238.9978674360468,240.01174926757812,2759100,0.0,0.0
2023-10-26 00:00:00-04:00,240.3186616112159,241.41628357505226,237.8258133007656,237.96534729003906,2702600,0.0,0.0
2023-10-27 00:00:00-04:00,238.63509659255084,241.26749352775718,237.0724178416816,237.9002685546875,3209000,0.0,0.0
2023-10-30 00:00:00-04:00,241.93722172686725,243.7603469714752,236.82128674696497,241.9837188720703,6305100,0.0,0.0
2023-10-31 00:00:00-04:00,245.0625390407725,245.2764883239465,241.61161686932758,243.86264038085938,3990600,0.0,0.0
2023-11-01 00:00:00-04:00,244.6346943867903,244.99747428917388,241.68604318490506,243.67662048339844,3543000,0.0,0.0
2023-11-02 00:00:00-04:00,245.1834877827448,248.74605450151986,245.1090866786197,248.21585083007812,4109700,0.0,0.0
2023-11-03 00:00:00-04:00,248.87624617112817,249.8529131722644,246.9507877427415,249.1645965576172,3126500,0.0,0.0
2023-11-06 00:00:00-05:00,249.2948869248619,250.3180512818805,248.63444574379446,250.1320343017578,3090600,0.0,0.0
2023-11-07 00:00:00-05:00,250.02974227731775,250.95063009242693,249.38792255845527,249.90884399414062,2360800,0.0,0.0
2023-11-08 00:00:00-05:00,250.05758158516295,251.20170087217454,248.61582948027973,248.8111572265625,2223300,0.0,0.0
2023-11-09 00:00:00-05:00,249.5088117070894,249.60183439184956,247.3694318902954,248.27169799804688,2501700,0.0,0.0
2023-11-10 00:00:00-05:00,248.6623265934948,249.40647960441865,246.69037079098257,249.09022521972656,2664900,0.0,0.0
2023-11-13 00:00:00-05:00,248.72744096057895,250.8854420747679,248.59723192752557,250.40176391601562,2591900,0.0,0.0
2023-11-14 00:00:00-05:00,251.14584017147126,252.68992541002007,250.54123549280868,252.5317840576172,2647800,0.0,0.0
2023-11-15 00:00:00-05:00,253.4061625084849,254.02938879089126,250.23427995007876,251.50863647460938,2575900,0.0,0.0
2023-11-16 00:00:00-05:00,252.1411844285688,256.8757462417383,252.10396968097115,256.8385314941406,3593700,0.0,0.0
2023-11-17 00:00:00-05:00,257.2385094320893,257.7687131598767,255.93627707250855,256.494384765625,2604800,0.0,0.0
2023-11-20 00:00:00-05:00,256.1223000188733,260.26153924197376,255.8153280405813,259.5453186035156,3499400,0.0,0.0
2023-11-21 00:00:00-05:00,260.3266275283681,261.0707804292834,258.9871806932511,260.8847351074219,2940800,0.0,0.0
2023-11-22 00:00:00-05:00,261.610289120856,262.689289630814,261.56379197962553,262.2427978515625,2285000,0.0,0.0
2023-11-24 00:00:00-05:00,262.307881028758,262.8566777989949,261.4056151961411,262.8101806640625,1218000,0.0,0.0
2023-11-27 00:00:00-05:00,262.92180367931365,264.0752051678254,261.46143025496895,262.1590576171875,3703900,0.0,0.0
2023-11-28 00:00:00-05:00,261.8428047741527,263.7403591583999,261.7032849782221,262.3916015625,2199600,0.0,0.0
2023-11-29 00:00:00-05:00,262.5032851485145,262.7451384482341,259.98253222968793,260.80108642578125,2433400,0.0,0.0
2023-11-30 00:00:00-05:00,262.4011494183427,264.1416182535924,260.1927803752836,263.7298889160156,5030400,1.67,0.0
2023-12-01 00:00:00-05:00,265.0493179434208,268.42733790888377,264.81538209351487,267.5851745605469,4967400,0.0,0.0
2023-12-04 00:00:00-05:00,266.67750151578235,268.9326465288639,266.67750151578235,267.7442626953125,3522900,0.0,0.0
2023-12-05 00:00:00-05:00,268.13723718462944,270.2052504846109,266.883344561402,268.1278991699219,3005300,0.0,0.0
2023-12-06 00:00:00-05:00,268.3057454959657,268.9046064897806,265.18970363229266,268.4273681640625,2765100,0.0,0.0
2023-12-07 00:00:00-05:00,269.01685014359714,269.6344441896338,267.285747768291,268.3618469238281,3131900,0.0,0.0
2023-12-08 00:00:00-05:00,268.86709620744097,269.4004767150168,266.7336027337555,267.1827697753906,3623600,0.0,0.0
2023-12-11 00:00:00-05:00,267.21084501074125,270.71988226160715,267.21084501074125,270.5701599121094,3353000,0.0,0.0
2023-12-12 00:00:00-05:00,270.54219995776543,272.95643457039415,269.971410037522,272.6944274902344,2252200,0.0,0.0
2023-12-13 00:00:00-05:00,272.9469776328681,276.9519579931947,272.8159598578485,276.9145202636719,3312300,0.0,0.0
2023-12-14 00:00:00-05:00,275.67002889782435,276.29696102402033,269.50348292611613,271.3843078613281,4626800,0.0,0.0
2023-12-15 00:00:00-05:00,271.74925271367863,273.00314548207143,267.3606137459922,268.8110046386719,6328500,0.0,0.0
2023-12-18 00:00:00-05:00,270.102259316846,271.91760334450584,269.08230269208707,271.58074951171875,2490100,0.0,0.0
2023-12-19 00:00:00-05:00,271.9925332204097,272.97505231927465,270.98191440657405,272.0486755371094,2054200,0.0,0.0
2023-12-20 00:00:00-05:00,272.0486840967888,272.9282851615869,270.16783075830875,270.42047119140625,2398500,0.0,0.0
2023-12-21 00:00:00-05:00,271.8989738212113,272.7972795132424,270.70122337962874,272.6662902832031,2313100,0.0,0.0
2023-12-22 00:00:00-05:00,272.0205860549145,273.67684139922756,271.8334259741091,272.9563293457031,1700300,0.0,0.0
2023-12-26 00:00:00-05:00,272.50717434906784,274.219572082103,272.1983916143507,274.0417785644531,1381500,0.0,0.0
2023-12-27 00:00:00-05:00,273.70490666314123,275.6980443986702,273.6674689364624,275.6231689453125,1892100,0.0,0.0
2023-12-28 00:00:00-05:00,275.5483887611068,277.41987575549564,275.10858817516043,276.8303527832031,1907100,0.0,0.0
2023-12-29 00:00:00-05:00,276.8209481968784,277.7754247091876,276.3343719255394,277.457275390625,2227800,0.0,0.0
2024-01-02 00:00:00-05:00,276.09103752866037,278.1777552795103,276.09103752866037,277.95318603515625,4458400,0.0,0.0
2024-01-03 00:00:00-05:00,277.91575649878524,278.8421332156632,275.34246245712984,275.4734802246094,3114800,0.0,0.0
2024-01-04 00:00:00-05:00,276.3437518273,278.1684343503044,272.2264865177512,272.9937744140625,4615400,0.0,0.0
2024-01-05 00:00:00-05:00,270.6263358779893,271.6743638981857,268.745511096131,270.42047119140625,3407300,0.0,0.0
2024-01-08 00:00:00-05:00,269.9712780389689,273.23701264791066,269.04487285841026,273.1434326171875,3097000,0.0,0.0
2024-01-09 00:00:00-05:00,271.0193747824257,272.1796875,269.04494129143825,272.1796875,2176400,0.0,0.0
2024-01-10 00:00:00-05:00,272.3013055969855,275.4734891528702,272.17965439656,275.1927490234375,2199700,0.0,0.0
2024-01-11 00:00:00-05:00,275.52961095814493,275.9974825824198,271.97376947968496,275.2488708496094,2047400,0.0,0.0
2024-01-12 00:00:00-05:00,276.4746993200153,276.746072864916,274.0230565149201,274.6125793457031,1714800,0.0,0.0
2024-01-16 00:00:00-05:00,274.61254077428185,275.3424192821109,271.3468063498001,272.3854675292969,2859000,0.0,0.0
2024-01-17 00:00:00-05:00,271.49657141329,273.55518951387245,271.48720484228755,272.4510192871094,2008200,0.0,0.0
2024-01-18 00:00:00-05:00,273.3212163236247,275.5576561843947,272.5913378006994,275.4453430175781,2221200,0.0,0.0
2024-01-19 00:00:00-05:00,278.85147343555144,281.73354992494063,277.4665632199863,281.2189025878906,4250900,0.0,0.0
2024-01-22 00:00:00-05:00,281.61199527076025,282.9594680877416,278.60823831473516,279.2351989746094,3250200,0.0,0.0
2024-01-23 00:00:00-05:00,278.32752925299764,280.9195282844162,278.03745107302973,280.7698059082031,1874000,0.0,0.0
2024-01-24 00:00:00-05:00,280.723066693564,282.63199154293585,280.0774013556387,281.1347961425781,3209700,0.0,0.0
2024-01-25 00:00:00-05:00,281.41550882644583,281.9488895087249,277.0643069879434,278.1123352050781,3219600,0.0,0.0
2024-01-26 00:00:00-05:00,276.3530877529801,276.961343812671,272.95636317401085,273.4803771972656,4210500,0.0,0.0
2024-01-29 00:00:00-05:00,272.9002285360642,273.94825661207494,269.7841869121367,273.52716064453125,3899700,0.0,0.0
2024-01-30 00:00:00-05:00,273.3680700186096,275.9694353326527,271.55272567464215,275.7167663574219,2524200,0.0,0.0
2024-01-31 00:00:00-05:00,276.88648499552426,278.3275379244258,272.9095752777003,273.91082763671875,3476200,0.0,0.0
2024-02-01 00:00:00-05:00,272.95631272231617,278.9731348620666,271.62754476540755,278.92633056640625,3380600,0.0,0.0
2024-02-02 00:00:00-05:00,277.04551429400124,279.01058085453235,274.50029148038203,277.9625244140625,3971600,0.0,0.0
2024-02-05 00:00:00-05:00,268.56775522551106,272.7130921410131,265.1241973892341,267.5945739746094,7581900,0.0,0.0
2024-02-06 00:00:00-05:00,264.787302474864,266.38741564124894,263.44919630973874,266.3593444824219,5927200,0.0,0.0
2024-02-07 00:00:00-05:00,266.7336024756447,271.8614857753663,265.8540015345133,268.8670959472656,3954700,0.0,0.0
2024-02-08 00:00:00-05:00,267.8097483837606,274.3131472940925,265.9382617523063,273.1715393066406,4605000,0.0,0.0
2024-02-09 00:00:00-05:00,273.37741423287827,273.7142966886189,270.3549814859433,270.86962890625,3323000,0.0,0.0
2024-02-12 00:00:00-05:00,270.4298538542887,272.47913427010195,270.2052845670621,270.8415832519531,2392300,0.0,0.0
2024-02-13 00:00:00-05:00,270.08369506397895,271.2720792225921,267.3139018476781,268.6613464355469,2756100,0.0,0.0
2024-02-14 00:00:00-05:00,268.85778018351215,269.7935235126571,268.1746772728531,269.6531677246094,2139300,0.0,0.0
2024-02-15 00:00:00-05:00,269.4004525960962,273.33058532784673,268.82029640047733,273.1059875488281,2401400,0.0,0.0
2024-02-16 00:00:00-05:00,272.104791367754,274.8278076891189,270.6731053180279,273.2557373046875,2837500,0.0,0.0
2024-02-20 00:00:00-05:00,273.23704843446853,276.51215004241595,273.0873260770251,273.84527587890625,2264000,0.0,0.0
2024-02-21 00:00:00-05:00,274.2570061340509,276.2314393879881,273.47098517232604,275.0243225097656,2076400,0.0,0.0
2024-02-22 00:00:00-05:00,275.10854210609847,277.6069893901383,274.40673460072577,276.9051818847656,3146600,0.0,0.0
2024-02-23 00:00:00-05:00,276.98006369384973,279.54399163181495,276.1098291311041,278.61761474609375,2199000,0.0,0.0
2024-02-26 00:00:00-05:00,279.04803305743764,279.4878336004438,277.35433977741076,278.028076171875,2595300,0.0,0.0
2024-02-27 00:00:00-05:00,277.72864218872184,277.72864218872184,274.47227328649876,274.8840026855469,2811200,0.0,0.0
2024-02-28 00:00:00-05:00,275.13664112191833,277.0736368864587,273.91081950628126,276.22210693359375,2507300,0.0,0.0
2024-02-29 00:00:00-05:00,276.8620378076407,277.37961338484195,274.51876047601394,275.05517578125,3601700,1.67,0.0
2024-03-01 00:00:00-05:00,274.2176350107381,275.4222000968098,272.4672347668122,273.5965270996094,3028900,0.0,0.0
2024-03-04 00:00:00-05:00,272.31667618566723,274.0764676754162,271.4979521209475,273.7941589355469,2832000,0.0,0.0
2024-03-05 00:00:00-05:00,274.3776397454992,276.2127328697973,271.89323646364915,275.2998962402344,2969600,0.0,0.0
2024-03-06 00:00:00-05:00,276.0432913381851,277.7466497755534,274.93283868455785,275.6668701171875,2348000,0.0,0.0
2024-03-07 00:00:00-05:00,276.86202493713665,277.5395945756477,273.87882881115263,273.9541015625,2237700,0.0,0.0
2024-03-08 00:00:00-05:00,272.9471751608482,276.1844490584692,271.808463019113,275.3092346191406,2482300,0.0,0.0
2024-03-11 00:00:00-04:00,274.93277254818696,278.038311492336,274.66927488496447,277.4454345703125,2893300,0.0,0.0
2024-03-12 00:00:00-04:00,278.2547727443917,278.8946916166667,276.2409036536216,276.96551513671875,2233100,0.0,0.0
2024-03-13 00:00:00-04:00,275.0363640407513,276.1750475390238,265.9456496252638,266.1903076171875,5441300,0.0,0.0
2024-03-14 00:00:00-04:00,265.77629198775867,265.8703757610624,261.45676695493773,265.126953125,4659300,0.0,0.0
2024-03-15 00:00:00-04:00,265.2775106179603,267.47960494948506,261.9743547611237,262.6895751953125,5071700,0.0,0.0
2024-03-18 00:00:00-04:00,263.0001003697867,263.7811736544254,261.68261178895796,262.16253662109375,3319400,0.0,0.0
2024-03-19 00:00:00-04:00,262.7460060648801,267.6395388756924,262.16252020503094,266.19970703125,4055400,0.0,0.0
2024-03-20 00:00:00-04:00,266.7926199497943,267.8277998803682,264.7881417022056,267.6866455078125,2867300,0.0,0.0
2024-03-21 00:00:00-04:00,267.73363717803727,268.74997718891996,265.9832658484355,266.82080078125,3653300,0.0,0.0
2024-03-22 00:00:00-04:00,267.15018052004115,267.6301340166248,265.4938929389632,265.9738464355469,2556100,0.0,0.0
2024-03-25 00:00:00-04:00,263.49887292411023,264.04467938162134,261.2779676374883,262.2001953125,2985500,0.0,0.0
2024-03-26 00:00:00-04:00,262.7648414982998,262.9812973399342,260.83566480917324,262.2001953125,2572100,0.0,0.0
2024-03-27 00:00:00-04:00,261.71081266986573,265.6632779594069,261.71081266986573,265.3997802734375,2605000,0.0,0.0
2024-03-28 00:00:00-04:00,265.6162625780149,266.6796732907432,264.6751952172425,265.3339538574219,3453900,0.0,0.0
2024-04-01 00:00:00-04:00,264.91043653902216,264.95747841489066,262.21899793164164,263.70587158203125,2408800,0.0,0.0
2024-04-02 00:00:00-04:00,263.4988612220393,263.9505838944376,261.0991509378344,261.3720397949219,2907700,0.0,0.0
2024-04-03 00:00:00-04:00,260.2709643342181,261.5790328180285,258.93463626386915,259.3016662597656,2748000,0.0,0.0
2024-04-04 00:00:00-04:00,259.96040943934133,259.96040943934133,254.01288621177574,254.1728515625,4095100,0.0,0.0
2024-04-05 00:00:00-04:00,253.54242176625138,254.6716855493991,250.66272875742655,250.97329711914062,6816000,0.0,0.0
2024-04-08 00:00:00-04:00,251.49081324471254,252.8553723020648,250.20155565320988,251.79196166992188,3753200,0.0,0.0
2024-04-09 00:00:00-04:00,250.53097989723068,253.7776741160035,249.85341017849115,253.56121826171875,3934900,0.0,0.0
2024-04-10 00:00:00-04:00,251.23682819258255,253.13777448039875,249.4864274538702,252.83665466308594,3817500,0.0,0.0
2024-04-11 00:00:00-04:00,253.61764886152687,253.97525904681373,251.40613486232883,252.7895050048828,2519200,0.0,0.0
2024-04-12 00:00:00-04:00,252.12136373881484,252.42251219122647,250.86972804808394,251.63201904296875,2708400,0.0,0.0
2024-04-15 00:00:00-04:00,252.07425973132598,252.69536756244838,250.37093030681638,250.54034423828125,3686700,0.0,0.0
2024-04-16 00:00:00-04:00,250.44624945370032,251.25555356046118,249.5239931449561,249.78749084472656,2912900,0.0,0.0
2024-04-17 00:00:00-04:00,250.794458976893,254.20111832741472,249.87220259750248,254.04115295410156,3383100,0.0,0.0
2024-04-18 00:00:00-04:00,255.0104522705078,255.30218086455432,253.00597413011903,255.0104522705078,3402700,0.0,0.0
2024-04-19 00:00:00-04:00,255.97974671020634,256.1773628182625,254.53991477045972,255.96090698242188,3017100,0.0,0.0
2024-04-22 00:00:00-04:00,257.61721467009886,260.20515015993544,256.27149510796767,259.33935546875,3129300,0.0,0.0
2024-04-23 00:00:00-04:00,260.50625188365706,261.0520582707901,258.07828221351764,260.5627136230469,3275700,0.0,0.0
2024-04-24 00:00:00-04:00,259.3017460579472,260.70392743778746,256.8079229357443,260.4404296875,4071600,0.0,0.0
2024-04-25 00:00:00-04:00,260.6944231088349,263.32942847707983,258.5299800555368,259.3581237792969,4179800,0.0,0.0
2024-04-26 00:00:00-04:00,255.24572216483088,259.8381069694125,254.43638926397028,256.99609375,3636500,0.0,0.0
2024-04-29 00:00:00-04:00,257.6924833289839,258.2571295343281,256.5349887630822,257.4289855957031,3148900,0.0,0.0
2024-04-30 00:00:00-04:00,248.75234794468645,260.5533418812671,247.1525505013539,256.9490661621094,6894400,0.0,0.0
2024-05-01 00:00:00-04:00,255.38683643600015,260.1392145894445,254.13520090328032,258.257080078125,4843200,0.0,0.0
2024-05-02 00:00:00-04:00,258.33241947353457,260.0263292948101,256.6384809331613,257.1748962402344,3084000,0.0,0.0
2024-05-03 00:00:00-04:00,257.9842275770977,258.43592154319515,253.04362378922423,254.38934326171875,2642100,0.0,0.0
2024-05-06 00:00:00-04:00,255.0856851242663,255.85736715772472,253.18473962829873,253.4293975830078,2481300,0.0,0.0
2024-05-07 00:00:00-04:00,254.12585395438788,254.71873102361494,251.25558109400427,251.73553466796875,3160000,0.0,0.0
2024-05-08 00:00:00-04:00,251.73549735845452,253.08121667604982,250.38035817795065,252.66714477539062,3259800,0.0,0.0
2024-05-09 00:00:00-04:00,252.63889080430525,252.65773052839972,251.28375174771608,252.15896606445312,3140000,0.0,0.0
2024-05-10 00:00:00-04:00,252.3661003006453,259.1511893695593,252.05553192302585,258.7935791015625,4983500,0.0,0.0
2024-05-13 00:00:00-04:00,259.15112967708006,260.4309674792171,255.16101333030443,255.3303985595703,3840700,0.0,0.0
2024-05-14 00:00:00-04:00,256.0832244839818,256.6949124741824,252.8741816022961,254.7092742919922,3143200,0.0,0.0
2024-05-15 00:00:00-04:00,255.13277775370656,258.20066677273167,254.3046625374294,257.7301330566406,2982500,0.0,0.0
2024-05-16 00:00:00-04:00,258.3323942060927,259.32050338534043,256.8361006425287,257.3913269042969,2339900,0.0,0.0
2024-05-17 00:00:00-04:00,257.9089282270859,257.9089282270859,254.95399153784194,256.32794189453125,2454500,0.0,0.0
2024-05-20 00:00:00-04:00,255.72560485497146,256.0926348669618,251.52845296903024,252.08367919921875,2651100,0.0,0.0
2024-05-21 00:00:00-04:00,252.6860001614437,253.22238671768616,249.79691654068668,250.20156860351562,2362600,0.0,0.0
2024-05-22 00:00:00-04:00,250.20156486880927,251.09559031436177,248.95934910838753,250.10745239257812,1906100,0.0,0.0
2024-05-23 00:00:00-04:00,249.50518852520082,249.96630233183043,242.41895260160774,242.7294921875,5636200,0.0,0.0
2024-05-24 00:00:00-04:00,243.49174173460398,245.11037862422927,242.34363849057794,242.89886474609375,3382900,0.0,0.0
2024-05-28 00:00:00-04:00,242.2213349060112,243.5576344377221,237.76065621345006,238.59820556640625,4324700,0.0,0.0
2024-05-29 00:00:00-04:00,238.42882942971514,238.84290137002924,234.47634934775525,234.67396545410156,4029300,0.0,0.0
2024-05-30 00:00:00-04:00,235.84087915905013,238.0523930816089,235.3609400003352,237.21484375,3597800,0.0,0.0
2024-05-31 00:00:00-04:00,239.20990663673118,243.97170502355922,238.56997338609796,243.6329345703125,6125400,0.0,0.0
2024-06-03 00:00:00-04:00,244.30541214743795,246.21872862144818,242.09850195475295,246.02928161621094,4342800,1.67,0.0
2024-06-04 00:00:00-04:00,245.64094351017792,249.19285818269532,245.55570102670416,248.8424072265625,4592700,0.0,0.0
2024-06-05 00:00:00-04:00,247.68683862340703,247.91415190238536,244.996858835131,246.256591796875,4136800,0.0,0.0
2024-06-06 00:00:00-04:00,247.12797926611518,247.96149973440436,245.25255821246458,246.94801330566406,3354300,0.0,0.0
2024-06-07 00:00:00-04:00,246.33238866280507,247.5921216578029,241.85222996764662,242.67626953125,2290100,0.0,0.0
2024-06-10 00:00:00-04:00,242.4773352783014,242.4773352783014,239.77787478803828,240.40301513671875,2866200,0.0,0.0
2024-06-11 00:00:00-04:00,239.6453017166102,241.2365669516107,238.78338143596127,240.8482208251953,2729400,0.0,0.0
2024-06-12 00:00:00-04:00,241.41652297426026,242.77097939709535,240.0241713708725,241.0376434326172,3169600,0.0,0.0
2024-06-13 00:00:00-04:00,240.19465331773878,241.283915726951,237.9119528860406,240.29884338378906,3153000,0.0,0.0
2024-06-14 00:00:00-04:00,239.50322718316173,240.22307665160005,237.37207848482524,240.18519592285156,2806600,0.0,0.0
2024-06-17 00:00:00-04:00,238.97280493359955,241.07553942527773,238.57499225311676,240.11888122558594,2532900,0.0,0.0
2024-06-18 00:00:00-04:00,240.53564009684783,240.9145196375627,236.17863377445178,237.5425567626953,2956300,0.0,0.0
2024-06-20 00:00:00-04:00,237.05003567419465,242.18373422923133,236.3301717712956,240.39356994628906,4046500,0.0,0.0
2024-06-21 00:00:00-04:00,244.63692698893885,247.64894355904585,242.10796558966678,245.6883087158203,8425800,0.0,0.0
2024-06-24 00:00:00-04:00,245.31889790265785,247.56370327016026,244.1822736860608,246.62600708007812,3901200,0.0,0.0
2024-06-25 00:00:00-04:00,246.38920687504122,246.38920687504122,242.08901434210702,243.7844696044922,3903800,0.0,0.0
2024-06-26 00:00:00-04:00,243.092985594475,244.53271321886962,241.22704563829237,244.2106475830078,2796100,0.0,0.0
2024-06-27 00:00:00-04:00,244.37171252223035,245.15785686345131,243.39612118272422,244.53274536132812,2651000,0.0,0.0
2024-06-28 00:00:00-04:00,243.9360061461489,245.78298420626007,239.50320966244357,241.3786163330078,8958700,0.0,0.0
2024-07-01 00:00:00-04:00,241.36915448671675,241.85220962945252,236.5290786797681,236.78482055664062,3817600,0.0,0.0
2024-07-02 00:00:00-04:00,236.49118351981215,237.769878451504,234.34110179853732,234.70101928710938,3944900,0.0,0.0
2024-07-03 00:00:00-04:00,235.37353048706055,237.72252585922834,235.07042685050888,236.79429626464844,2026100,0.0,0.0
2024-07-05 00:00:00-04:00,237.7414787115308,238.1392914037268,235.66715831789818,237.82672119140625,2814300,0.0,0.0
2024-07-08 00:00:00-04:00,238.46132538307444,239.23801762021904,234.00959545763624,234.75787353515625,3163900,0.0,0.0
2024-07-09 00:00:00-04:00,234.17063778137162,234.331656186628,230.66608469262,232.8351287841797,4927300,0.0,0.0
2024-07-10 00:00:00-04:00,233.95275416293734,237.324702477295,232.91085352523078,237.25840759277344,4092700,0.0,0.0
2024-07-11 00:00:00-04:00,237.94984804074335,242.1458359354241,236.67115308960604,241.3407440185547,5546400,0.0,0.0
2024-07-12 00:00:00-04:00,240.81979904552935,243.34877484539507,238.50868440399523,240.48828125,4543000,0.0,0.0
2024-07-15 00:00:00-04:00,240.24202900524324,242.2216259222777,237.92144771160372,238.2434844970703,3393600,0.0,0.0
2024-07-16 00:00:00-04:00,237.7414915951808,243.71817777662315,236.8890378446758,243.68028259277344,4173000,0.0,0.0
2024-07-17 00:00:00-04:00,245.2904882167691,248.20778136443477,244.23910646140575,247.2132568359375,3711500,0.0,0.0
2024-07-18 00:00:00-04:00,244.4001318472488,248.4729822464848,243.99285258843605,245.81141662597656,3421800,0.0,0.0
2024-07-19 00:00:00-04:00,246.63547909455463,246.68282639120258,241.55859439287067,243.6897430419922,3470600,0.0,0.0
2024-07-22 00:00:00-04:00,244.65587908034323,246.06719287881398,242.85624803520258,245.8303985595703,2759500,0.0,0.0
2024-07-23 00:00:00-04:00,245.96296891389926,246.3986912388819,240.1188873110402,240.63037109375,2653100,0.0,0.0
2024-07-24 00:00:00-04:00,233.30869465615456,240.89557881913302,233.11924765408324,239.9862823486328,5983300,0.0,0.0
2024-07-25 00:00:00-04:00,240.7629439187844,242.56257458699193,237.83617021461285,238.17715454101562,3323100,0.0,0.0
2024-07-26 00:00:00-04:00,239.54111338567193,240.63037586137872,237.50468814183793,238.68865966796875,4002900,0.0,0.0
2024-07-29 00:00:00-04:00,240.15677456300187,249.98846376867712,237.0121394184022,247.61106872558594,9381000,0.0,0.0
2024-07-30 00:00:00-04:00,247.21328916584753,253.2468042803698,246.55973447974597,252.36593627929688,4936600,0.0,0.0
2024-07-31 00:00:00-04:00,251.399806161351,253.530955039531,249.29707144532446,251.38084411621094,4652100,0.0,0.0
2024-08-01 00:00:00-04:00,252.72580338196352,254.57278140279962,248.53926783807574,254.55384826660156,4936000,0.0,0.0
2024-08-02 00:00:00-04:00,255.16953297981965,262.18811953021776,254.60122087630137,262.074462890625,9585900,0.0,0.0
2024-08-05 00:00:00-04:00,259.56446224329807,263.19213840017653,253.5403998894184,254.26974487304688,6794900,0.0,0.0
2024-08-06 00:00:00-04:00,255.60521548065492,258.7688126437951,253.9192412857599,255.79466247558594,3369300,0.0,0.0
2024-08-07 00:00:00-04:00,255.32112506720588,258.712036179453,254.39288085488306,255.1411590576172,3540000,0.0,0.0
2024-08-08 00:00:00-04:00,254.7243604871472,259.19503808052235,253.91925407646426,256.864990234375,3227200,0.0,0.0
2024-08-09 00:00:00-04:00,257.348049323324,257.348049323324,252.8584098700224,253.75823974609375,2664900,0.0,0.0
2024-08-12 00:00:00-04:00,253.33199456113255,255.29265821533954,251.31450258989514,255.22634887695312,3008100,0.0,0.0
2024-08-13 00:00:00-04:00,256.03143310546875,257.63216467638,253.4077630109023,256.03143310546875,2603600,0.0,0.0
2024-08-14 00:00:00-04:00,255.60522074265685,257.16808621912895,254.3170736483774,256.82708740234375,2242100,0.0,0.0
2024-08-15 00:00:00-04:00,257.6322222641652,261.19361811583036,257.49015145211615,260.3506164550781,2445200,0.0,0.0
2024-08-16 00:00:00-04:00,260.23695469099977,264.73604671932463,260.18960738976625,263.7793884277344,3286000,0.0,0.0
2024-08-19 00:00:00-04:00,267.4164829496645,273.0900931167262,266.8387188256829,272.3607482910156,5268800,0.0,0.0
2024-08-20 00:00:00-04:00,271.3662758918082,274.93712363628697,270.1444091738184,270.542236328125,3697600,0.0,0.0
2024-08-21 00:00:00-04:00,271.98193636242155,274.6529830937466,271.14841577345015,274.4067077636719,2686300,0.0,0.0
2024-08-22 00:00:00-04:00,274.25517279630714,275.15500278415794,272.3608182160375,273.9331359863281,1746400,0.0,0.0
2024-08-23 00:00:00-04:00,275.04130245894345,275.420167533724,271.9629767548293,274.2267150878906,2145900,0.0,0.0
2024-08-26 00:00:00-04:00,273.97098921863034,276.7746254745558,272.66388013351127,273.43109130859375,2018500,0.0,0.0
2024-08-27 00:00:00-04:00,273.81000820680896,274.9655656987474,272.84389774196524,274.3404541015625,2897600,0.0,0.0
2024-08-28 00:00:00-04:00,274.6341057211565,275.5907352638593,270.19184128901725,271.88726806640625,2603800,0.0,0.0
2024-08-29 00:00:00-04:00,272.5786269775388,273.83835981270624,269.73709565360633,272.6543884277344,1797100,0.0,0.0
2024-08-30 00:00:00-04:00,272.3702697228041,273.6205505476267,271.1673651006884,273.41217041015625,2528500,0.0,0.0
2024-09-03 00:00:00-04:00,272.811943313574,274.5744233598781,270.2873238777214,272.0116882324219,2902800,1.67,0.0
2024-09-04 00:00:00-04:00,272.9929642099804,275.2984839001173,272.459460807491,274.4029541015625,2558300,0.0,0.0
2024-09-05 00:00:00-04:00,275.32706297799297,275.8510301880685,272.69763258851157,274.3457946777344,2412500,0.0,0.0
2024-09-06 00:00:00-04:00,274.20294162364314,278.3661876993893,273.9647693852251,275.81298828125,3863600,0.0,0.0
2024-09-09 00:00:00-04:00,276.3083612241908,277.9374511067844,274.1838545051008,277.5087585449219,3208600,0.0,0.0
2024-09-10 00:00:00-04:00,278.9568034243169,282.21501189200455,277.27055472561506,277.4896545410156,2497100,0.0,0.0
2024-09-11 00:00:00-04:00,277.0704608498484,277.65161611509654,272.3070170228309,276.4988708496094,2747500,0.0,0.0
2024-09-12 00:00:00-04:00,276.44176082384314,278.8425264714268,274.6221214707058,278.51861572265625,2274200,0.0,0.0
2024-09-13 00:00:00-04:00,280.55730026925266,282.7008499535846,278.7757769611862,282.50079345703125,2205500,0.0,0.0
2024-09-16 00:00:00-04:00,283.3487020167605,285.9114080172544,281.08129813036294,282.6532287597656,2916200,0.0,0.0
2024-09-17 00:00:00-04:00,282.9485947888963,283.32015740412345,278.3471203327623,279.85235595703125,2997400,0.0,0.0
2024-09-18 00:00:00-04:00,279.9762254401002,281.1385070895135,276.6322780156082,278.2137451171875,1788200,0.0,0.0
2024-09-19 00:00:00-04:00,280.3286710122063,281.1193899000948,277.1371578129495,279.9476013183594,2271400,0.0,0.0
2024-09-20 00:00:00-04:00,279.0806765523072,283.9489026641428,278.9758656595122,282.78662109375,5817300,0.0,0.0
2024-09-23 00:00:00-04:00,284.8539432944086,286.01622476110185,282.8437839375992,284.9111022949219,2312400,0.0,0.0
2024-09-24 00:00:00-04:00,284.911127912013,287.18806824094867,283.6154850188789,286.0638732910156,2408100,0.0,0.0
2024-09-25 00:00:00-04:00,286.1210346520362,287.52148844956645,284.28235211630977,286.2544250488281,1986200,0.0,0.0
2024-09-26 00:00:00-04:00,286.9022439182387,289.89370088928723,286.51163799740874,289.2839660644531,1971100,0.0,0.0
2024-09-27 00:00:00-04:00,289.1600821202166,292.43733378223476,289.1600821202166,289.3220520019531,3402800,0.0,0.0
2024-09-30 00:00:00-04:00,289.37921870352363,290.5986591864681,287.8072880216134,290.103271484375,2286500,0.0,0.0
2024-10-01 00:00:00-04:00,290.10324241616877,290.7891794362041,287.95015667227267,288.6456298828125,3036200,0.0,0.0
2024-10-02 00:00:00-04:00,286.3591909033332,289.69360175214297,285.4065020893875,289.3887634277344,2352400,0.0,0.0
2024-10-03 00:00:00-04:00,289.1410371148847,289.6364248008861,287.0070236074896,289.0934143066406,1802500,0.0,0.0
2024-10-04 00:00:00-04:00,288.7123334367291,291.4179952532395,287.12135939874287,289.3887634277344,2432400,0.0,0.0
2024-10-07 00:00:00-04:00,289.3887832050228,290.68442612513263,285.8066637161777,286.616455078125,2091800,0.0,0.0
2024-10-08 00:00:00-04:00,288.3217697785848,288.99817072673306,286.1496112727584,287.61676025390625,2038300,0.0,0.0
2024-10-09 00:00:00-04:00,288.60753593837796,290.57960865377555,287.67389048489775,289.4554138183594,1854100,0.0,0.0
2024-10-10 00:00:00-04:00,289.64598138630333,291.2846073230743,288.59801786736455,289.655517578125,1739500,0.0,0.0
2024-10-11 00:00:00-04:00,290.0175528960449,291.0464440629636,288.6361424322009,290.60821533203125,1775600,0.0,0.0
2024-10-14 00:00:00-04:00,290.71297855602154,295.7336670882907,290.0937366570546,295.18109130859375,2376300,0.0,0.0
2024-10-15 00:00:00-04:00,297.23887304876297,300.4398931108104,296.2957205436511,298.5154724121094,3067100,0.0,0.0
2024-10-16 00:00:00-04:00,298.49648721817545,298.8870931482959,295.4383349765934,298.11541748046875,1821300,0.0,0.0
2024-10-17 00:00:00-04:00,299.1251897250708,300.1445444740639,297.6961567647301,299.8111267089844,3095200,0.0,0.0
2024-10-18 00:00:00-04:00,300.64003822602075,302.173853374492,299.36343860978326,301.58319091796875,2531200,0.0,0.0
2024-10-21 00:00:00-04:00,302.12623182394833,302.85979180144864,299.5349168846027,299.9922180175781,2404100,0.0,0.0
2024-10-22 00:00:00-04:00,299.2300471164676,300.8019779552192,298.47741475989585,299.8016662597656,5889100,0.0,0.0
2024-10-23 00:00:00-04:00,278.9186928691112,287.33095135574223,277.0704742489484,284.4443054199219,18792000,0.0,0.0
2024-10-24 00:00:00-04:00,284.9682832257741,288.08359436226294,284.16802808324894,287.3118896484375,5522600,0.0,0.0
2024-10-25 00:00:00-04:00,286.759307752285,287.33092680507997,278.37565855713456,278.7662353515625,8863200,0.0,0.0
2024-10-28 00:00:00-04:00,285.0445495651691,285.7304867819754,282.5103934329059,282.7485656738281,6656000,0.0,0.0
2024-10-29 00:00:00-04:00,283.5202097342428,288.37892872100156,281.043212890625,281.043212890625,9048900,0.0,0.0
2024-10-30 00:00:00-04:00,280.56683666007956,281.39567122014415,276.12730359962995,277.7278137207031,4924000,0.0,0.0
2024-10-31 00:00:00-04:00,278.42333791447015,280.4525699734839,277.3944466694641,278.2899475097656,4277400,0.0,0.0
2024-11-01 00:00:00-04:00,280.57636044690116,282.8342280310508,279.4045428705536,281.24322509765625,4131800,0.0,0.0
2024-11-04 00:00:00-05:00,280.795470166255,281.0050628521859,277.99456294233823,278.9949035644531,2583100,0.0,0.0
2024-11-05 00:00:00-05:00,279.8524027049503,283.31066853741254,278.71870043277227,283.2535095214844,3032100,0.0,0.0
2024-11-06 00:00:00-05:00,286.07336863785105,286.12099144450974,278.8710442164019,280.0904846191406,4646400,0.0,0.0
2024-11-07 00:00:00-05:00,280.89074579504916,282.51032828936735,279.909477551669,280.7192687988281,3357400,0.0,0.0
2024-11-08 00:00:00-05:00,281.6148217380326,287.5500544948414,281.28137483541565,284.82537841796875,3279100,0.0,0.0
2024-11-11 00:00:00-05:00,286.27347763207456,289.4364117508675,285.82571268710234,287.2642822265625,2872400,0.0,0.0
2024-11-12 00:00:00-05:00,285.9400645819877,287.14043284338226,283.44399520553725,284.5205383300781,2452900,0.0,0.0
2024-11-13 00:00:00-05:00,284.7586689105679,284.97779779527536,281.2527811977732,283.2820129394531,2327100,0.0,0.0
2024-11-14 00:00:00-05:00,283.9012804994351,285.91144004018554,282.557985716946,284.4347839355469,1932600,0.0,0.0
2024-11-15 00:00:00-05:00,283.6344910043292,285.33027578762943,276.01298113354113,278.7853088378906,4039400,0.0,0.0
2024-11-18 00:00:00-05:00,279.1473367343533,281.46236339255825,277.0323665706992,277.32769775390625,2865000,0.0,0.0
2024-11-19 00:00:00-05:00,276.27977689093143,278.251849862303,273.993329379689,276.9752502441406,2353300,0.0,0.0
2024-11-20 00:00:00-05:00,276.87041010968096,277.5373038888388,274.622078531957,277.1466979980469,2524600,0.0,0.0
2024-11-21 00:00:00-05:00,271.5163122045451,274.94599775240624,270.0491632891743,274.8221435546875,4475700,0.0,0.0
2024-11-22 00:00:00-05:00,274.82217468252765,276.8514067395937,274.5078001305038,276.5465393066406,2879100,0.0,0.0
2024-11-25 00:00:00-05:00,277.9660129268574,282.577023432674,277.9660129268574,282.1769104003906,5021800,0.0,0.0
2024-11-26 00:00:00-05:00,282.9485559478488,283.21530763225684,280.881208588371,282.31024169921875,2254200,0.0,0.0
2024-11-27 00:00:00-05:00,282.9485906820857,285.33031282587433,281.0241696564569,281.1194152832031,2240300,0.0,0.0
2024-11-29 00:00:00-05:00,280.24295196454926,282.99620758693163,280.1095615718789,282.00543212890625,1655900,0.0,0.0
2024-12-02 00:00:00-05:00,281.2961960304608,281.9958529759959,278.84264381553857,280.2802734375,3149900,1.77,0.0
2024-12-03 00:00:00-05:00,280.16526017982534,282.5900609067567,278.2196693139369,282.2546081542969,3031000,0.0,0.0
2024-12-04 00:00:00-05:00,280.12688109057024,283.73054816636613,279.686016261716,282.8200378417969,3742500,0.0,0.0
2024-12-05 00:00:00-05:00,283.2513619922632,287.2767071214637,282.6667107749147,287.0179443359375,2594800,0.0,0.0
2024-12-06 00:00:00-05:00,288.06263013949433,291.16790068820865,286.193699976717,286.54833984375,4158700,0.0,0.0
2024-12-09 00:00:00-05:00,285.2065396558257,290.0369834416812,284.7369233324265,288.8389587402344,2391600,0.0,0.0
2024-12-10 00:00:00-05:00,287.65055026257005,290.2287019631316,283.53892097359,288.2064208984375,3523000,0.0,0.0
2024-12-11 00:00:00-05:00,288.8101959283543,289.34690863354564,283.66348669367903,283.7880859375,3037600,0.0,0.0
2024-12-12 00:00:00-05:00,283.8839070851653,286.1361698245213,282.82004608289793,284.2960205078125,2040700,0.0,0.0
2024-12-13 00:00:00-05:00,283.9701956844323,286.7592006644849,283.14593949080995,284.2673034667969,2547600,0.0,0.0
2024-12-16 00:00:00-05:00,284.8231849237076,289.5577810054407,284.81362061493206,285.3311462402344,3179900,0.0,0.0
2024-12-17 00:00:00-05:00,285.244864900545,287.5259084540642,282.56130145443285,283.7688903808594,3295800,0.0,0.0
2024-12-18 00:00:00-05:00,282.75299901478246,286.54836248380184,278.5838962815168,278.78515625,3800900,0.0,0.0
2024-12-19 00:00:00-05:00,278.7851068026808,280.6827589519582,276.83951612269027,278.1621398925781,3438500,0.0,0.0
2024-12-20 00:00:00-05:00,277.4816141384685,283.78803107834455,277.27076067014286,280.5102233886719,7678000,0.0,0.0
2024-12-23 00:00:00-05:00,280.1077689247682,280.91283801478914,277.6829680975201,279.1781005859375,2492200,0.0,0.0
2024-12-24 00:00:00-05:00,279.16849881718224,282.0341644609155,278.69888250731265,281.76580810546875,1461000,0.0,0.0
2024-12-26 00:00:00-05:00,280.81697050705765,283.15551690168405,280.4336084789619,282.5421142578125,1433900,0.0,0.0
2024-12-27 00:00:00-05:00,281.142837495677,284.15228945947547,280.56777981325035,281.41119384765625,1617200,0.0,0.0
2024-12-30 00:00:00-05:00,279.35062047444245,279.35062047444245,276.9833223968143,277.5583801269531,1936700,0.0,0.0
2024-12-31 00:00:00-05:00,278.0183765470415,279.13014692023796,276.58074698235356,277.8363037109375,1915600,0.0,0.0
2025-01-02 00:00:00-05:00,278.85221870734887,283.4622150466389,278.1813132292147,280.34735107421875,3117000,0.0,0.0
2025-01-03 00:00:00-05:00,280.6540191623539,282.69545773971504,278.6126098336399,282.52294921875,2240100,0.0,0.0
2025-01-06 00:00:00-05:00,281.08536506920154,283.3089060825865,279.60939034927253,280.0310974121094,2838900,0.0,0.0
2025-01-07 00:00:00-05:00,281.56455971559745,282.66673660471406,276.29325096459166,277.3091735839844,3419500,0.0,0.0
2025-01-08 00:00:00-05:00,276.95454741056636,277.117491632226,274.635158820836,274.9706115722656,2724200,0.0,0.0
2025-01-10 00:00:00-05:00,275.54564183771794,275.804404606627,270.06348041973126,270.5714416503906,3946000,0.0,0.0
2025-01-13 00:00:00-05:00,271.1752360070751,272.6703681993134,268.6929328257482,271.8365478515625,3394300,0.0,0.0
2025-01-14 00:00:00-05:00,273.16879252306757,273.48508742665155,267.7633202254659,269.871826171875,2238900,0.0,0.0
2025-01-15 00:00:00-05:00,272.50748061358263,272.8141819599726,268.9421578955878,270.5618896484375,2867800,0.0,0.0
2025-01-16 00:00:00-05:00,268.58754728788375,269.2680463843787,265.0318181267991,268.10833740234375,3403700,0.0,0.0
2025-01-17 00:00:00-05:00,269.2967567899009,272.26783422879197,268.3574950277911,269.26800537109375,3312800,0.0,0.0
2025-01-21 00:00:00-05:00,269.0859555373607,271.1369587239177,267.14036449067714,270.8590087890625,3858600,0.0,0.0
2025-01-22 00:00:00-05:00,271.5202986350709,271.7407457031548,268.7408872593502,269.6513977050781,3660600,0.0,0.0
2025-01-23 00:00:00-05:00,269.07638485195923,273.14966939557746,268.9805370129668,272.6033630371094,2279400,0.0,0.0
2025-01-24 00:00:00-05:00,272.6800034358688,274.9227020670402,271.50113665274785,273.5904846191406,2523000,0.0,0.0
2025-01-27 00:00:00-05:00,274.69262867840894,281.22905739772824,273.9259046946242,280.9031982421875,4343000,0.0,0.0
2025-01-28 00:00:00-05:00,280.24193952721043,282.2450333697588,277.9417378909465,279.0439147949219,3180100,0.0,0.0
2025-01-29 00:00:00-05:00,279.2643921549012,280.951220520429,277.9417680272627,278.04718017578125,2358300,0.0,0.0
2025-01-30 00:00:00-05:00,278.8138771965844,279.93521186135337,277.3283091190038,278.2484130859375,2125200,0.0,0.0
2025-01-31 00:00:00-05:00,277.7787905582875,279.1397595083869,275.4019282350862,276.69580078125,2556500,0.0,0.0
2025-02-03 00:00:00-05:00,275.08561348422853,278.8042866232601,272.3732985856772,277.9896240234375,3048800,0.0,0.0
2025-02-04 00:00:00-05:00,277.7116881339518,278.55510210874303,276.37947077635044,277.72125244140625,2976900,0.0,0.0
2025-02-05 00:00:00-05:00,277.9417069114187,278.20046969523696,274.4338873764231,276.8203430175781,2362900,0.0,0.0
2025-02-06 00:00:00-05:00,279.4656101966567,284.7944216439595,278.2484276488796,282.12042236328125,3590000,0.0,0.0
2025-02-07 00:00:00-05:00,282.1204300925311,284.50691521428206,281.60290447459494,282.06292724609375,2858000,0.0,0.0
2025-02-10 00:00:00-05:00,289.70152047285944,297.37847184893224,288.97314136911376,295.5958251953125,8052000,0.0,0.0
2025-02-11 00:00:00-05:00,294.5894321375346,298.6339640794135,293.43934614967924,297.31134033203125,4180400,0.0,0.0
2025-02-12 00:00:00-05:00,296.7075582955319,297.1963617028224,293.05598157302177,294.8099060058594,3110200,0.0,0.0
2025-02-13 00:00:00-05:00,294.7140652847033,298.5764956045048,292.9218250796663,297.1292724609375,3096800,0.0,0.0
2025-02-14 00:00:00-05:00,297.30184459388045,298.06856876261924,294.9824557231695,295.7204284667969,2674400,0.0,0.0
2025-02-18 00:00:00-05:00,294.5703576803901,294.5703576803901,290.91878025625175,292.1551208496094,3367800,0.0,0.0
2025-02-19 00:00:00-05:00,290.7079084626766,291.1583669505648,287.0563312677612,289.3852844238281,2990700,0.0,0.0
2025-02-20 00:00:00-05:00,288.3214036417273,290.5257866397608,285.7528457036203,290.4490966796875,3020000,0.0,0.0
2025-02-21 00:00:00-05:00,291.282946914152,293.2381021694544,289.04981248961894,292.13592529296875,3036700,0.0,0.0
2025-02-24 00:00:00-05:00,292.31801276267174,297.5318183465929,291.4745987345891,294.7811584472656,3397600,0.0,0.0
2025-02-25 00:00:00-05:00,296.3241963681174,298.74899704360496,295.18367458314026,297.8001708984375,3891600,0.0,0.0
2025-02-26 00:00:00-05:00,298.73942765997145,301.4709003646384,291.0528830633801,291.61834716796875,4140900,0.0,0.0
2025-02-27 00:00:00-05:00,292.5001377859469,298.81612068650725,291.57046942054006,297.0622253417969,3350400,0.0,0.0
2025-02-28 00:00:00-05:00,294.81945815786077,295.69162356002784,291.24457153810596,295.509521484375,4972900,0.0,0.0
2025-03-03 00:00:00-05:00,297.00366014915664,298.33392051300484,291.52841204123655,293.3213806152344,4371300,1.77,0.0
2025-03-04 00:00:00-05:00,293.6105584217209,301.6499261338723,293.6105584217209,294.7480163574219,3954500,0.0,0.0
2025-03-05 00:00:00-05:00,293.0418114129881,297.3410350145754,292.43451611016445,296.3674621582031,2327500,0.0,0.0
2025-03-06 00:00:00-05:00,296.70482282628,300.12687479390166,293.4081189157219,299.18218994140625,2954900,0.0,0.0
2025-03-07 00:00:00-05:00,299.61599464800787,311.52082469568893,299.1629353857067,309.7085876464844,7607600,0.0,0.0
2025-03-10 00:00:00-04:00,308.5518022553571,314.55724178765985,304.3585995985496,305.8141784667969,4707600,0.0,0.0
2025-03-11 00:00:00-04:00,306.1708821354208,306.24801488323266,295.2685712522962,295.7023620605469,4513100,0.0,0.0
2025-03-12 00:00:00-04:00,292.74300372669285,295.38422656888207,285.6675894620708,288.6076354980469,4546200,0.0,0.0
2025-03-13 00:00:00-04:00,289.6005301343105,292.5213079334088,286.55443367895145,286.7761535644531,4178600,0.0,0.0
2025-03-14 00:00:00-04:00,286.2652327334028,289.8318719602891,285.0506420767023,289.0221252441406,2696800,0.0,0.0
2025-03-17 00:00:00-04:00,290.4391102279063,294.2274689590678,289.21490015796263,293.01287841796875,2758400,0.0,0.0
2025-03-18 00:00:00-04:00,293.9768307592503,293.9768307592503,291.3741451558885,292.6562194824219,2435400,0.0,0.0
2025-03-19 00:00:00-04:00,293.0321920101548,296.97475798504615,292.6851828978529,295.8565979003906,2812200,0.0,0.0
2025-03-20 00:00:00-04:00,296.92655609952476,298.49780480321255,294.49740419158235,295.9336853027344,2723500,0.0,0.0
2025-03-21 00:00:00-04:00,295.34569914631584,295.933696605479,290.7669204529086,294.429931640625,6016100,0.0,0.0
2025-03-24 00:00:00-04:00,295.25890776281244,296.8494543697139,293.5527208749365,294.6516418457031,3443400,0.0,0.0
2025-03-25 00:00:00-04:00,295.8662174307164,297.53386744489785,293.07075838402966,295.8565979003906,2657100,0.0,0.0
2025-03-26 00:00:00-04:00,296.8012410960502,302.73919747251233,296.6952203442047,302.2764892578125,2624400,0.0,0.0
2025-03-27 00:00:00-04:00,303.79954508228,305.226206648274,299.48102343043587,301.4185791015625,3119500,0.0,0.0
2025-03-28 00:00:00-04:00,297.8616320131972,298.82558551485806,294.9601225595897,296.0204772949219,3211600,0.0,0.0
2025-03-31 00:00:00-04:00,294.00580563789237,301.9102357859867,293.4659940530739,301.1101379394531,4418800,0.0,0.0
2025-04-01 00:00:00-04:00,301.7945454792101,303.4332781779918,299.74134925777133,302.3247375488281,2411200,0.0,0.0
2025-04-02 00:00:00-04:00,301.4378437693863,302.61386803280544,298.6616534152479,300.34857177734375,2776800,0.0,0.0
2025-04-03 00:00:00-04:00,300.15583084126985,308.1951991075618,300.07869809123156,306.7974548339844,7023900,0.0,0.0
2025-04-04 00:00:00-04:00,303.2308411680627,303.6067677131538,288.5112532884041,289.29205322265625,8831100,0.0,0.0
2025-04-07 00:00:00-04:00,282.05278813318233,293.89013543914035,280.0284799847275,289.08001708984375,7725900,0.0,0.0
2025-04-08 00:00:00-04:00,292.82975281291056,297.13862554249033,284.2891400969661,289.0221252441406,5562500,0.0,0.0
2025-04-09 00:00:00-04:00,286.6894122776123,300.4161006232069,286.0146330645737,293.0032958984375,8265700,0.0,0.0
2025-04-10 00:00:00-04:00,290.47767990140323,296.5409543120134,286.21702284774614,295.7215881347656,6049500,0.0,0.0
2025-04-11 00:00:00-04:00,295.42280335119904,299.68349037593293,293.00327087348086,298.7291564941406,4439900,0.0,0.0
2025-04-14 00:00:00-04:00,301.16795332053084,306.7299832587044,299.9148256691265,304.6767578125,4068300,0.0,0.0
2025-04-15 00:00:00-04:00,304.7345798803131,305.7660170339472,300.5992117361082,301.2161560058594,2901200,0.0,0.0
2025-04-16 00:00:00-04:00,302.26684981490655,302.9608973824719,296.29032745989826,297.9579772949219,3098900,0.0,0.0
2025-04-17 00:00:00-04:00,298.07363392346525,301.7077271927252,296.0589751017122,300.0786437988281,2728500,0.0,0.0
2025-04-21 00:00:00-04:00,299.7894872321322,300.05939298927376,294.1214369146377,297.5916748046875,2669900,0.0,0.0
2025-04-22 00:00:00-04:00,300.5221303299041,308.4650971683822,299.9726698153671,307.5782470703125,4200700,0.0,0.0
2025-04-23 00:00:00-04:00,307.01914640665785,308.3686752326332,303.4428876634425,306.9998779296875,3210100,0.0,0.0
2025-04-24 00:00:00-04:00,306.9516789081069,307.39511865966705,302.2283130576521,304.82135009765625,2479500,0.0,0.0
2025-04-25 00:00:00-04:00,305.0912619077717,310.18093486337096,303.67424918287344,305.3226013183594,2282900,0.0,0.0
2025-04-28 00:00:00-04:00,306.24797773057895,306.55642043183553,302.9223270508408,305.3900451660156,2578300,0.0,0.0
2025-04-29 00:00:00-04:00,304.66712562713195,305.31298738355866,301.7174304179812,303.1633605957031,3164500,0.0,0.0
2025-04-30 00:00:00-04:00,305.37076281399317,309.4289978195183,301.81377291556356,308.1276550292969,5564600,0.0,0.0
2025-05-01 00:00:00-04:00,301.8620238982793,307.74214596147107,300.3679077835658,302.3343811035156,5186900,0.0,0.0
2025-05-02 00:00:00-04:00,302.2475565407264,304.5803365560502,299.48101517499526,300.7148742675781,3994600,0.0,0.0
2025-05-05 00:00:00-04:00,301.71743141205275,305.9588207305063,299.50035023258437,304.3393859863281,3534100,0.0,0.0
2025-05-06 00:00:00-04:00,303.7513549521108,305.80458049013066,301.5921086558952,305.3708190917969,2691700,0.0,0.0
2025-05-07 00:00:00-04:00,305.07198884457995,307.73248027892777,304.7249503163897,306.6625061035156,2725900,0.0,0.0
2025-05-08 00:00:00-04:00,306.6142701516407,308.13733292603973,301.89090459661634,302.1897277832031,2131500,0.0,0.0
2025-05-09 00:00:00-04:00,301.62104225639933,302.92238535623204,299.9534215397297,302.3729248046875,1917800,0.0,0.0
2025-05-12 00:00:00-04:00,300.7630828345406,300.92693842406544,294.0154096383401,300.67633056640625,4137900,0.0,0.0
2025-05-13 00:00:00-04:00,300.4160684590116,300.91734304960863,297.3314352579417,297.5627746582031,3018600,0.0,0.0
2025-05-14 00:00:00-04:00,297.1289654657124,297.7748271414783,294.6708962375798,296.4156494140625,2656600,0.0,0.0
2025-05-15 00:00:00-04:00,296.70484246663017,303.7706373079953,296.70484246663017,303.1440734863281,2928500,0.0,0.0
2025-05-16 00:00:00-04:00,303.03799993237453,307.1733679043125,302.0740466141852,307.1251525878906,2636900,0.0,0.0
2025-05-19 00:00:00-04:00,306.6431975603073,310.01703441197037,306.5660942331222,309.6507568359375,2748600,0.0,0.0
2025-05-20 00:00:00-04:00,309.641104569458,310.1230812573864,307.35653977548066,308.27227783203125,2035000,0.0,0.0
2025-05-21 00:00:00-04:00,306.0744428563061,307.18301269122816,303.809176123254,305.03338623046875,2386700,0.0,0.0
2025-05-22 00:00:00-04:00,304.72494741134784,305.2069241165834,301.3607594224109,302.9801940917969,2642000,0.0,0.0
2025-05-23 00:00:00-04:00,303.71281167184566,304.27189171278854,301.74633845443384,303.2308349609375,2701500,0.0,0.0
2025-05-27 00:00:00-04:00,303.1729651235377,304.24293917786963,300.907668960175,303.59710693359375,2526700,0.0,0.0
2025-05-28 00:00:00-04:00,303.597128312377,304.2718780267841,300.9366075742255,301.56317138671875,1935600,0.0,0.0
2025-05-29 00:00:00-04:00,301.1101254141823,302.1993974867277,298.8641268869387,300.6184997558594,2248800,0.0,0.0
2025-05-30 00:00:00-04:00,300.7534843858616,303.9248995574786,299.38465750680444,302.53680419921875,4062900,0.0,0.0
2025-06-02 00:00:00-04:00,301.2280558954059,303.67098501273387,299.92903591826075,303.118408203125,2577000,1.77,0.0
2025-06-03 00:00:00-04:00,302.30411171856997,304.77615196128687,299.69636797780566,302.8373107910156,3028100,0.0,0.0
2025-06-04 00:00:00-04:00,303.428622641247,304.64039829077274,300.01627306255443,302.0423583984375,2069500,0.0,0.0
2025-06-05 00:00:00-04:00,302.45919442011717,302.45919442011717,298.3585350761651,299.53155517578125,3813500,0.0,0.0
2025-06-06 00:00:00-04:00,297.7575200532531,300.38464149575424,297.4279206119077,297.9610900878906,2622800,0.0,0.0
2025-06-09 00:00:00-04:00,294.44211172024967,295.8962425325001,290.6807552857299,295.4599914550781,4059800,0.0,0.0
2025-06-10 00:00:00-04:00,290.83587140702707,293.16247483202903,290.29299826067216,291.2430114746094,4698700,0.0,0.0
2025-06-11 00:00:00-04:00,291.0200522494095,293.9283138125241,288.1020870140873,292.4935607910156,3312100,0.0,0.0
2025-06-12 00:00:00-04:00,292.4450689017546,293.90887360749167,290.8939903246392,293.8894958496094,2584700,0.0,0.0
2025-06-13 00:00:00-04:00,292.5807864122111,295.779862093692,291.940965359042,292.677734375,2435500,0.0,0.0
2025-06-16 00:00:00-04:00,293.8701507390761,294.7038381860803,286.70611889320145,287.2296142578125,4045700,0.0,0.0
2025-06-17 00:00:00-04:00,286.9484714275244,286.9581750996374,282.86721935739735,283.3713073730469,3379000,0.0,0.0
2025-06-18 00:00:00-04:00,284.04019663254024,284.14681868334065,279.7747524975935,280.77325439453125,4008700,0.0,0.0
2025-06-20 00:00:00-04:00,280.9090065149953,281.72331629757934,276.83745760207535,278.6696472167969,7085000,0.0,0.0
2025-06-23 00:00:00-04:00,279.69717501787716,280.6665954589844,277.1282167658159,280.6665954589844,5172500,0.0,0.0
2025-06-24 00:00:00-04:00,280.7636032384916,283.1677770950335,279.75539748131337,282.5570373535156,4461200,0.0,0.0
2025-06-25 00:00:00-04:00,281.9656133031385,282.1788869820463,275.61592129259884,276.8179931640625,4259800,0.0,0.0
2025-06-26 00:00:00-04:00,277.205821044771,278.0201307652791,274.8016474049133,276.8955993652344,5354900,0.0,0.0
2025-06-27 00:00:00-04:00,277.2639534708235,283.2549647753299,276.51748078737063,282.634521484375,7422200,0.0,0.0
2025-06-30 00:00:00-04:00,281.98506537852626,284.6024832155756,281.98506537852626,283.2356262207031,5054800,0.0,0.0
2025-07-01 00:00:00-04:00,283.5555146760124,290.4868657845525,283.41010750843674,288.3929138183594,5121900,0.0,0.0
2025-07-02 00:00:00-04:00,288.9648442402064,288.9648442402064,283.652438933157,285.620361328125,4021500,0.0,0.0
2025-07-03 00:00:00-04:00,285.6591728922747,285.81425414950945,283.66213929686796,285.0871887207031,1678600,0.0,0.0
2025-07-07 00:00:00-04:00,285.1259401152815,286.63823366164297,283.545780036674,284.5539855957031,3404300,0.0,0.0
2025-07-08 00:00:00-04:00,284.0499049055572,284.05957899300904,281.38399857998456,282.7508850097656,3123600,0.0,0.0
2025-07-09 00:00:00-04:00,283.31315765190647,284.8351550259391,282.43098139532134,284.0596008300781,3265800,0.0,0.0
2025-07-10 00:00:00-04:00,287.2392660945569,291.582280339659,285.99840910800833,289.265380859375,5366800,0.0,0.0
2025-07-11 00:00:00-04:00,289.02302805016967,293.48233846635867,288.1990147482689,290.7388916015625,4524100,0.0,0.0
2025-07-14 00:00:00-04:00,290.03123431049124,292.83287391267567,285.81424898277237,292.648681640625,5707500,0.0,0.0
2025-07-15 00:00:00-04:00,292.0863830015085,293.5308396549028,290.08937915066525,290.457763671875,2937600,0.0,0.0
2025-07-16 00:00:00-04:00,290.6129215665153,291.2915278559474,287.1520827422784,289.75982666015625,2804700,0.0,0.0
2025-07-17 00:00:00-04:00,290.6031867256261,293.20125627572133,289.2944926546617,291.1848449707031,3134300,0.0,0.0
2025-07-18 00:00:00-04:00,290.5740843981555,291.21390546329565,287.36530498505,287.9857482910156,3481300,0.0,0.0
2025-07-21 00:00:00-04:00,288.993932999779,289.6628355160308,286.2504859834333,286.6964111328125,3037500,0.0,0.0
2025-07-22 00:00:00-04:00,286.81276650189164,290.92312999172975,286.02753817720287,290.0215759277344,2672000,0.0,0.0
2025-07-23 00:00:00-04:00,290.33176358671307,290.70985181803223,287.840375149774,289.003662109375,2467600,0.0,0.0
2025-07-24 00:00:00-04:00,287.8306604335072,288.3638299048219,285.40710904686324,285.4749755859375,4426000,0.0,0.0
2025-07-25 00:00:00-04:00,287.7337148587041,289.50777105575554,285.8821180337556,289.34295654296875,3401000,0.0,0.0
2025-07-28 00:00:00-04:00,287.9760857615536,290.7389404334455,285.96937798660764,290.0700378417969,3070500,0.0,0.0
2025-07-29 00:00:00-04:00,289.8082747648475,293.5696015118145,289.17812776266567,293.4145202636719,3147700,0.0,0.0
2025-07-30 00:00:00-04:00,293.3175686068258,296.090097044096,291.8731119404111,294.32574462890625,2805900,0.0,0.0
2025-07-31 00:00:00-04:00,291.81494416262274,294.1900361880234,290.8261459168769,290.8940124511719,3639600,0.0,0.0
2025-08-01 00:00:00-04:00,294.21913995828754,294.4130359040335,292.16397310459837,293.6278076171875,3344800,0.0,0.0
2025-08-04 00:00:00-04:00,291.3399510485874,296.98198564023403,291.3399510485874,294.92681884765625,4734500,0.0,0.0
2025-08-05 00:00:00-04:00,293.73441800105104,295.2854967522533,289.2459962532129,289.6337585449219,4222900,0.0,0.0
2025-08-06 00:00:00-04:00,297.6121015100775,300.9081253819151,292.51294007583914,298.2519226074219,6474300,0.0,0.0
2025-08-07 00:00:00-04:00,299.70609957479155,300.68522392400314,295.04318849258715,298.49432373046875,3603300,0.0,0.0
2025-08-08 00:00:00-04:00,297.61205630620327,299.1146460596721,294.59717312848113,296.1094665527344,2622000,0.0,0.0
2025-08-11 00:00:00-04:00,296.1580101928475,297.9029555386316,294.490605482364,295.0528564453125,2649000,0.0,0.0
2025-08-12 00:00:00-04:00,295.83809970245875,296.1579954856973,290.71956008005776,292.4160461425781,3438300,0.0,0.0
2025-08-13 00:00:00-04:00,292.4742072098649,295.973801379629,292.1833632788895,295.74114990234375,2999100,0.0,0.0
2025-08-14 00:00:00-04:00,296.15798957967235,299.8321018911416,293.4436237675177,299.50250244140625,4699400,0.0,0.0
2025-08-15 00:00:00-04:00,300.67546058872637,300.67546058872637,297.1273780704529,299.4830627441406,3416600,0.0,0.0
2025-08-18 00:00:00-04:00,298.9402064912358,300.50098894087773,297.1855576846649,299.2601318359375,3272600,0.0,0.0
2025-08-19 00:00:00-04:00,299.2601470600023,304.6113380502157,299.0177919132366,301.42193603515625,2893600,0.0,0.0
2025-08-20 00:00:00-04:00,304.0781486940217,306.48229265886573,302.8372916070281,303.50616455078125,3879900,0.0,0.0
2025-08-21 00:00:00-04:00,302.3331526890534,304.0102607272497,301.6545761208989,303.6418762207031,2282200,0.0,0.0
2025-08-22 00:00:00-04:00,305.00878499333777,307.1124109686467,303.5740319637122,304.4659118652344,2796700,0.0,0.0
2025-08-25 00:00:00-04:00,304.136303802552,305.90062662661927,302.41073649770146,303.85516357421875,2944300,0.0,0.0
2025-08-26 00:00:00-04:00,303.84545945767877,305.4837824653459,302.7500095619097,303.3704528808594,2807600,0.0,0.0
2025-08-27 00:00:00-04:00,303.77765207047753,306.0655002741092,301.8194329344479,301.90667724609375,3234400,0.0,0.0
2025-08-28 00:00:00-04:00,301.60608641946345,302.96326913596084,299.89022286907374,302.6724548339844,3471700,0.0,0.0
2025-08-29 00:00:00-04:00,302.68220979639864,304.30112565900754,301.90665555243294,303.9521484375,2492500,0.0,0.0
2025-09-02 00:00:00-04:00,305.20000555853386,308.20278872287105,304.49805895214695,307.8420715332031,3228700,1.77,0.0
2025-09-03 00:00:00-04:00,307.1206276089526,308.92424342828855,305.1318035536032,308.456298828125,3219500,0.0,0.0
2025-09-04 00:00:00-04:00,309.85043303884333,311.420046804093,308.5440381109044,309.0412292480469,2881300,0.0,0.0
2025-09-05 00:00:00-04:00,309.4117182179132,310.0649305854775,305.414522664741,306.4967041015625,2533100,0.0,0.0
2025-09-08 00:00:00-04:00,304.975785835424,305.2292458879066,301.99252025701946,304.9562683105469,2873600,0.0,0.0
2025-09-09 00:00:00-04:00,303.4061706911004,305.8337523306202,302.93822608768625,304.6833190917969,2310800,0.0,0.0
2025-09-10 00:00:00-04:00,304.2641195256637,304.2641195256637,296.97167509135585,298.2683410644531,3479500,0.0,0.0
2025-09-11 00:00:00-04:00,298.551046442417,301.1930826757622,297.59561002209045,300.69586181640625,2761500,0.0,0.0
2025-09-12 00:00:00-04:00,299.90615403276297,300.7738507835676,297.5955886210401,297.7418212890625,2072600,0.0,0.0
2025-09-15 00:00:00-04:00,297.4884166015326,298.0441008434124,292.9745123106379,294.4953918457031,3584500,0.0,0.0
2025-09-16 00:00:00-04:00,295.8895096972724,298.3268203208084,295.1095821986716,295.6847839355469,3578500,0.0,0.0
2025-09-17 00:00:00-04:00,297.25434949141004,298.89221482426154,296.2891841617515,297.3226013183594,2681600,0.0,0.0
2025-09-18 00:00:00-04:00,293.9104265238772,295.09983534626286,290.41045189749263,293.5887145996094,4654100,0.0,0.0
2025-09-19 00:00:00-04:00,294.13466605456335,297.1569075091687,293.2084760911664,294.797607421875,5696900,0.0,0.0
2025-09-22 00:00:00-04:00,294.73905994838816,296.6206563137818,292.886710115792,295.3922424316406,3657900,0.0,0.0
2025-09-23 00:00:00-04:00,296.12347670009456,296.8156943264736,292.7892524880344,295.5872802734375,2976900,0.0,0.0
2025-09-24 00:00:00-04:00,294.90478213833995,298.3072874864196,294.4368376107948,296.6986389160156,2427300,0.0,0.0
2025-09-25 00:00:00-04:00,298.20981927446417,298.64851731338973,294.3783743062202,294.7195739746094,2558400,0.0,0.0
2025-09-26 00:00:00-04:00,295.76277282922274,298.112343904499,294.43689009507204,297.58587646484375,2284700,0.0,0.0
2025-09-29 00:00:00-04:00,298.20978735120013,298.4340008518738,294.28084443301185,295.3922424316406,3073800,0.0,0.0
2025-09-30 00:00:00-04:00,295.1582865428624,296.84491603394395,294.42709343003946,296.26971435546875,2640100,0.0,0.0
2025-10-01 00:00:00-04:00,295.6555042701906,297.1276194902747,290.81985911325,292.98419189453125,3055300,0.0,0.0
2025-10-02 00:00:00-04:00,292.08728243678723,294.79757039433105,291.45358768726504,292.3602600097656,2690400,0.0,0.0
2025-10-03 00:00:00-04:00,291.40481935115974,293.83240069013704,291.17084707841923,293.43267822265625,2599100,0.0,0.0
2025-10-06 00:00:00-04:00,291.5413498360924,292.1360393347989,287.5149080090486,288.6165771484375,3814200,0.0,0.0
2025-10-07 00:00:00-04:00,287.60261937046374,290.5956436007411,286.754440134726,288.8895263671875,2515700,0.0,0.0
2025-10-08 00:00:00-04:00,288.948030245038,289.2210078225262,286.07199204280664,287.0176696777344,2464600,0.0,0.0
2025-10-09 00:00:00-04:00,286.28651342525194,287.71965332974077,284.7168995906028,286.4425048828125,2802700,0.0,0.0
2025-10-10 00:00:00-04:00,287.3101832621454,290.47868701824973,285.54557278123957,289.562255859375,4016200,0.0,0.0
2025-10-13 00:00:00-04:00,287.2126608161736,292.88672651517817,286.6277003751473,292.58447265625,3369300,0.0,0.0
2025-10-14 00:00:00-04:00,292.63322198239064,297.8588008872064,292.58445792590453,296.9228820800781,2992800,0.0,0.0
2025-10-15 00:00:00-04:00,296.01623913117305,301.3490756867052,296.01623913117305,297.5956115722656,2522100,0.0,0.0
2025-10-16 00:00:00-04:00,298.12207052462423,299.574698018397,297.0691357588407,297.673583984375,2021600,0.0,0.0
2025-10-17 00:00:00-04:00,299.1067193899543,300.5983521596888,298.62901607389057,300.3643798828125,2194200,0.0,0.0
2025-10-20 00:00:00-04:00,300.2279076425985,300.95910076422945,298.1708021892015,300.0523986816406,2329600,0.0,0.0
2025-10-21 00:00:00-04:00,300.8128606746872,300.8128606746872,298.70705051007,299.76971435546875,2461100,0.0,0.0
2025-10-22 00:00:00-04:00,300.49117923302384,304.94659057725625,299.4480030557185,302.3337707519531,2735700,0.0,0.0
2025-10-23 00:00:00-04:00,304.1471125950101,304.1471125950101,298.5412982840883,299.2724914550781,2081500,0.0,0.0
2025-10-24 00:00:00-04:00,299.915927215247,299.9841790477135,297.37135966001773,298.1220703125,1994500,0.0,0.0
2025-10-27 00:00:00-04:00,298.2293063014565,302.31424107240935,297.6833511306093,302.22650146484375,2139700,0.0,0.0
2025-10-28 00:00:00-04:00,300.803149139298,302.79197327168157,298.64854503405684,298.716796875,2336500,0.0,0.0
2025-10-29 00:00:00-04:00,297.059418910132,297.137399755967,293.666671945957,294.7683410644531,2502300,0.0,0.0
2025-10-30 00:00:00-04:00,292.96471694423406,296.75718629660815,292.57475322156193,294.8463134765625,3128400,0.0,0.0
2025-10-31 00:00:00-04:00,292.47726290562366,293.16945076384906,289.5524902765674,290.9466247558594,3582700,0.0,0.0
2025-11-03 00:00:00-05:00,290.20568217428615,290.44941320956286,287.05666648767465,288.9382629394531,3899300,0.0,0.0
2025-11-04 00:00:00-05:00,290.73213756685544,292.23352916661946,288.9870446692362,291.7070617675781,4151300,0.0,0.0
2025-11-05 00:00:00-05:00,292.0482641321974,302.3922244147832,291.7070347430917,298.00506591796875,6070300,0.0,0.0
2025-11-06 00:00:00-05:00,296.63046746235614,298.72654868922075,290.04972864980806,290.9271545410156,3544900,0.0,0.0
2025-11-07 00:00:00-05:00,292.80875435738096,294.963328683119,290.8491470360281,292.14581298828125,3250100,0.0,0.0
2025-11-10 00:00:00-05:00,291.5023551386917,292.4967671778253,288.6165876458968,291.599853515625,3824300,0.0,0.0
2025-11-11 00:00:00-05:00,293.3156875252421,299.58447289249386,293.3059585145914,299.135986328125,2755800,0.0,0.0
2025-11-12 00:00:00-05:00,299.0872336612315,301.3393060985257,298.1123094978202,299.24322509765625,2818600,0.0,0.0
2025-11-13 00:00:00-05:00,299.59417941049986,302.3239848820439,298.81425199138664,299.8671569824219,2294300,0.0,0.0
2025-11-14 00:00:00-05:00,300.71536853058353,302.9576821937589,295.72373184810175,299.3309631347656,3112500,0.0,0.0
2025-11-17 00:00:00-05:00,299.46749159534806,299.98420025194343,296.4744670409528,297.25439453125,2435700,0.0,0.0
2025-11-18 00:00:00-05:00,298.01484283597136,300.70564333399705,296.5329686607705,296.9521789550781,2773800,0.0,0.0
2025-11-19 00:00:00-05:00,296.95217539333674,297.19590645719603,294.46613044290274,295.1485595703125,2008300,0.0,0.0
2025-11-20 00:00:00-05:00,294.86584687263394,297.97585756348207,294.3003741548471,296.532958984375,4205100,0.0,0.0
2025-11-21 00:00:00-05:00,298.58999057655495,302.7529354857303,298.4827632076823,301.5927734375,3348900,0.0,0.0
2025-11-24 00:00:00-05:00,301.2418310986232,302.5579847717855,296.406215203662,297.25439453125,3687300,0.0,0.0
2025-11-25 00:00:00-05:00,299.0579908178907,303.64987535358784,299.0579908178907,302.66522216796875,4189600,0.0,0.0
2025-11-26 00:00:00-05:00,303.7571407007805,305.0245302622128,301.9535249769533,304.5663146972656,2786600,0.0,0.0
2025-11-28 00:00:00-05:00,304.5370508718153,305.4437231874728,302.89918544630694,304.0008544921875,1850700,0.0,0.0
2025-12-01 00:00:00-05:00,303.53011525084133,303.54971996651983,297.5375672506196,297.7337341308594,3354100,1.86,0.0
2025-12-02 00:00:00-05:00,297.95927935250177,297.97891399813676,293.83022711274293,294.9385070800781,3947800,0.0,0.0
2025-12-03 00:00:00-05:00,296.5862179516254,302.81414233067187,296.252758196309,301.79412841796875,4986900,0.0,0.0
2025-12-04 00:00:00-05:00,302.59836749118125,307.7670385395168,301.4116386789634,302.6081848144531,4632200,0.0,0.0
2025-12-05 00:00:00-05:00,302.72586229972444,306.0506723075679,302.2747144080738,305.2464599609375,3147200,0.0,0.0
2025-12-08 00:00:00-05:00,306.001640200335,307.7179955540227,303.10834348891643,303.8341369628906,3575000,0.0,0.0
2025-12-09 00:00:00-05:00,304.71685796165633,306.6882244537886,302.4905104306185,304.81494140625,2355100,0.0,0.0
2025-12-10 00:00:00-05:00,303.5497094623951,305.33472624587176,300.1268160159617,304.5599060058594,4103900,0.0,0.0
2025-12-11 00:00:00-05:00,305.5112710875623,306.96282819079397,303.11817880078615,303.75567626953125,4844000,0.0,0.0
2025-12-12 00:00:00-05:00,304.5598935570124,311.68032575400963,304.4029660508381,310.6308898925781,3771900,0.0,0.0
2025-12-15 00:00:00-05:00,310.6112933840832,313.51437749784895,309.72857239717507,312.6022644042969,3814900,0.0,0.0
2025-12-16 00:00:00-05:00,312.97493887870365,314.4166786026873,308.2672332126843,308.4535827636719,2972300,0.0,0.0
2025-12-17 00:00:00-05:00,309.48337259069643,313.0632233573001,308.94395860357446,312.5630187988281,3328600,0.0,0.0
2025-12-18 00:00:00-05:00,313.239748792613,315.6034188100439,312.22955230582284,313.5045471191406,3335200,0.0,0.0
2025-12-19 00:00:00-05:00,312.57285297009923,313.1907157786875,309.6795561501124,309.767822265625,7128600,0.0,0.0
2025-12-22 00:00:00-05:00,308.9439872834096,312.15110932866907,308.4241779623578,310.1405334472656,2514600,0.0,0.0
2025-12-23 00:00:00-05:00,306.0997381277588,308.08089191184695,304.6579983651666,304.86395263671875,2922800,0.0,0.0
2025-12-24 00:00:00-05:00,304.70701435324025,307.3747221893948,304.3147105395716,307.3060607910156,1011500,0.0,0.0
2025-12-26 00:00:00-05:00,306.9627999391888,307.2374155895675,303.91257581772436,304.7070007324219,1308900,0.0,0.0
2025-12-29 00:00:00-05:00,304.49124577382133,305.1189558265816,302.2943204508857,302.5983581542969,2148300,0.0,0.0
2025-12-30 00:00:00-05:00,301.176223434335,302.7062592067001,300.8721857306302,302.10797119140625,1678300,0.0,0.0
2025-12-31 00:00:00-05:00,301.86277909457914,302.284504952713,299.47950420602217,299.7541198730469,1903600,0.0,0.0
2026-01-02 00:00:00-05:00,299.42062783633577,299.6756088298037,294.5167557891725,297.4296569824219,3124300,0.0,0.0
2026-01-05 00:00:00-05:00,295.45832268111786,296.51754598787215,293.85965543252763,294.09503173828125,4573300,0.0,0.0
2026-01-06 00:00:00-05:00,293.32021869582235,298.37120107120086,292.5944252578765,296.9490661621094,3769100,0.0,0.0
2026-01-07 00:00:00-05:00,299.4598979776727,301.09780474308735,297.4787440440514,298.3124084472656,4100200,0.0,0.0
2026-01-08 00:00:00-05:00,297.6062343984053,303.0593385486959,296.81180940056237,302.941650390625,3268300,0.0,0.0
2026-01-09 00:00:00-05:00,303.0985850889741,303.56933773240513,298.74394355204765,301.4116516113281,2972000,0.0,0.0
2026-01-12 00:00:00-05:00,301.5293369471128,301.56857631065276,298.3222148703273,300.85260009765625,3206600,0.0,0.0
2026-01-13 00:00:00-05:00,299.36182282237445,303.70664683960075,299.33240078348734,303.4908752441406,2967900,0.0,0.0
2026-01-14 00:00:00-05:00,303.49086690169327,305.1974049719641,300.0483387922106,302.2060546875,2949000,0.0,0.0
2026-01-15 00:00:00-05:00,302.99065268432594,302.99065268432594,297.9592748169513,302.6866149902344,3189200,0.0,0.0
2026-01-16 00:00:00-05:00,300.9899040467046,302.5983586806912,299.96007285164006,301.5195007324219,2590600,0.0,0.0
2026-01-20 00:00:00-05:00,300.5485555978324,300.65642643155405,296.635274719889,297.01776123046875,3018000,0.0,0.0
2026-01-21 00:00:00-05:00,297.5081317143059,299.83256247846094,297.3119947738281,299.8129577636719,3630900,0.0,0.0
2026-01-22 00:00:00-05:00,300.26411149259263,301.71566854850863,299.0872000342411,300.14642333984375,2809400,0.0,0.0
2026-01-23 00:00:00-05:00,300.21507080481746,303.5595153342261,299.48927734511557,303.30450439453125,2350200,0.0,0.0
2026-01-26 00:00:00-05:00,304.0400834891474,308.3162457804394,304.0106614524958,306.9333801269531,3385000,0.0,0.0
2026-01-27 00:00:00-05:00,306.31549879299183,308.51242409346327,305.06010863117064,308.0906982421875,2506600,0.0,0.0
2026-01-28 00:00:00-05:00,308.94397077805195,310.1993609541378,305.61913082095975,306.7862548828125,2184500,0.0,0.0
2026-01-29 00:00:00-05:00,306.89413330441573,311.2978009577253,306.25663590522703,309.44415283203125,3211300,0.0,0.0
2026-01-30 00:00:00-05:00,309.5912844929312,309.9737709866393,305.57992035072476,308.9439697265625,2983200,0.0,0.0
2026-02-02 00:00:00-05:00,312.8670931827085,313.3770851927225,309.14994911817143,312.4061279296875,3309800,0.0,0.0
2026-02-03 00:00:00-05:00,309.4441538568184,316.6822740296697,309.4441538568184,313.33782958984375,4043400,0.0,0.0
2026-02-04 00:00:00-05:00,314.93650382541017,320.66425358097814,313.553638038349,317.4669189453125,4805900,0.0,0.0
2026-02-05 00:00:00-05:00,318.8301711142076,321.75288998937276,316.741146506765,317.2609558105469,3936800,0.0,0.0
2026-02-06 00:00:00-05:00,316.6920995354696,321.2429078620876,315.0640101736639,320.8702087402344,2831900,0.0,0.0
2026-02-09 00:00:00-05:00,319.6736697271926,321.0271434396113,316.96672230235527,319.3402099609375,2673900,0.0,0.0
2026-02-10 00:00:00-05:00,319.17343735585456,321.69403499639793,317.29036708301226,319.70306396484375,3502900,0.0,0.0
2026-02-11 00:00:00-05:00,317.3590366035979,318.9479166210817,314.642301696431,316.99615478515625,4553200,0.0,0.0
2026-02-12 00:00:00-05:00,323.4888445036093,326.9706119838195,313.9949543996973,325.6955871582031,6499700,0.0,0.0
2026-02-13 00:00:00-05:00,326.10752830617747,329.21659670802967,320.2523032172501,321.2821044921875,3587900,0.0,0.0
2026-02-17 00:00:00-05:00,323.6555982924613,325.6955961666641,318.7517255910604,321.32135009765625,3367200,0.0,0.0
2026-02-18 00:00:00-05:00,320.9780762775588,322.47866014217095,317.60420943031005,321.586181640625,3661800,0.0,0.0
2026-02-19 00:00:00-05:00,322.1452186964208,326.5979437881691,320.664269394394,320.8211669921875,4032300,0.0,0.0
2026-02-20 00:00:00-05:00,321.7234796910204,323.93022246454285,319.69326915597225,322.9004211425781,3862700,0.0,0.0
2026-02-23 00:00:00-05:00,324.0772958830736,329.12827833860575,323.90076366463427,328.1278991699219,3806200,0.0,0.0
2026-02-24 00:00:00-05:00,328.86347140861074,329.5402081591206,325.9407528349469,326.64691162109375,2756900,0.0,0.0
2026-02-25 00:00:00-05:00,325.6171047991619,327.7257637988881,323.6555559750705,326.6076965332031,2812500,0.0,0.0
2026-02-26 00:00:00-05:00,328.43197049924,330.4621810118394,326.7057977042727,328.0985107421875,2425900,0.0,0.0
2026-02-27 00:00:00-05:00,329.1184875644137,334.7873626570807,329.1184875644137,334.5029296875,4269100,0.0,0.0
2026-03-02 00:00:00-05:00,334.5029580457016,335.17969486432975,327.9808134222245,328.3829345703125,4555400,0.0,0.0
2026-03-03 00:00:00-05:00,325.55236644920046,327.6037902832031,323.1952365809543,327.6037902832031,2901100,1.86,0.0
2026-03-04 00:00:00-05:00,327.1796875,328.2547000752257,325.0789629794509,327.1796875,2455900,0.0,0.0
2026-03-05 00:00:00-05:00,325.26637144942697,326.2624970520742,319.6644591513875,322.9486999511719,4321400,0.0,0.0
2026-03-06 00:00:00-05:00,321.8046049062987,323.8165400128452,316.9029246913742,323.5502624511719,3341200,0.0,0.0
2026-03-09 00:00:00-04:00,321.3213272765867,327.1402460817511,320.11809699358105,326.2525939941406,3407500,0.0,0.0
2026-03-10 00:00:00-04:00,323.8264105905106,325.11840002832855,322.2188128676216,323.4319152832031,2391400,0.0,0.0
2026-03-11 00:00:00-04:00,322.5344292239082,323.14590148024587,317.98781576444924,320.73944091796875,2200500,0.0,0.0
2026-03-12 00:00:00-04:00,318.80640558219835,322.820464068594,317.58346102047176,319.45733642578125,2639600,0.0,0.0
2026-03-13 00:00:00-04:00,320.5126238293825,322.46538619542446,320.0194971554425,321.9722595214844,2449800,0.0,0.0
2026-03-16 00:00:00-04:00,323.33328129703995,324.1913168604088,322.0215776388675,322.1596374511719,2584300,0.0,0.0
2026-03-17 00:00:00-04:00,322.84016502708477,325.94685703158274,321.63693474715745,321.814453125,2437800,0.0,0.0
2026-03-18 00:00:00-04:00,319.3192567979415,320.0392326249746,310.90651638617527,311.3898010253906,3038400,0.0,0.0
2026-03-19 00:00:00-04:00,311.64616697568016,312.37601487579116,305.0777164630519,305.32427978515625,3362300,0.0,0.0
2026-03-20 00:00:00-04:00,305.54126218153937,307.0896870956056,303.39123719783976,304.6043395996094,6436600,0.0,0.0
2026-03-23 00:00:00-04:00,309.1608196670225,309.6736605419344,303.8153135981823,304.22955322265625,3003200,0.0,0.0
2026-03-24 00:00:00-04:00,302.1781660913998,306.9121699400719,300.5902826113419,303.60821533203125,2954900,0.0,0.0
2026-03-25 00:00:00-04:00,305.7976912975058,308.63810557546566,303.8744853515359,307.4151611328125,3714000,0.0,0.0
2026-03-26 00:00:00-04:00,306.47824648242255,308.4112947343063,304.5550402979326,304.6832580566406,3025700,0.0,0.0
2026-03-27 00:00:00-04:00,305.4919974658139,305.70897442257746,301.13274409740615,301.6949157714844,3137200,0.0,0.0
2026-03-30 00:00:00-04:00,304.4564336437287,306.5176996178158,303.411007457791,304.28875732421875,3569600,0.0,0.0
2026-03-31 00:00:00-04:00,305.9654007035149,307.395450063394,303.3123766705996,306.5177001953125,3021300,0.0,0.0
2026-04-01 00:00:00-04:00,305.9062411240133,306.7248182317721,299.82104418797013,303.0658264160156,3887300,0.0,0.0
2026-04-02 00:00:00-04:00,302.61211095963284,303.27291396654573,298.86436015959725,302.9178771972656,2649100,0.0,0.0
2026-04-06 00:00:00-04:00,301.8527119678883,306.0442889008324,301.60614861889155,305.5018615722656,1816000,0.0,0.0
2026-04-07 00:00:00-04:00,306.0048084442783,306.0343948401185,300.03798786468286,300.6593322753906,2033700,0.0,0.0
2026-04-08 00:00:00-04:00,302.9376048453138,304.0126174639944,298.93341835809395,302.7896728515625,4155100,0.0,0.0
2026-04-09 00:00:00-04:00,300.9946581521989,306.8234189822539,299.81114210926046,305.2947082519531,2484700,0.0,0.0
2026-04-10 00:00:00-04:00,303.07563082363697,304.4564095392754,299.9985253050213,301.4779052734375,2708600,0.0,0.0
2026-04-13 00:00:00-04:00,300.03798323953134,300.7086282669471,297.9471310375516,300.3240051269531,2872100,0.0,0.0
2026-04-14 00:00:00-04:00,298.8544645953903,299.40676403640407,297.3849568074852,299.0517272949219,3150100,0.0,0.0
2026-04-15 00:00:00-04:00,299.10103932468877,302.7206023224684,298.8347617584247,302.0499572753906,2976500,0.0,0.0
2026-04-16 00:00:00-04:00,302.3655448315679,304.0323154341624,300.3831960252064,302.7403259277344,2334400,0.0,0.0
2026-04-17 00:00:00-04:00,303.08551988617984,308.2436358322758,302.97704646285155,307.079833984375,3225500,0.0,0.0
2026-04-20 00:00:00-04:00,307.858983198716,308.2337642947297,301.74423036806667,302.7206115722656,2395200,0.0,0.0
2026-04-21 00:00:00-04:00,301.34969580733303,301.94145383057173,296.83266875613555,297.6907043457031,2708100,0.0,0.0
2026-04-22 00:00:00-04:00,297.89780013208843,298.7459936293558,295.70831658080516,295.9450378417969,2845600,0.0,0.0
2026-04-23 00:00:00-04:00,298.3416294246226,300.6987893074774,297.7696157419313,298.3712158203125,3064300,0.0,0.0
2026-04-24 00:00:00-04:00,298.13452661648967,298.4303905753349,295.1067216793672,295.2447814941406,3847800,0.0,0.0
2026-04-27 00:00:00-04:00,293.69639842741697,294.4262162872214,286.2008668226613,286.2205810546875,4985000,0.0,0.0
2026-04-28 00:00:00-04:00,288.18324543903753,290.59954812568003,287.02931575825147,288.3706359863281,4087100,0.0,0.0
2026-04-29 00:00:00-04:00,287.29560707638467,288.4889953763427,285.32310025101145,286.0923767089844,3493000,0.0,0.0
2026-04-30 00:00:00-04:00,286.5559193570826,290.4713466413471,286.2403411369755,289.55413818359375,4137700,0.0,0.0
2026-05-01 00:00:00-04:00,290.6488761580763,291.5167538292981,282.4234966797502,282.6996765136719,3761800,0.0,0.0
2026-05-04 00:00:00-04:00,282.38406369813305,285.76690543278403,279.79021259672,280.194580078125,3750500,0.0,0.0
2026-05-05 00:00:00-04:00,280.4904740310606,282.62078508625143,279.12943945984983,281.2499084472656,4007100,0.0,0.0
2026-05-06 00:00:00-04:00,283.22238505723794,284.5340887570602,278.51793735991527,280.194580078125,4807900,0.0,0.0
2026-05-07 00:00:00-04:00,283.87328028108067,287.39421186233204,278.27136863855725,279.8000793457031,6613800,0.0,0.0
2026-05-08 00:00:00-04:00,281.0822252565801,282.56160538950945,271.05201471217,271.9593811035156,6044100,0.0,0.0
2026-05-11 00:00:00-04:00,272.0382677570585,272.9357619815596,268.24121616625547,270.8251953125,5849000,0.0,0.0
2026-05-12 00:00:00-04:00,274.3757168310659,275.41127089547507,270.99284468465925,271.0618896484375,4366600,0.0,0.0
2026-05-13 00:00:00-04:00,270.7265486203554,273.68530871456693,269.483859749406,271.9100646972656,3451000,0.0,0.0
2026-05-14 00:00:00-04:00,273.98117782556875,273.98117782556875,270.52929098421964,271.1900939941406,3428200,0.0,0.0
2026-05-15 00:00:00-04:00,272.2059533951922,273.6853335766878,271.2394141746443,272.5906066894531,3866400,0.0,0.0
2026-05-18 00:00:00-04:00,272.02842637150906,278.9124560016947,271.36762333491095,278.5870056152344,3969300,0.0,0.0
2026-05-19 00:00:00-04:00,279.50420625406184,281.3978260164958,276.43697264124904,276.93994140625,4087500,0.0,0.0
2026-05-20 00:00:00-04:00,276.4369501396106,277.1568957969328,272.60041029648545,276.4172058105469,4056900,0.0,0.0
2026-05-21 00:00:00-04:00,277.18649023579366,281.23013496498675,276.1016356360643,280.2734680175781,5116300,0.0,0.0
2026-05-22 00:00:00-04:00,279.1097158168677,279.82969164350106,276.5553230895342,278.3897399902344,3056200,0.0,0.0
2026-05-26 00:00:00-04:00,277.15689743886645,278.1431507598905,274.878654675146,275.4211120605469,4227400,0.0,0.0
2026-05-27 00:00:00-04:00,276.38764390352287,279.65214025816886,276.00302072751634,277.0583190917969,3808100,0.0,0.0
2026-05-28 00:00:00-04:00,276.160830153176,276.36793494420823,273.70503866724454,274.14886474609375,4115700,0.0,0.0
2026-05-29 00:00:00-04:00,273.96144552159177,277.5514220468564,273.60640877411515,275.3619384765625,4901300,0.0,0.0
2026-06-01 00:00:00-04:00,274.2967709115437,275.05620523726236,269.6416539970195,272.31439208984375,4594600,0.0,0.0
2026-06-02 00:00:00-04:00,271.40090146892226,276.047894393123,271.02360885440544,274.4095153808594,4211600,1.86,0.0
2026-06-03 00:00:00-04:00,273.82368353264275,274.89607817165677,271.3612060546875,271.3612060546875,5011100,0.0,0.0
2026-06-04 00:00:00-04:00,275.8393606350222,276.5344323704757,269.9313720924454,270.79522705078125,3541600,0.0,0.0
2026-06-05 00:00:00-04:00,272.4633513726649,278.77847993328396,272.4633513726649,277.8649597167969,5428100,0.0,0.0
2026-06-08 00:00:00-04:00,276.14714612486694,278.20254379179346,275.19393007874413,275.8194885253906,3842300,0.0,0.0
2026-06-09 00:00:00-04:00,275.65069825583004,283.29636611161214,274.09180186941984,280.2579650878906,5431700,0.0,0.0
2026-06-10 00:00:00-04:00,282.3133457122863,284.4283175375529,280.3075829886626,280.5260314941406,4152700,0.0,0.0
2026-06-11 00:00:00-04:00,280.8437910243767,284.2297278376757,279.056507040074,282.7601623535156,4565400,0.0,0.0
2026-06-12 00:00:00-04:00,283.98150001060793,285.62978787770203,282.02540245229324,282.7998962402344,4028800,0.0,0.0
2026-06-15 00:00:00-04:00,282.2240017765549,286.20567980730715,281.59844327712307,284.10064697265625,4388500,0.0,0.0
2026-06-16 00:00:00-04:00,285.96737089674605,287.2482748968351,283.0779052837137,285.8978576660156,3874300,0.0,0.0
2026-06-17 00:00:00-04:00,283.48503034446304,285.2624055692407,280.9728875048118,281.81689453125,3591000,0.0,0.0
2026-06-18 00:00:00-04:00,282.372942840958,282.75026577228687,275.9684527326959,276.6436462402344,8106400,0.0,0.0
2026-06-22 00:00:00-04:00,275.0450215052318,275.59112765810073,268.1738473462148,268.1937255859375,4891100,0.0,0.0
2026-06-23 00:00:00-04:00,271.9569785156409,272.3144231952014,268.6008287250847,269.7427062988281,3783500,0.0,0.0
2026-06-24 00:00:00-04:00,270.2490987639077,274.111628262771,269.30579152909695,271.947021484375,4698700,0.0,0.0
2026-06-25 00:00:00-04:00,270.7654161401501,271.4108225221019,262.6630039963424,262.6729431152344,6192700,0.0,0.0
2026-06-26 00:00:00-04:00,262.9013072127416,268.87883891906404,262.68285870682627,267.8561096191406,7422800,0.0,0.0
2026-06-29 00:00:00-04:00,268.2830774877338,270.57677173403766,263.72547605148605,265.2943115234375,4522000,0.0,0.0
2026-06-30 00:00:00-04:00,266.3071280420642,269.27601572270896,265.5028472302361,268.4022216796875,4752600,0.0,0.0
2026-07-01 00:00:00-04:00,268.3426623588889,270.52714758685124,267.00218416455726,267.5284423828125,3902100,0.0,0.0
2026-07-02 00:00:00-04:00,269.8816866630309,278.6493835449219,267.955376307874,278.6493835449219,6871800,0.0,0.0
2026-07-06 00:00:00-04:00,278.0834195342428,279.03663566249736,271.64914248858736,277.5273742675781,6744000,0.0,0.0
2026-07-07 00:00:00-04:00,281.79700578361246,285.07373347544586,279.3941024451281,280.2182312011719,3688500,0.0,0.0
2026-07-08 00:00:00-04:00,279.2848686726307,279.6324045366515,274.29037013609775,276.28619384765625,4735900,0.0,0.0
2026-07-09 00:00:00-04:00,274.11164682311124,275.62090819880984,270.9938237820326,274.5386047363281,3605400,0.0,0.0
2026-07-10 00:00:00-04:00,276.2464638812526,276.43512533907005,270.5767719337864,272.6619567871094,2980800,0.0,0.0
2026-07-13 00:00:00-04:00,274.07191085354395,274.07191085354395,269.4150092442901,270.68597412109375,4169600,0.0,0.0
2026-07-14 00:00:00-04:00,270.08030160363097,271.87752471586197,266.426281266226,267.0419006347656,3834500,0.0,0.0
2026-07-15 00:00:00-04:00,266.10854006078404,268.3724473238403,262.2261319781115,263.080078125,6050900,0.0,0.0
2026-07-16 00:00:00-04:00,264.8673642859957,271.65908612945566,264.1127184248796,271.5299987792969,4812000,0.0,0.0
2026-07-17 00:00:00-04:00,273.05911400187017,274.4095008933363,265.3042375883925,265.820556640625,3782000,0.0,0.0
2026-07-20 00:00:00-04:00,267.84619239528087,268.0944279767408,264.3808333748024,265.7510986328125,3693400,0.0,0.0
2026-07-21 00:00:00-04:00,264.6389585358198,264.98649438503827,261.7892191161757,262.0473937988281,3539500,0.0,0.0
2026-07-22 00:00:00-04:00,263.8247802894131,264.0928638006665,260.00194638761616,261.7098083496094,4524400,0.0,0.0
2026-07-23 00:00:00-04:00,259.7338301448311,262.1566117497002,259.118210775137,260.9452209472656,5105700,0.0,0.0
2026-07-24 00:00:00-04:00,261.9282631941143,264.5794022204664,261.04452998386705,262.89141845703125,3703500,0.0,0.0
2026-07-27 00:00:00-04:00,265.6120641785752,269.2561757378411,264.9169924505013,268.75970458984375,4874400,0.0,0.0
2026-07-28 00:00:00-04:00,274.2605667732101,276.73301354861496,269.71290466111174,271.09307861328125,5261500,0.0,0.0
2026-07-29 00:00:00-04:00,270.7058498650848,271.10302070376486,268.34264246697853,269.6036682128906,3650700,0.0,0.0
2026-07-30 00:00:00-04:00,268.58096032322203,269.8817123473665,264.4304686690481,266.5454406738281,4040200,0.0,0.0
2026-07-31 00:00:00-04:00,265.2347431335693,269.15687735136447,263.64602938830313,268.72991943359375,4965200,0.0,0.0
2026-08-03 00:00:00-04:00,273.76410901916006,274.37972838774834,263.35809326171875,263.35809326171875,7440500,0.0,0.0
2026-08-04 00:00:00-04:00,268.4220819795939,269.61362487535825,262.4445801677033,266.4461364746094,7486000,0.0,0.0
2026-08-05 00:00:00-04:00,269.7228633231028,273.3570055075901,267.1114202024565,272.0661926269531,4775300,0.0,0.0
2026-08-06 00:00:00-04:00,274.0520670118535,274.8761957644676,269.8420014761994,274.31024169921875,4214900,0.0,0.0
2026-08-07 00:00:00-04:00,272.5726032193221,274.9159325259076,271.3612123890142,272.5428161621094,4909700,0.0,0.0
2026-08-10 00:00:00-04:00,272.2051960400188,273.8038184768259,268.45184534033194,271.78814697265625,4742100,0.0,0.0
2026-08-11 00:00:00-04:00,271.30162848517847,272.27469252047894,269.4051051052162,272.2151184082031,3030600,0.0,0.0
2026-08-12 00:00:00-04:00,270.0107994629913,274.2506825888297,266.8631892584935,273.75421142578125,4351700,0.0,0.0
2026-08-13 00:00:00-04:00,275.42232020943675,276.4053233190208,270.2292214452201,270.3285217285156,4023300,0.0,0.0
2026-08-14 00:00:00-04:00,270.4079478235915,273.39671367305345,269.3554314697184,270.9044189453125,2735400,0.0,0.0
2026-08-17 00:00:00-04:00,268.3128772878258,268.90864874551687,263.2687435907245,263.6559753417969,4911800,0.0,0.0
2026-08-18 00:00:00-04:00,265.58227506264063,268.3029272358699,264.9567165726631,265.10565185546875,3089200,0.0,0.0
2026-08-19 00:00:00-04:00,264.47016594652433,269.95119608361927,264.21199127302407,265.5624084472656,5351600,0.0,0.0
2026-08-20 00:00:00-04:00,265.68157277220826,269.9611515690353,265.02622723203285,267.2305603027344,3526300,0.0,0.0
2026-08-21 00:00:00-04:00,267.39934074205325,269.33559028618606,266.2177370185577,269.0377197265625,3776000,0.0,0.0
2026-08-24 00:00:00-04:00,270.22922357845107,271.4902796120944,268.6802361138274,270.6164855957031,4115900,0.0,0.0
2026-08-25 00:00:00-04:00,270.53703839509745,270.6760648558924,266.0886764847458,266.20782470703125,3192700,0.0,0.0
2026-08-26 00:00:00-04:00,266.6050082304743,267.161053495718,264.23186158236393,265.04608154296875,4182300,0.0,0.0
2026-08-27 00:00:00-04:00,263.6162484147,263.85457517841604,258.016069453591,258.2245788574219,5980400,0.0,0.0
2026-08-28 00:00:00-04:00,259.48558826868964,263.2289999937744,258.4827371885051,263.12969970703125,3887300,0.0,0.0
2026-08-31 00:00:00-04:00,263.12971047210067,264.1921660095524,261.53108790824797,261.6800231933594,5244100,0.0,0.0
2026-09-01 00:00:00-04:00,262.75,264.5,260.739990234375,261.1099853515625,3701000,1.86,0.0
2026-09-02 00:00:00-04:00,261.9599914550781,262.7799987792969,260.17999267578125,260.95001220703125,5106800,0.0,0.0
2026-09-03 00:00:00-04:00,261.57000732421875,262.0899963378906,256.1199951171875,259.6300048828125,4576000,0.0,0.0
2026-09-04 00:00:00-04:00,258.010009765625,258.5,255.49000549316406,255.69000244140625,4225500,0.0,0.0
2026-09-08 00:00:00-04:00,254.38999938964844,256.80999755859375,254.27999877929688,255.80999755859375,4197600,0.0,0.0
2026-09-09 00:00:00-04:00,255.5,256.5,253.35000610351562,253.47999572753906,4434000,0.0,0.0
2026-09-10 00:00:00-04:00,255.0399932861328,255.55999755859375,252.5399932861328,253.0500030517578,4345400,0.0,0.0
2026-09-11 00:00:00-04:00,253.97999572753906,254.72999572753906,252.14999389648438,252.52999877929688,4096800,0.0,0.0
2026-09-14 00:00:00-04:00,254.27999877929688,258.45001220703125,254.27999877929688,257.489990234375,4165000,0.0,0.0
2026-09-15 00:00:00-04:00,257.7799987792969,257.7799987792969,252.6999969482422,252.77999877929688,4783500,0.0,0.0
2026-09-16 00:00:00-04:00,252.25999450683594,253.16000366210938,247.8300018310547,248.55999755859375,7134200,0.0,0.0
2026-09-17 00:00:00-04:00,250.3000030517578,250.60000610351562,248.10000610351562,248.47999572753906,4941900,0.0,0.0
2026-09-18 00:00:00-04:00,248.27000427246094,250.4499969482422,247.64999389648438,248.24000549316406,9577400,0.0,0.0
2026-09-21 00:00:00-04:00,249.41000366210938,250.3800048828125,246.52000427246094,247.8800048828125,6334600,0.0,0.0
2026-09-22 00:00:00-04:00,250.67999267578125,252.05999755859375,249.3699951171875,250.35000610351562,5016800,0.0,0.0
2026-09-23 00:00:00-04:00,250.2899932861328,250.32000732421875,234.02999877929688,238.32000732421875,16605700,0.0,0.0
2026-09-24 00:00:00-04:00,239.6999969482422,242.55999755859375,237.02000427246094,237.02000427246094,7387500,0.0,0.0
2026-09-25 00:00:00-04:00,236.77999877929688,238.0,235.2899932861328,236.5,6530000,0.0,0.0
2026-09-28 00:00:00-04:00,235.74000549316406,237.47999572753906,233.22999572753906,233.60000610351562,5365000,0.0,0.0
